fingerprint,cluster_size,record_ids
e3b0c44298fc1c149afbf4c8996fb92427ae41e4649b934ca495991b7852b855,13,pdmx-qmamnfbx1bqmkshrbb1wbdw7e9faadtulhwgw36sop5dj3;pdmx-qmb3cvh1wkab68fskgrubdkgby4hkyiasee3hw1kxcdqwu;pdmx-qmckwtabddyhfron3wme8hplfj4axuh7tx1vbthrdlzhfi;pdmx-qmduw5clmja1gnyjvj9z7gqy3zmgaiugokmwgz5ryueasc;pdmx-qmewpazufhy3mejzikxyfpbml5jcwhnhynxgngptcwwchg;pdmx-qmft3r9or4rswuymtgp5buscfeqk8hf64nkujmsqrnkehe;pdmx-qmqlad67a71eia4dvmu3gw3arnbgolmwhakr9etp4cxujd;pdmx-qmru8czvbt2anyqjuv1bgwsqjgcrce5mwgjuihqvpd2ywj;pdmx-qmsqwzwpbdchqs7mthaq1vtsrdpdafpzrfztmj3mcuphvr;pdmx-qmsyeaxrk2rw8uwg9tlnjou6bnzeqg9wp4z9lt6ecjcuvr;pdmx-qmtvutcbjaekbzkrvwebwp6zqzbithwnaercq4zjsatvgq;pdmx-qmvy1jk9ijiwr7gtzmrqywx52xkqrvto3plskvkoink7dx;pdmx-qmyrheizynrnaxtljokf7kjguf2virarnvewo6zgemrnqv
8ec0314ac9613404f7c323533f795dcd29da66a5befc83b11c2bd79807576c4e,10,pdmx-qmazeco6kbbkvft17dumnznc6fglyl348lm83ipetr1dvv;pdmx-qmb4wuvrhnbjipcvbbrqnqikcfsnpkgd855epocidr1axx;pdmx-qmdntwrejzgcl4xtz92ks2wh6mpjem1f7pqrswd3pt69tz;pdmx-qmeckfr6ubx3niu55neo765zrkjjhehybpmgre9xbo7cwc;pdmx-qmpe6eetoruqqmmuk7qabvkxxxss4yi31jv4wyr4db4pyu;pdmx-qmrdqw17caepo7kmo3hwpppnpqqfhdji7jsrfb9qvrjvge;pdmx-qmu6tufb9lu5gz6grqyn4txaoa3uddkk1z294a45joumje;pdmx-qmviryy2anmla28iqvhzrsmkqjrkkh7pagamfnxeb1znyg;pdmx-qmvstjv96e7gxfvves2vrcr7cnhowvh7fte6sd9igwjyqv;pdmx-qmyy2rliekpenopbcnjjxxvgbo1dxxksi97j7rv4vssglb
e9305477b4385e61be176dfb92762c9a30e1148110ac77847fe1cfd091c290c9,9,pdmx-qma2sc8pdqeph9vinmq6gsi1okivtvrhd1lj3dpytrk7ep;pdmx-qmbz5smotx1rkzmbcjbtf2nbxc8cw9uz6q2rpm93q9ml8x;pdmx-qmpry35crltqp9bt3wijiu8yvw5mlfgzt9yueub8knoze7;pdmx-qmqfil6iy9xcubpnhqegr78r5m5g1s2xzbpmb94dmxwo7o;pdmx-qmrcywm8zaot73fu7qspgfzuh8azp8jx7nxzti3guwpynh;pdmx-qmtxdzmec9ahihxwmugcr3fjkyicefrtsglpmqd3fnube2;pdmx-qmvkmszls33yekhaspucilzqw4t1svsdvjalsvn3xym45f;pdmx-qmw2pfe6fddbolf8kj4ssuymecktk65qekkup9hnhlhhtr;pdmx-qmzo9rt9faxpirf43g98kxy27u3d3lfbqo9ugltnzgtkmi
58b9320ee947aecf3ec9b44e98f87791afc64a38e7d22cf5bea59acdf8498b60,8,pdmx-qmckopdke2zgvdh9frfc555ei1tyjxhg3y4rsj5dkhcyku;pdmx-qmrdkywu69t6e1txs2ssjxpsfvhqmmqneelklyoz1q7cal;pdmx-qmru3vn3sgpkreynb3h7ybkjziw6wbprxvkjcai6337ggs;pdmx-qmssv5sz2txrb6yfyqtdafyzcunelyabyvjgthagm9wuzc;pdmx-qmtbt9bb8gvgvam7uab2ghegilmueechnfebs6u8nbtztd;pdmx-qmvnmurht4vbeuwjz4iv8wvwx7einxgygn8edzobiod4gt;pdmx-qmwqgykl1obdinvfimpvtfwyup5grattnskyhvm7twantq;pdmx-qmzettatideppwzip88dhfeh1dyz8pjqnssxnhqcbyctpp
78fcfc217b92845e0f31b3dc60c01ffdd0259a47e6a8017fcd0861262e44069b,8,pdmx-qmdveeche2w32vcixnr2b5qzlsxgqme2aaanymqtyckkv3;pdmx-qme2lzmjbnyjsyryfipk3hkjwsxyfhpbtgfu7intldzzwy;pdmx-qmpoymaeyq3amt9xhpchbjqpnngkbmy6cl4vynw9tzireu;pdmx-qmpppfws4yh8vym7jvryoa1vhkni2rsa1ru6apqc195hzh;pdmx-qmqsfzvumgjtbsv38wvvp1uyju1tdh8re39hjzx3bnez4m;pdmx-qmrcrzmmgkfb7gnmtu6xshda86cjpjfxlcaospsxwclzjl;pdmx-qms6whvwdgd9tgpzzza7idtkuo6zw7eqe62whuxxjpetki;pdmx-qmvrpv8jgmw9nydht9tv6z3jugxceknyotcnlafyru2xga
86770290eecc67c8f77763ed887301cc2a1ac41ebfca92bc86581704a7de6719,8,pdmx-qmcskkyvf3xaybvhxtrdwvtgabyqedruqnmu8kgycdrqkt;pdmx-qmdn3woxi5zbabt4wqraccpw7rddwl1frvrcu2kekcsjra;pdmx-qmqpszcetgxdhjnkjyszsbrhjh4d67bezkfmnmabdlskwe;pdmx-qmr5e8gjehimsscctbt5rhjfn4lbagydux9kauvxhyddc2;pdmx-qmt2wewzilkhc6ghih34mtszxwj2p31vfs8l7yecjehboy;pdmx-qmuzcwbcp1diy5e1jvjihsxcb9xpirkqdbadxddffqthtb;pdmx-qmwdvtvgtzqbuxyumd4bdt3mwzyypbhtccku5dhpdstmqa;pdmx-qmxbpcfddf6kzz6axaauqey5m3zk9eptimuhxsttdtbb6s
c19c00a0e392b2f53d3e31423d977b15ee9800ac9242d20a2d74e6e734f058cc,8,pdmx-qmauygp2hdoqobveybm4yg7aanq8mubjrw9b1zrh7sfbai;pdmx-qmnhhjjvsazksttmn41gx8spc7vpv7m5pe9fe8dugfgwtd;pdmx-qmnhnhfxweq3lmrff9ggdqgfplq3prdh36zdekfjgnjgqt;pdmx-qmrbnqgfjszunxderhgk4wbsa4wakftecwxajarvcfgmvj;pdmx-qmrxwb6dwhnqtaizz6f45v7trsefp5cxfju5htgz6s1wzc;pdmx-qmxpsayiq14gbn3knnrqvivdyn8okrbyd5sooj6kpyvkzg;pdmx-qmygaxtbexjitattvu3pazyeajbosk2899vxyp8ccqkxzu;pdmx-qmywf3nbc3nngxrsx5zt3exhbrzwk3lkbkhftz66xw2nem
c1c650b8cd0addee8c1e123a6ff917946b9c058c988c30b1b35dc968f40c0a7a,8,pdmx-qmd7hf4imlfwfanfwjr9gynzy3vwuqqph4txbnyr18lxad;pdmx-qmehyrc7y3sd38wvztqbm7qjdcgbtcpoamtwo55mwkgezf;pdmx-qmf1czrpsbmtxk7vhzmrlanzh7yoqzgn8bkse62qt7zzic;pdmx-qmf1npq4aaeg85wcaemwxleeeya2uehp2upbqvn7vqfmpp;pdmx-qmpop8cvgjwvetftsre7htmijbrphx4waykvxnddnnxzc7;pdmx-qmtsvwsjfcakxmgn5oc5bob1mouhg9jyruqubz6qnq8mhj;pdmx-qmuvrf728nhk8sthbf8jv3n2sjerqxfy1rxd1j7qo7vrmk;pdmx-qmx6sffzfxtxwsyqznbyghtxktwgf2xfd7wlrbvet2tqcx
5cf6aa1301912a71a09297dc8daee67684089008c004870957f08077e4c78d37,7,pdmx-qmeudgn3jnrd81vqgz1fi8jk4toepoyqpn1p3cdt8zwhm2;pdmx-qmezdys2ruhf94vknkmyc9nynepb4eop1vpjlkshxfgucm;pdmx-qmezszyfjf9syfdtffyr4qjupyocljdkjfnlfqzdmcuhtd;pdmx-qmpdau8ywdmaovtz1w19uv76vpqwrjhvgasg5j8j6dbns4;pdmx-qmqkufpepyh8h59u3pvehgfc9y5hhazabtb7gqgfnrgf6m;pdmx-qmqq3jfetdy58ptnj7epp628ljkdrizgyfefdedwwdakfv;pdmx-qmtcj6m1hg6avamqzawb3axk1eoc3gsk4nsyxmvql6wqxn
6bfb534f29b646e234dc3d659ad0173e292ba2b01c74f00523632a8e67a6b640,7,pdmx-qmbnyysnm66fncx6hnmap3xrztwjswcd3ppjxcxlneexqu;pdmx-qmdk4hswk6h71eldt3di5r3h9qhcyw7w7fehksx9uxjzya;pdmx-qmppoo9fleichsizn5zct1crxd7fnhihfcubwq76z273j5;pdmx-qmpwnudhguhg7hdp7vgkpdrhapx2gmjnbj1zvufmbapqwu;pdmx-qmskhpqguch8cns4krggj7wknrwa3zrjecvocpxddad8ux;pdmx-qmzrwkuswwzkgqk3kkor1ldj7utuz7arkrsqzizdtk5kws;pdmx-qmzuhsdy43gzqkvdu612oxgqro9suf2qfjgd9x2z1yjf2l
99806250fdf43c3140aaa984312f6579bcc70feb331410d16b69f10f48be8bbd,7,pdmx-qmcgzvptbweyqgtsaffuv1uivydxrakmrjfx8nxjhxughq;pdmx-qmcjte9arrxp5jckhequwfil5vzym7xcwc7h8wmes2bbab;pdmx-qmddshtmnmkc9hzgfhhocaoqhpnk5vgnmms2aenz1maffp;pdmx-qmqqgtxhffkxsu1sykacmgtfc4ngqip3p4kiahcskfc54v;pdmx-qmtyz9sumwlubcc8cfyfsfzgvz5dwqqhv1hnhnnotdxvmy;pdmx-qmuouiqs2jssq6pmxavebqjxyjuov6evjud4hjxezp1zv6;pdmx-qmwrdvyckk1dtnsi7blpouaoucrdtjzmgzqcrevyeqgkwj
c5ba06ddfb67c2520838dbe7eeb38a12c3081ae37efb795428b2f9196df0ada8,7,pdmx-qma9tx6nztngkkjd343nvexmvmcpgdx2pvmpnd5mlmumu1;pdmx-qmd6jsgixwqcxrcjjkr7wg1spvcewgf86yv3fmnfqexr3k;pdmx-qmew6xtfqjm4hflkrujnmgqmc7x66umb3zxd7nyhv9gtf2;pdmx-qmfdhg1fsdftzucpohp73lgunzrfiw7euxywfulkgusktl;pdmx-qmqiqgzhoznhqragjrtars49yagownxwydonklmy2crfnm;pdmx-qmsrlywvhqdpeinuphctozzdteyt35ysosox2uzjvp27yu;pdmx-qmwsqeohz9x8hpuqvninrkt8a5jvax3h6p6mhgsq7httkw
40ccf66e49510dedef5f0cf938e218b9e7684c2f20bbdda5a7ae73b9fff6f85e,6,pdmx-qma1kqcdsaeumxobxkp8aerlilyzqsmodmomhhjmvdnvks;pdmx-qmctgtmcwwcen4rp1yacgdvcaazjkzpeunjmhgdtuguoqh;pdmx-qmf9xwselntlr7xtwd6rbr6qlcrd2gctms8jdawj2r3xmm;pdmx-qmfapxybuhkd5ukd3ombgjjxmlejqcpdzmuxnwxdum89ku;pdmx-qmnklkml3yjpmddru4bxrwsymss4mfxa6512ztpwcjttfg;pdmx-qmqwuwuptafzi7heqngppu4hd8luwjfuz8supkv2gwdwda
79b8687f3c98eab12daeac48ad40b9170d5e4e805a198dc0abd213b1416cdea3,6,pdmx-qmnfcq8369xeks91fv7svpfn4wxmbots7onr1fgydic7sn;pdmx-qmpwoqjd3upsdfesvolhqzvbwpdnaqaia52whpvpjgisvk;pdmx-qmtf7bqktuumm9s42llxdjfc3knnurbkvplqvquzhzhpr3;pdmx-qmtqmj7ovtbfi8ycw3whu4fh9m7kicpwx37ptdp7ejrrm3;pdmx-qmwhblnl1wtv9jpq87j7tzujcgv4pwixusstrkbdc4fumd;pdmx-qmx6udvxueyh9juiqwbztpyyoyebpfcb5tpnkcfiv79myf
7e1437c30d73b95ae62baabc0fe69d9e7e7d5c90aa6ca79e1973bc1d6dc3c952,6,pdmx-qmbsqsbp5t2orgydddnuh5ovvgkh5qrfygkmdv5egf8snv;pdmx-qmqegwfuhisus2q8mcb63xycnygrq5zzh2q6ei17wwgknh;pdmx-qmv8j93fkmxxz3xab3ubgx2f8qn72ec7igyuejrdsm6xfc;pdmx-qmx86mmlwrlkce6erymdyp1cxprz6sl9havcjpbyqeees4;pdmx-qmygi6zqyxpuewyg3kpozar78cavngkaurdk3tnm2kvdgm;pdmx-qmzzh9vuucj6tvjn7qfatywv38vrajnv7kzhii4msqyvud
b48a624c2cfb8564674269b6ab9617edbaac7a6c549f173f50925c16af7158fc,6,pdmx-qmqcmcheqghdqmt6oqqekjis6jurusxsj77c9fumaxb3sv;pdmx-qmrtkgysfxsbntgonkpfrkptf4p1lfivdd3hlrribndfvw;pdmx-qmsqbctggzlruzfyx31mwpncjmjt9ewbxvmpwtkkftndkz;pdmx-qmusiqugwxtj9fyzs5nfmaftwwsff8kmd8ambpsnsr45gc;pdmx-qmvtktmr7kfntxax5vfcdw2xjuqb95w6hv5kj8hlsxjeci;pdmx-qmy9qlgnt2sgz8xcdbyymhsiicggutqaxxlkynvao4clfn
df435881417436031c13674924d2ad71e972205525d0faf3bf0b441ae9bd615d,6,pdmx-qmd21sxec2agfhf4ne5fmv7suff9lxucnvvu5y2r26kms4;pdmx-qmdtkhgtxwuhu3pljmkdiw5v3b5bxcfuu8rc7yttenmsam;pdmx-qms25ieffeqnsuwgxkkey38krsw3xermdvs1fa9xtxrhxr;pdmx-qmsabwcvgxny6jrg7h54tfptagxavffkq4fslu9vt7rgak;pdmx-qmyfk1xpskcnqmztrmf6rv5zm3dw7bv5bwzs5cwjm79htf;pdmx-qmzlk8tqxrrue9e7sty9mcyda4nfxzva837ssm6raxiaqw
ea709dd5b8b7eb1dd863d7dbd50ddd0616e5d1eb410a02b07a6b2619de0bb89d,6,pdmx-qmfhqtumhy3lf2b3133vjjss2xgnwub7rtnq12tpwaglbz;pdmx-qmtg3xy7n9cxdkftdcwrrdycehkctk43pp1ychkez89rug;pdmx-qmukfecdox88vf8xp5l3tmrddhz8dmnvtphwwwrd7fjwww;pdmx-qmwnhlk5sxbrn9tkd3nr5xwrga1gjj5f7qxcqjhsvfq2la;pdmx-qmxznlez9rgkywenbtnjqsg8k29vma4whdydqebmc242up;pdmx-qmz9yvxeq78khkyg1ajstaabpm7mgx8byneldbbfeqzmdw
effbd5497acba11b67d92faa963eaff0bbfbc2ff31516d0d17ebda9d5a48c831,6,pdmx-qmcolh7cdnamc4a26ekmlztaig8zeqnyjkkvr1mtnyvqfe;pdmx-qmdyunuhf2ttdq7bj1f9bvmiiee8jtx19ed5i7dsni2dpg;pdmx-qmnha6xyzd5xut4wydrbjqaymtqfd75xr7zivcqy8kdj7k;pdmx-qmqehegu72aft2jsrb47m6jappgrqappndbjwqkjxacwrv;pdmx-qmsyrlxlfrmdfzbpsxu6tf1zffovaewyuynkdlhzgjkfsh;pdmx-qmwzxek65jrfxqcivxwwujgmlvjcyycbayj4r81gyfswgu
0d00766df1ddf527965cdce3c0ac8a4bf4fdc97fc1eab00e03255d5579768604,5,pdmx-qmc6xl58gcv9cf4tx2dxsink5h7udle1fh5u3ykkhw2dxg;pdmx-qmq9yjwuydc2yqqhz8mdvweak48btrf4kxpf2facoleg8z;pdmx-qmtcv2nyust9lp5pafhdjydczh67t29pjqcmhfd4kxktgk;pdmx-qmvchtfdkpn4de7nd7swgsk3pnyjc8yverdofsvqvvvqgs;pdmx-qmxcsdfyncgh8upqwhhfqf9guadxxhisoknanyv85ovxxq
32cff9a0f1b01911a072c90ee863c7f8d9cf8e5eee10493a5f392f81de411ad5,5,pdmx-qmbxmwztaantj7qt7mbhcdct4ykgb7bhzftuz98xwqujja;pdmx-qmpn1bzahvcs5ki3rhdbzowfirfnra9ve7snfzf6xaaoq5;pdmx-qmqviqtrz6adpvhq1xfjrkdtdtzjk2psvzkwrknyoy6nhu;pdmx-qmw2rcjpagkn8i2advuznaggmuxywwmthawkhe3fjmrfrs;pdmx-qmxph2pqyqpmm5afjpzbnsanaer9evxta5njsz7dwitk1a
3d006e38adc2c825e30d94512b0620f9474be51338aa1b270abeb9e9ecebb87e,5,pdmx-qmbnm1hovkgjxiiek1ndwr1mwczpgiqi3wq9usyeo2weis;pdmx-qmraq5jlwy27rkvrda3snw4leruz1qtksq3xcautazczkh;pdmx-qmsx8ouhhghqbs4htkdpkytdcoqekxuqg93kfnacvykdyt;pdmx-qmu3gssea7q1y9nwv3szdsylnz2va1zicuidcekwft17mr;pdmx-qmxnn9xe3fcdfd4k3yccyaifder5wtbxf6t31yfyarkkk2
43086d94c4459495c05f5ca6f771d179c5de350b54ae43e39964bd4d16d7a195,5,pdmx-qmb2rtbypqv9qmi82d16uaaf1rr5zufkxpu7969pccmvmv;pdmx-qmb7vmarpzaghorxq8n6lqmneejmqgdbqnssfuthjmkemi;pdmx-qmerux8aiddc6nk7d57hqddmei7m2sz7f5awir1nhqujmd;pdmx-qmq48p32rbxa4mtf3gpuiqjeyl5be83m7zxzllf3pfartm;pdmx-qmytgnwttrqjocdryz21rmwc2cpniecpeq3thfv9yzxdjk
43f3338d88783c3f37ad5187a132356cba38070e822e06a60821c69e4415da0f,5,pdmx-qmat8uh4bqmdrxtrv1wyq3x5wqrmatbgcw6jquufaqr92f;pdmx-qmbg12ocnwwxatb7zafukmmx1lqyqvyf6wqndyccqmmua4;pdmx-qmdxbctjkuxxufw2qz5onqlhpmstyvq6raaenmvetcpnwd;pdmx-qmuzcksd1cxve8fgeapsyht4hdmss6bebdwkoev4ntpbqk;pdmx-qmvgt7j7nnr3qh5tjygcu6xytbvmx3kucoolnqugwwby2s
5606baec132665ba3aa2e16513c2260350f4e601e5bcd5fe5e07ec1446d1534e,5,pdmx-qmb4ry7xsq25knuafbdydzmewglzhztxkg5p5fiecpk6s1;pdmx-qmbmjzywitxhqbif4keiwfr86paswd9rag4gptkx7ovdyd;pdmx-qmevakkgyarxba2wxzrujdkpfzkhkc4wbbknka4teiwcz3;pdmx-qmeywtdsuedswbwsgbqpp1mchjklkdvatinpojhehjttyn;pdmx-qmtkkza8vryyd1mkmuxey44d5trcqo5wtf9xhg2xzsmvqe
5d3d165e65e0efb4730e57a90ff4da4a1448c93334fc178836b79965f0fba2ca,5,pdmx-qmpfvznsxbyg8taiqyxwhcmfdktftvglhacjhxb5ar3cmh;pdmx-qmqz9wds2119gt87yrjpkh4ebrcrpmamtqx3kpvdnr39oc;pdmx-qmr3c4snnkjnpn3hefzrefzqq5xemq8vow4sgmvvu9xnne;pdmx-qmrsfkyc6p8mub914ntn4by4mmroz8wxxynaejzqnukcys;pdmx-qmw7y13ptnfdutcbfdshxgfrw957dankickfw6wh8knr4m
70c3596ed9b276c806b568070b1e225c4deee25ef0d63a0323fee7695b21d2f5,5,pdmx-qmantphn3ikpxdj59xh4u8hr2iqkwczqi3ugm6k4n9liqr;pdmx-qmezumc4zxxr5f79mfmdxeupssphyqarvjix8tceyepqfo;pdmx-qmfrs922wzmj99ye6bbrnqtgsszlzzua3nywmkfelkifbn;pdmx-qmprkcddjtfvbp8xjupbjk9ceduqb4jyj8sfwttfvd4txs;pdmx-qmrnar2dzpmeamnqcpk8dz3ruqbftbl5mecafaar6edztw
83ab524f994a89e551bdf2237ebb4f96e74f249fb516003454a487b1f10a834f,5,pdmx-qmrb27sqm5kwz5tdinnj44upwxzbimsgj9dxhvqdgueopb;pdmx-qmrcc9d286fn7nwrokdt8espynnr6wpxn8akwxjgztykqi;pdmx-qmvfyayzvkt1fim8kv7xno1e6e5kaf98fdtqnqmtegaqfi;pdmx-qmyhyppauagtq63ygdktmsiz1zc13djrsmhgdnngi4g1sq;pdmx-qmykcbmsybqjqeeygfhy2cqx3wnd98nxdzpovumysbu6c9
92b3937cff5292aa866d647bc5afc209d1440526afb282142dcdafc729324209,5,pdmx-qmbv2tfddjtdsmup9tdc4k3ldk2k5cxpagszngusmcjaz6;pdmx-qmxfds5adkbtlbaqga1m8jh6g5hm2djlujhotcmcbhy5kv;pdmx-qmxyqatyrmevzfall45at3vxdyzr1vukwtzfzh79cptfpg;pdmx-qmyvebj5b3v7nwwtlxpveakdz8uhscjcghsvjjyjbjdf4p;pdmx-qmztrudrqcjetzrpxfq8ipwhskuzbtr4rxxxx5a97wr76j
aa601be5771231242f6b8f515d913a39db1bf44089783ae16c397ba32de066e5,5,pdmx-qmackhblzpjg37v9ghkjgbfckyjnv8rl31l28rcjnw4jcy;pdmx-qmavzqnwyfngnrhhmwmzjzdiweblyto9equryrwnvz2tvu;pdmx-qmcc36xufxecq9dqwzgeotiwkvvzxji7ysf3mukhax55b1;pdmx-qmeulq8gcezoqxszmnegstvw7ec3oblujgyhfph2pinj2p;pdmx-qmeycczhzfgfceykhcchakhfc8kxktgghuqthxqk6luqqd
adc0afb60e17447f25f8921c842d0b18e0f4e997e50a098fcfe85a9bd79c41e9,5,pdmx-qmb2dutypjvhw1ranjw3vavuqce9xgb1dfhukx78nadwu5;pdmx-qmq8lgl5dpp2bihfx3xs2vchxuysqsw4yhrz8wfr1conj7;pdmx-qmvyxleu2cmxr11clpm3hkxfwvg6eamrzz83wbcfuj3lwb;pdmx-qmxup8i1yy5xxzwhltkzku7sqfn9vvddcozpcexyrvd64f;pdmx-qmzpcryh7wzgdfhx4aky8g7sx8sjwvfkb9avjsssstf7jk
bfb97a13b0feea25e33231d5800a316ac6427aa21a506968774dbbc6450319c8,5,pdmx-qmbp1wwydym3wbqnpp89zgzwhxp9kd2qmnwghrdkw1egus;pdmx-qmf4yuxuebkeroqs68ocxd8y6vyo47fvsrjjlg8wthebgq;pdmx-qmwsxyqyiuzuydbjmcwgvn9lwmktjfdvduhdaxjbbb3mzp;pdmx-qmxasvg1wvvewouwmv5h2nw9dpmtcpjbjdwqe2lyrzymne;pdmx-qmxp2bbbwqccuvewya56mnaerkx4u2rodaqebvyztxjvuk
e4b13176ef6bb2a95855de9a68162f98d61699400d88104ec7d661a9f19f9590,5,pdmx-qmddlqzpscbfzdpvgwmsnqa2wjdnws6pw6l3unkgnjajtx;pdmx-qmeo7z8ctlufo5n3rjtegul1ftbjnvrntbarje1sxmmfa4;pdmx-qmsqolkrfmnqxxgjtsxzkq1hwdlnndl4anh79iynq9zbzu;pdmx-qmxpodznfhy4n6t46sisdyzjzkoao5qfvdhxcgutcn57cu;pdmx-qmygtrhf8qhmjyz5a68fvtqabmi2915mvkgvmmclanyxe5
e86aa70d28f6210176ac3e073cebfb88aed19386dfa4f66ddf85ecd9d2189906,5,pdmx-qmaaoagptpxas4k4jpytadrt4f3ffuribmjpponkcyxkmi;pdmx-qmaxev9qfyd695uetxcmsx2vghbai9vjjptpwsiyuxgobt;pdmx-qmpejvhgqa4u2vsymwkg8bqw97ilnzuppdjrc4lkhi4vnt;pdmx-qmpzcnkjsz8ehxaqct34xs9lx5ygfrbgl3eyhaclfxr2jk;pdmx-qmwouqbperhra6sohhdr4ebrznjqjfblfdyfvbnjydhyc4
eb9ffc18fe5e27d0833169e4d8d0622e6e4ee2789e86899ba40f1ed5cbea2bf5,5,pdmx-qmduzqdftuy7demwyx7uuwa9zwdfngyjdkfvukg92zi1oq;pdmx-qmpg3wtavgnl83qlmgbdysfw7g52d2kft3rmhqycpxqwiv;pdmx-qmqx3ezhair6oz8aqmsxup67ufkh9cthjhvpsfh3ddnvih;pdmx-qmrcrz5d5glea7tcegiymu4vjd1zyvikvqhj4anyfff8m8;pdmx-qmvee1adqurqejs65eswo3mkcktlrsgwtua47tc5ssofke
f6247478ec4a88ee071e929ea189acfe808c256cce872685820c0e12fe14bb52,5,pdmx-qmbcbymuudvyeja8fwijqgsu7tmzn3qs8q6uxx8ukx4znv;pdmx-qmqdq2avdad5rt2n4cgv9w3vdjdc9fks3hym2oxtyhkxsy;pdmx-qmtw7pwluygcjgjawanojhjjtn8djv13fjs1svbxcz2v7d;pdmx-qmuzwfea8iufwlrsbrqsaxz4kcrxmnmpxcqbv9dqvkn3tn;pdmx-qmzpcrpgtugaklewwbuqsqm5t2e2pmhg8ruddwfzzyhyf4
fc12b2633ac8057bb2e059e083562eda567d19a7d67e8f8d505961f92ceda27c,5,pdmx-qmahz8frkukvucaq761q2qyjd2apwbkwucpqqjuhysp6jl;pdmx-qmbanmeqv5ygadje7cdkzyexxuhpkga1bpex3jwibbdlqp;pdmx-qmfefb69dk5ti9nabksaunvrwcumqfxc6r815jljok7zc4;pdmx-qmtuhfkgtpg5rxhu6pprsk6oxf9n78rd7wngewibm3r5ev;pdmx-qmuolcmy3aijvafk6uuo1521jctdmintnpslfzcbguayhg
06953aba1fe3c5e5f8fca49d06e68b5d6a24314796603bc195e623162d405ddf,4,pdmx-qmcbfba1aqvyzbdzgn6ivoxrvjqhgyv9aynnvi53stsvir;pdmx-qmepnhlsirkemnaga4s5vmjgjjz1ztb5wqeryzq7zk5edv;pdmx-qmpcjtmq6petaw7kiabvcy2ees6bzbmfp3zue1bdjz7g9s;pdmx-qmuanirlqf9tavck8qzaej6x3w3ccak3kn4e6dayamqna9
0aea71c1aef879894930ea8a4cd926e6cb1c5272a28d31c32da5d17f33d8eee6,4,pdmx-qmc9usumevcbzyzk971bdrr27ba5yam89ek1sclyekeyej;pdmx-qmrnfv7senimcwnygtg4vnjuuvfytqaewib2cjxenwxiw6;pdmx-qmrw9betwt2nnabwjnszkmj7kpgjyymnivwdqj2pcfjkk9;pdmx-qmvtewvkaxskx3oksjmbj9joq75erwgqkotrroc7uowzjt
0e6e03b6fe7a60bc0f0e0d07c8a1fbbc5448d6fdcc538454d40c6d0bb94562e6,4,pdmx-qmarfdpnyqshfpbuta3fgdurn9mvkqx4bzbtrrkhf2pj4q;pdmx-qmrcp79cmkwmgjjfhzruhqwhztvuslanzmqewpemchhrqq;pdmx-qmyrvc3mheytmvav7pspuvbgmwwrfejhtmcnpcvrzvkebm;pdmx-qmyxjyugnzgkju5jubgqdwu5qzwcmdgu9gmjwdjjcpg9tz
10d9c642f6aa1b241e89d9defa35dfd3e5097e96af6a4c2802314d612004b310,4,pdmx-qmndsodfuuffryym9stfvsvhkpckxbvywgb2k7vfcea4cq;pdmx-qmrk3ruudb65vk3dbuz5wusxzyrwqca1wujabvztgfoe8a;pdmx-qmv7xxsbyrbn9p4ekhc46dnib6fpqewivfqtnbjhktect7;pdmx-qmwur3hujaz4zioqkko5vjyzavswh3sczdtauagbtftfxj
17f40399874901004712cffede5de5c395b6424d193bd9187ca083b622e03a90,4,pdmx-qmcavc9ayxqffeqyfww2xcdvdfeydpdlyqjt6ju7beynpx;pdmx-qmnirbzweyn46s351sj4tapsjnslj65b1edxgmx9ymnu1b;pdmx-qmsjyhmcatljbzfwcoctfyqwx45aszpzvhhsywzvkevie5;pdmx-qmxvjzvhnlq3bo6zlmz6t9bvbqhaatr2ivr4xv9q63lnef
1f672c3f3b948235d7f1ea36a293190c722d8a95efe229d6779f05a07242d0e1,4,pdmx-qmbyjhykztj9c9ec8xktgiwnnuxbvtbicqdp8nijwrjoeg;pdmx-qmnsqvnvknearvrv9tef5eoztuu9w4yf2gkxnwgrb77wmv;pdmx-qmugckeb6vep9tqrzwwwg14r3la3qynyyyeb8azzpzsptd;pdmx-qmxe6ihudhjkm6tdc7yppjpdnd9sizfiygnamc9e3wsmas
3c7f111c5110a6e0de156ea19a078dd0f47263bd21b021b6f5b8e0adfc567ad3,4,pdmx-qmpc4e6acf64nesufyq4v2qovyqdvnjbzghxmvtgenwsyz;pdmx-qmr7dd2hovbtkf3zadhc2z8vevhkxi4wvmhxunzenrpwzb;pdmx-qmrmxmwfwwhds2gc2gfqqxtchxephdyvtryi8yzjcb41pw;pdmx-qmswcj5wv88tgpgbpzy6ixumwmwhpauzecrn9scgbnu78q
3d8cfcdbc2c355b4ca8c09922df452fe65218a4068629e73758cb13f98fe30ab,4,pdmx-qmejzlblcu2wpyl8sztapzcpaqng9rumv5l7wjvaslzqbe;pdmx-qmptuuq4yb6jxn54zhwpjncm4yorgrozvmy5v6cujcsjnb;pdmx-qmrrmy1bbsrbjqabqxwnpx1d94ncuwtvunyvi75ahse8ph;pdmx-qmv7rd8ycbmkscahxpoedv9feroeehxojh5lgf6aqmgc6f
4020e656ad27d34d8d5d8e478f99e78bbd4e7b44c1afe1cfbf2e217f67e91672,4,pdmx-qmc9qmmrrm2tuyfwbhypnnvbbgzbn8kpe9kv8wmxbkc1za;pdmx-qmvlvvj31d7ebm3oisyresqhnykjj5gvjyrcndjxx51goj;pdmx-qmx5hl7beyvfcyterzoqmhywdupswjkrykckumdcmqsyuc;pdmx-qmysyyy9hjhps3eyrewec5do6lkvfvxx6szzgk8apnvnhz
41827743a367f6d1b3dd25956a5b29575e532dd505178a4bad72f876282ee146,4,pdmx-qma9yg8se1tqenykh5s2s8haziscgr3ce44uyaauyhyrsg;pdmx-qmaagrcnngk8nydvuhybqamn9bhesinknjccujenxfdqfs;pdmx-qmwcpeg2brqkkqqmbqzjmexnvirtklggk1ebzkaxn8mvzk;pdmx-qmzev5gacpbgmrkwgrggrn51x4rbs24ki271mjpekyxlba
4197d20fc77c6278a769ddb4b3b6143aa137cd8559c47d8b907b197d0950a0da,4,pdmx-qmd8gd46exi6hhz98ahwunx91a3nm2dp6bx2egyeq7cctk;pdmx-qmdtbytuzhug9phypqfdnry3yktpiywaepd4jh8nupisj8;pdmx-qmwkgpednpeg5rsbuaeste9o8rvnxrbjrhjbo1rmczbhh8;pdmx-qmyjdff5rybmahm9syubkf8pp1gduitbzalvtb5kzxrpo1
423dfb0e4c41734fc68df6a74e7ee9c0c01f7fb2401f5812112710b21ad9f8de,4,pdmx-qmf1dwbe1k2tv7qef49l4fbvxt4hzrksnz4pydwzhrpufy;pdmx-qmqjbopkzazz9weuygtgv3repggjlckap52jbwgb3hatd3;pdmx-qmree398b4ietyrznnnrzngduq4gsztmqbqcuirtehhurt;pdmx-qmvd8fzpftsmveaf1keebfa13gcbnz4wp2ay29lms5wpeb
43efd895ef625a7d24305061da2d61975cce26be537646760c26f2f3cad445a0,4,pdmx-qmb75bppyhmaahzkbg3l4stwsr55ksxm9wr6ecwk4szgj7;pdmx-qmexlhhptwypztjytdt3epopneepgjuhpxs6mlw8owfnkt;pdmx-qmswoayfm2jd38s8zjbnecqwi73hwhptgazjvm5q3atv4r;pdmx-qmtyjxgoy6rmqrxqg7nwjhfv9jy1qaptce8amnyug7rqa5
46afd848bb89c1a9300c75b0a03ae9c2b4611a76eced4a24e442dcfa75dfea35,4,pdmx-qmduzzwn5ceomcbhjugwpoqvjsa53xpbki7pges9ualycn;pdmx-qmtwgqqpyjtjvhbadrbyzdk4r1mjcwcvzrtgnis95nvwkr;pdmx-qmuwrb3kilmyinlrpzfuextwpqrc7fgubpm3iyre2t9cw9;pdmx-qmwgsyp3hhv3cy2bqsugqze2i6ejk78bfypkmci1xu7qdg
4900c9a6974821b3adff49cf57913450d7c3d8ad69041cab1379d51138057359,4,pdmx-qmayxqbgqtd1aibnxyejjvxy2s3j8ybkazkxda8zvkcye9;pdmx-qmpqjq2uniaxrddryfqwzgywcwsuy3wdo8lqtnxa5c5ot5;pdmx-qmxmlueeaes2bxe5mnvkgxaghbdbmudxojt33n6py79qwr;pdmx-qmxnzdeoc51rbpm6ngay7hggqp2myrb4859w8r7uvnh6fx
4978b50643b75a85a768a0916fddd5747d278872b933203877f4582a4b80d35e,4,pdmx-qmaagxrscgvt1dfpjjjhqfzhfsamtwdmndhoxh2q4wrqgk;pdmx-qmay74mpaid19avfl16pgmi4rnugyf9hqt9y8uxjnbswyu;pdmx-qmcppbx2lc2fsvfhznktyeeqaf5ekybfq2dc8nicgu5zse;pdmx-qmcw7dnb2utbwktkqc9kykbyndkaw1pmswn8vtr5xsdvs3
4cb10f61a6d90f09e304f66ea02cb8a52f146bacd6de0c6bbbf0d3e11ed673c5,4,pdmx-qmbfnwgrtx4yrk7wzptbtlqjxmanv4rhwe3us5f7gxcngv;pdmx-qmtmug7z1mmetfgajjzj9m52btzp364oz8yv9u8j4n1ekk;pdmx-qmxe3s5nnufxnqc2vdbnfchjfsrvbxvinesscshzxccarr;pdmx-qmzahzv5xaygudvvvt94wksnlenm6vn1dnrb5oncfjbfjp
5b376d6adb68959dd51868877b7973f4acdce28ddf6e20426272b364b6a436f7,4,pdmx-qmbos3nkvg4ijps9nv1qmxkjiwyfqkpf8ce1jp9mxthwqc;pdmx-qme468pcepk2bd3v1kv2hncdxkequcyzsax5nuioon6ati;pdmx-qme5zvd2g5f8mdvjijpaxczzfvjfgu6bkdabtz6gjazlbw;pdmx-qmtqfpwpychnnwfa9syinnbqtkj3hgpedgnyvhkuagvqx7
5b8dd8ac5fcf132c6f5a8aaecf44344a26f0dbfc3e569e27b43613c19fa07f38,4,pdmx-qmaesmczfyihpg8ym7wb38qqdfoafgw6bqspghwzrufaua;pdmx-qmnrarrb6sutt1xm48zwht3hmb7zhvn1ldhmwo9dhqrbpn;pdmx-qmryvudoypqt3fub2vcefunmafuhc1wygyogsa1swpv5eh;pdmx-qmxokeku53adqxd1jmsyvyspqizwymzmj6u63v4h6vdirb
6310f0216d8e72bb3740ee18d5215591296fc98d07527cf892505ce981237b78,4,pdmx-qmrskhfgjwvhwgxrazs3que6x92sjxvdkvxii3asznhju6;pdmx-qmtjzje67rai7a9fcjtxqs9dywvuvmntyiqt4ahbmqd3qm;pdmx-qmwb282uohefguwy89qd9albzncxkgs7lstqb1dqvhxp5r;pdmx-qmwhdrt2gkpqkcwdbywfmuvzphqknmsro4uhzuauzohsnh
636f046e8021216455ef9596c33895b2dd01536ea5014c0fedcff7f349722337,4,pdmx-qmadr5cwl7za2sl2qlptunbh23x1eyehn7nvpuhfpndvv7;pdmx-qmamshvruwpigvff68yv856ji7kbtht4s1v9am9bcftyad;pdmx-qmufbopbpcnsmera7gavnhw6npcjajxksrgur9a5oqogvd;pdmx-qmwjfb7nzpj1ntexzm7qggcqkfjwf5anxwgzsxkxafhawu
67d08967492d759619210024f6ea076e3a25675d91c4b82106225c70c861bc0a,4,pdmx-qmaheqekj7phzov3kmqignytrp4otvc6gah3cyccoztztt;pdmx-qmdvl1mn8ouchs73fwxjqostxcwuqhvxayjnaw1oascbfw;pdmx-qmuzylzb9ef9hnq4fwbkr4nbwsj94ahsc94hf7vjn1787f;pdmx-qmv61bwtl1zddsghrqzv8oaknbhuxhutc3xw5vod93hg4f
6f4f72c9d4d8bac0382fe85884806e7dd3d2aa859ff7be54b719be7f119c48bd,4,pdmx-qmq7kjeqxm2hz8kz43kgxpgvbjy34bcqvcfjzwvp8te1ag;pdmx-qmqexubn7axbvvyy9xbuw7taddchw47bu1flq4qvf5jrc8;pdmx-qmrcc5mcqm1trqwsdfhfgxnuahvbf2vmddkz26rxk7ad3d;pdmx-qmzlr5te8emmhxgwrzwgzo4uriecgjtalvzckcdcpjtzvb
770c022ef5290ecc821b71a6a33f197c9ac882cd70af653833bb6754a3a8b67a,4,pdmx-qma4bcow68mmruhpj422qeynvfxbymz4uyonpu6bc7biau;pdmx-qmadpczlw5gl1lz12k5fmm8qf9aektjzcmwtha5wqdpywy;pdmx-qmecwmng83w7xy5qpykbttqbgo4wj9cp8ewkwyr6hdad5y;pdmx-qmnvr5ud7wqpyarppeqetafekw3rufetv7jps3ykokhstt
77bc1af946b05205d58e0e4fc21a15e5d523c6b1cc36cd123052f303d3265d8d,4,pdmx-qmqghsmkndgk3zjsmnzcnhocdqkajobno2h22f4cyaakhw;pdmx-qmrmofgeaukqggqjwyvbwincbufdqc7gv6hyq7tgph9ywx;pdmx-qmw5ivwnk6jui1v3exw9lsszsdjzkk3eajvharutkfpxns;pdmx-qmycrr6typa7otcwkhgkxgshvif2wa1xgcwyzjpprtnvlk
797880baa2e5063b5c835bfa2e418aa45b36a6fd42b45076474b32e832f92df2,4,pdmx-qmevfizaycscy9s9y56a52fkosxgb1qojo5zhj1rffhypt;pdmx-qmswb6gpofbe2kal6anbzebyzp4de8xsm2fpumstjm3qab;pdmx-qmwvaargnj8dbylc5hqa5ixwpunybcm3ysgpcsqxmkpz1n;pdmx-qmxytqrmvq8tqhmkxqbfwwvzfbmpky56fku4r21hovyc4y
7c5c29c13cd188526f5b973274899102f28574b29e0f48ca996978f5599f4ac6,4,pdmx-qmau79xyhcrkra6ttgt9jwx36vaqfdam2g3fqfb9qum44c;pdmx-qmbhyljtsqsbupjeuvezpo6cpnby5iyiwlcypbt1swbaj8;pdmx-qmdmc9d9zmdepeqh7qvwbjlrialdhk5jbqaju4hxoflmso;pdmx-qmvyqjdts5xvrsbclsdyur6hyp5anydqye6mcpskjt7eab
8163b41dba094feabf9b3d2e70d03d5987cd6532ab9d22b6876fe5b4f483c621,4,pdmx-qmdj1gycaglwzpmwhrfjyrrhnsqarva9veyfs7dk9qz6jk;pdmx-qmq7vpqsz9csctf3ufjm12bnjiunygezzxkmx7trdj8ks2;pdmx-qmqb2cmvqhguu6ruwtf468zakq8b1jqctpk12s7jcryssq;pdmx-qmxboaddgkscl58ucf8hyigeneuoubxn2spekxjitbn68x
84f6c16777dfff4d53b84c171b92d9af21eebb52ec00637255033f71ecbc8948,4,pdmx-qmdu6otmukrh5li193whzuiksuvwqtvi5dvzzxpdbxrtf9;pdmx-qmesvljdnd5vvjdaj6vxsex4vxevpld3zhbvp9uy2aqctd;pdmx-qmnovjexanwyujdvyftewdrjtfjejmsbq6nqkwvddn53xh;pdmx-qmuufuf4fleembbvkj2mepw9w9sfygm29uwqcn9rmjwgrx
8652fdb93943dbac3953931f4ef16339e5375aa6674ba7476411c5b859a230b9,4,pdmx-qmnoudlevo2q7aggyjszjmzwghsuwgnyr4upzuystef2vu;pdmx-qmqcdrf2aps8b9rrij3adnk9muh9kdqdyvqtpcqgyo8jij;pdmx-qmya3s2zjz3wsv1udarcy1kcaomvwxgx32tuasp6gukrsl;pdmx-qmz2vkadzjwfxorkvlyirrqxatgomvefvtw5x1laqz3fid
88cf224fd6c1be435ee15e969b89d1aec4c0bf4d85b0b329417393ca68699b2a,4,pdmx-qmddvkzkabtbmh1tv37hth34kndnuwkuhhymhzaz62e7kt;pdmx-qmeb5vgstqtet22dqongtjxr6yrsr1q6pyszi85vqtbweq;pdmx-qmvrphsixmbqq1xgunrwcffferqakjkh7lfnwlu7mrcva2;pdmx-qmwuuqwzdmyimmbafgmevkuxefbrowvtbjk9kebvz6fu1b
a5cac1c55561c2b67e17a43df610dc10f95f3e9c450c3053dce52393809494c4,4,pdmx-qmrrid8ku4z8ibbmjbcvyh38gequdlunszyrdnickr8xvm;pdmx-qmtbzihhqajt4krm4c1gbjsp4puj5s4zp5yc5dyscuszen;pdmx-qmxeroxcpx9r4guuzb45yxmasmvzv9n8t8cr44zuzxu3ze;pdmx-qmzbecaw6zdj6vwa7ldwq1bxbbyef5sgahjuaf3ke5gtgq
abbbea4a9aeed645ca7a2a3fdff9810bc42407b1ccf3dcccc886e4e2180b663c,4,pdmx-qmt65wtygfjhinxgebsqjcebwtpudc2gvx8yaqteok7ma1;pdmx-qmuzeaqzfjo8wnj7136yn1tlim7jun7askq5rteh6xurex;pdmx-qmvhmn7xukp5qgyli7etutzvzpnal8xghkemwz6mgijvk9;pdmx-qmyocbtlxzahkeozjadwaml6ezqnelf6mflzkdmkepaadm
c7489ea119b4cb7702b264588f301255965154922832e03d718af6a4e97ae583,4,pdmx-qmp5ma6xpafh4nzmkdxih7u9st8trercz5kallbwwrkztk;pdmx-qmrmjekedzp4yh9prixzyyjbps58meenw322hbydyrrmhe;pdmx-qmuepbsbb8shxjooj64shbq6nbkfrmneewc1gbcznag1ta;pdmx-qmxj3e7xv4bwwumfepyg6wfqanaxsmskgknzmyragfrvbn
dc00d2c564dc83660b520e6fbc2bb858f8cbcc4a824e4c9ddc48c0fbfcdbb238,4,pdmx-qmdmakf88gvu8yxw97tp4p4eo4agkk2sumrwhtpkqemyvp;pdmx-qmtzrqtzfq5fp8xg9qdz9ytbg1zxgxboycqec5pw41dkbo;pdmx-qmughdtfyfthhznsm9cdznprteegjkbe2fs2nbqgvvrxoa;pdmx-qmwfessn8q8bpznd7ut2zrlymfwjnqszhggbjc4kwszvgu
e2741f2725f3bffa1155e9985a14a8756b5e7a0cffd30b1586251c8eedc6f1a3,4,pdmx-qmay7zppmhmfnbwfbjgran5bya2yl8kqqxwqg66lwqgqtd;pdmx-qme751rgjrhu7iwekjyrdax8hnj3zk4rdupuen8u5l8fvt;pdmx-qmfhghphskdwke8jdaaub5vp9gyw6x3bjt9pkojmjrd2ri;pdmx-qmq2iqtvuen9myvwrjnpucwdzcb2btb5qd4ayf1hif6hzj
fb1bff3d24a2a79091096aa19158473fd0a535d5f6df3fe467a099137e130485,4,pdmx-qmfh1bbqaewzkgdng5mtbxbs8dojeu8pyqajschtbbrccv;pdmx-qmx1fxeacndvfzr6fzymqptahjap3kyhv41djxzzfcnomi;pdmx-qmy8p4ucwg8q3tjshgxg7rggcusfrgwdcs99dvtrcwyck8;pdmx-qmyuum4rdqaws1st4ecmzbcwxhcmecmt8dnm8zua5uzgeu
0bfdb4f66c48d2dea6808442bc3e2d992f8b67908266406514687a7ca138a233,3,pdmx-qmcxniekezgcg3wlhowf5sh9tekz4hrjvgxusdnb3dik15;pdmx-qmunzcygfcwxeinjrk1e9dynlqtbxkcvgjcu85k7necwnf;pdmx-qmvsageht8dsq8jdjrtuwzg1lfhgmcvwep4mrkzrjfqceb
109b59dbdb2ddd05534005dcd1fbc2804f8537ecc3d299ffa054a16cfcc319b4,3,pdmx-qma9jhorsbaicfmdgf4codwcpefqxwwncj78cgpvcdqaxz;pdmx-qmrkfsqh2j9k4g69oser6pntujaeosikwut73bprvd6sxm;pdmx-qmztnqyjz8jdbyyrwxo44hrkrqywtieqq6xewuxgqraexq
19268f3eb108cec0b67e351946a1660d3f916e0b107746e43849aa019dfdfe33,3,pdmx-qmnqcxjvglswwhksjybtwt7hiyseaby624xvugk1ujxdhd;pdmx-qmvarb1nx7t2ndb8iavdutf3ltfabvbwezkykagvdipykm;pdmx-qmw24x37ipnoswgh2p3jdzyzbqgu1nfvcuxv9jrambpzsn
1f2a9ae6db33684b19117d22be03b87bc08751221838c06b65e5e613160503af,3,pdmx-qmb4ezwmci79gbonq4mbdgswx56frbt7uvz91ftjsnwqhd;pdmx-qmdwsqca93k5pnmxp1y1wopxs8pukrlclzfm2mma537ne6;pdmx-qmrhdfmcmapvskppy1uw2jkokv1hinvpgymvjnoxwe6yid
1fc6a2bb3e9b1d80008c25364d0867fdc8ee6a1b83eb158ebc7a22368d0e93a4,3,pdmx-qmun7ctdyfnqmdpojtnxguzcnu7w8zhbf71dl6beepv2pz;pdmx-qmw5q5vwvoguezrtgh1hton1s18amqegypgqbcgpgthnmg;pdmx-qmy4tr4rwvrnrt43ckxkh6cvbwoc8xjujsb3zdtnnhquty
234ceffcf8c7366620f5d5f2ee925ac6836c7db7eb2276b13b15fd1385684a23,3,pdmx-qmcgvxpgxcz2bi9usrzwvvi6d134mczdefmawi9wzctyoj;pdmx-qmdiiasbewrhabhjbgzghxdrtnzpvqd8mpdfmvdn3vc3s2;pdmx-qmzu65p8bp6wtczeha5hd94kmyb8pxuma9u4xef1owrdfa
29cda7acc9200ebc66f4c042d4ed71e9bfb69ddca762ac8394cd9351ebf7b431,3,pdmx-qmnsvwiyugj2crkvqoeb2tapnhgvwwzf63uypy9yn7wgax;pdmx-qmubgwekpogmizfum6qj8ngic7evqdtwtnpd1gffpluhfk;pdmx-qmutcfhdouvcrsuwczjngsyuzjnttstsqf3btbtsnpd2pv
2a6ec6a488eb775a06d9567cbc3e4c9e560402c9aaca5143af00fe99400fcb2e,3,pdmx-qmnh6spuaj3nhsjzecm17c9tiw5cff11oygsklrjjvi9vt;pdmx-qmst7dij3tji4hqgjjxrjku32oskehbzgwmg6z3bavw3oo;pdmx-qmsxhrqdk8sccbpv5rujuaegwfwtspefpktffnxvszqezn
2c8b112e4fd96524b0f0b631b693068755b323c6833559c2f49c19975eb72cb5,3,pdmx-qmbzdmwaaddf2tpfnbz4jzxqpvmh5ysfhxmwjcpp2mqgu3;pdmx-qmecgv6vmuypx95eams6cppqphwhdbqxnv2uezq8fdh3gr;pdmx-qmftp4nnedsfakbjwyvzgjqhitqzfdcoooomb7zzplbzs6
2d82666dbed0b248a46bc5126dab00d830421ab4276976c0cfe4c436eb086edf,3,pdmx-qmdzz56o5psmgkey6mzq7pkhhlntpfxoe4yxfjpdaxlzv6;pdmx-qmqg6fqgcp4ifr4vrotksk6szvr9hw5s9ua78pjxdemton;pdmx-qmuljwkp1nxsh6uvuah6iz98mhcphounebfbo9azhrpdhk
2eee24d3cebd5ffaaf068ab0543bfe0ac48676c753bc6a14bc260fafb0db1ec4,3,pdmx-qmsdqyox6ehlubbjcdyvestrqwe3kjehfjbwcgfsezgemv;pdmx-qmsupbhdyceywfwhnmtwjyf3fwvsdvtvgkvv4y9g3lwwp3;pdmx-qmxhxrphlzlftjfuzine6wy9nqpsm7k8uj2agsybccpyuh
30501d838b945243a89dba092262973e2f039bac1daa261d1c2627faac809968,3,pdmx-qmpxgqysdd7wa6jdbjhfjiducmapwgra6puaznsnyaeptf;pdmx-qmrb6byirgvuimrtqxvnugdncufblqacvscmzzwlwqcszd;pdmx-qmuuqwbhvg76gqavrdsumsevgkkhui7ua4vi4rbjwcnju1
358decd899d5f4d4ffe8ba4f42ceb17f44733b68f85744893c125bc0dfc2bc85,3,pdmx-qmehv7jktuhcnn7mq3gfiuncmqwwvagbqoqd894rhxltcp;pdmx-qmpm4jhrg76yi7oajvskhyrwziw4mau4egzoid99acstug;pdmx-qmsmpw7ge6ga4tkzzqfgsuefe9wc9dogzykmfcgxdd6nad
35d75b5cd16d2a38bbafe27e56ea85729cd277db0fa5cc75a87c39722034eac6,3,pdmx-qmpccup7fjdduymiv8wnfhqgmzrucehyolfrjw8xq66uju;pdmx-qmtvx624mejybzntwdshqfbgmjbbkt2j12kjbbf7gdtim8;pdmx-qmv1iczltfeyyiim7dnqjqyta35nrwcnxtpkyq8hqvsct9
39a6956db9bb9de181a2848695665884c892a7f78285090785284693247f6dd9,3,pdmx-qmpbylcjtxi7q6npdnzpskvjtbthu99wqtrgu9c4jhxuwl;pdmx-qmxra27sd4nd9j3fe3qcrze9mcnu11q1etf7ihsk3z5bqq;pdmx-qmykq2wffkzm4c17xfvwnir1dndbtz4jamfh7gwagspnfo
3ac72ccc8d5933f91f97749dee2dd5c5b042502e92635812fa8fd0419ca5e67e,3,pdmx-qma4urhludszta4a5j4eds8gneew8dfv7fwbmbbcvdwt4d;pdmx-qme43jsjtuxwhosfr3jfywrdbbzk2dkyzecgmsmtuxjjlb;pdmx-qmx7cksq35wgpwzeo1susmrrkas3j5ktotex7gdedu2ahp
3d2e8e3188f1458406f88e9604b8658bc3de5f395c0c745873e999809b3de506,3,pdmx-qmb8snf9nnleab9bqmndlk8bs27d3vvqxy4xpa7vrhgpdt;pdmx-qmecjk1r6aqswdxcasm3jftnlvgak3pt8ltvfygeys4dzk;pdmx-qmsgrwmvyksam5sdprwxkr31kq8q9x6ya8cefuxvmrjb2j
3d462691a5307e4e3222f9014676efc1308d512fb0bbe98497351e8d0efc66a6,3,pdmx-qmajxgnq99vgnrf7ruasqhsq2cs6pscbqdx8fpuc9mhbcc;pdmx-qmrauyx4juhyfuldjyodhbapqiwh5i5lxlhkwtuxsay136;pdmx-qmujtag1gujaokgyvhcfuaz5wjpwm17sqywrvuwshjdhth
40655925cc0304b5144a7ef5641afad4c95ebce767e6a64322c41a7f961e2bbe,3,pdmx-qmb3dsimkwwqgyqaaj5fvaqvme9xux9dxqxwczdfha42vc;pdmx-qmq5ij3d3oi2ubz2mr6ppaez1tp3d7flgidrva1tdtp8qg;pdmx-qmv7elyrbxcwczhk7pczo312d4jccshgmtm3ydyxinojwl
4c6681d4c4ec95b6bc6c156ea67feaa7c23f763637a16124060cfdfaec7ab048,3,pdmx-qme4zmjhaxkqra4yicaf3eu7mvkn4cmgzwfqcwip71nagt;pdmx-qmqgamjf5qzfwxq48e199ptexvdyg8b8cb4svzhty5tftf;pdmx-qmsquaszlabm7hyhsvoaxzsvmvalifh3b88tpho5nsawxm
5e981327d06d35bcef0c3e4a960b868290834146da0cb1af7b57ea6f32f78114,3,pdmx-qma4qdmdoargv34vnaxjapztxbku2xjzyogss8yuwgpud2;pdmx-qmb1jvrg2x4tyzrrts5akwke5b23weadcy9qt3qbcve5hv;pdmx-qmxuzp6zqaufs6ke7t3dopal1jd3gdmp6hc1xq5saxucck
5ea441cf6ead6d59457fd065114de1d86d1a71678b10d90e7c14a69a7690d26c,3,pdmx-qmcbjgmw3sxkdqawa4ex5v1czydfymctg4ltxgrhkc3fjh;pdmx-qmtmyl4aissunvsrawrtaw69avnjqrj9baquvhqojdzsk7;pdmx-qmxcpfnvxqgxw3fk7kbzwfqmhf3ci2ykf3e4f8s3qzjp8e
618b8c603551a8272f2e2e96f75f94c03dfe8d94fa0ecd044d53159d24736886,3,pdmx-qmnmfzptj16l8kwf2be7jg2rcy7evsnxic6vr2vcmtpyuk;pdmx-qmqhxujcotmd6xeehcjjcnvhnogjzjtgi1jtb3a3x8k6iu;pdmx-qmudndzveuczcbwvfkivcmdgyrg3ngrymfqdopnpxghkmj
675784d5e5ff44a277df5bdb82724b750b7d7c5d524bfecf2a1f4dd6affbf4a8,3,pdmx-qmdgbi5xxwxupj9v7bmtu85wzffahdnecqhtxjqecuhjwc;pdmx-qmrkbhkpxcy4wc7n9kdu5zzteyrwk8e4f7xztg4mjedywj;pdmx-qmt3quioasmbzvl3uptdmjz4uhahptavtdzsgysqxzsew6
69226ea85ad9f9b54914df134436f788c60ea9cbe0ca0debd466b5128bff8e25,3,pdmx-qmcq9vhsjzmr7qytywnnh5tngsde21ypvw3t6bacmryoj9;pdmx-qmrklydp8dhzm4shugoa6qluavfanznzmfkdtmrzjrmg6a;pdmx-qmvl1moqhudwybhcwlbohztunxiirr8zlqx3ujkjbtvzpk
6d62d8d923f92f6b4c75d92981dbbc90808c614fdbb2a5aba05eda0404308170,3,pdmx-qmqgcabtfmjs78pthknq6k4fenpmnuzsklkmwfigd8z4ks;pdmx-qmyxprfs9uf7gbrwrqpwmrpv9hkkccsessxvq9w14eexse;pdmx-qmyys7d2madewtdzwyjtm6fugurefcrunrmfndljfdjjnz
6fab0119ed1ff1157a442438bf733be2ed7d351a50976471fb261e411e7ddaa6,3,pdmx-qma1jdnobfhuafbrpksvysaacxdwpxtocm7hhqfpctmxdf;pdmx-qmvfdyaxpslewcrh1tolnde8bbvsvh4bofcf92mmdgorcg;pdmx-qmxmfz81jkzk2pi9nzjkmpk2fzm8zlr4yosbpfcah2eu2u
71bcb9723b65a39ddf1d7b07c9725f7c58a2f67d9258d5c88b1a377de7e146ac,3,pdmx-qmc7dacuducq6cmkrj1b38bnmzqnjzk94wzzg9vsoqckis;pdmx-qmcacctyxb8hb4qeqcnlgxxzycsjglnxfyx6udbegyhwtp;pdmx-qmtk5chwp6qtmgycexb3j7v9qjzhcimwtuhkj7xrxnvfxr
77000c1f84ae6274ced304bc84eaa32a604475297a6544f7c42f53dbd39a3cf2,3,pdmx-qmp5mrqekesjcpmbjsgrqblmi8awbcgkefl2qzhswneoww;pdmx-qmsgdvya14wpew97cxeesbpht1uyhqiqdeuvtrzowl4n4z;pdmx-qmxjrlwh4wwarzljvwcfrfjpttetdefeyqbdhnnetkgoz3
796606456f4b1d3ebcc872adba7a72ba7fcce9d628f84fe0f5ebfa3b782b78df,3,pdmx-qmes7sqvgkkioacswpuu3xdgegmuub4sovyz2ngybvddtj;pdmx-qmphmwzpjhauw5v6mdzduvwrnossm5qwwgnvnxortxftxy;pdmx-qmschanbsmnn8slu4nukjbzkzxuqq3daa8o4gvufdjfuzc
8641156db6fce0c52d27e94bd339c9ee73a9ed5713fd6dd361a035f565b9c2c4,3,pdmx-qmcc7pptc8mogk4ycpo1ldoqbuwnss4vbojxojm6r2vxza;pdmx-qmevnadjeqkxwyqswm1chgjocuebdmcamf8dyd1vawtxxv;pdmx-qmwtirkfyhxstmumh4kl2jyunz5eu1bm3pmczyrfmdzxsa
8d21521342895e210a4c0681e7e61ceaad21c798485825b97c3c9a51af8ad5d0,3,pdmx-qmdmv8g6bgbzfoaop4dqgxvjwqeuecopkbwoxeypb6utpm;pdmx-qmplzmcks3z9lnhccdy6zqjcg7gmjzmcrgdqfvxbtfhfyf;pdmx-qmq9vsbtvlnfzryhdkz42b5fw1ao1brkqtxxsp8oag94rn
8dd61c3327e5efb58e010dc188523e9868e70dce8a8c59426f1e11a4315c3ac5,3,pdmx-qmqthqie29jrekfl3bs9s9ebjohsojlcoclgy7akwbcaai;pdmx-qmug6hysc8v29vgoh6qngv7ykuvz4xpfar35km5rn1r2to;pdmx-qmy8rrbnuveag7tjn5zmhfkzkg6z919vzrjguchffxjdjg
9b1de763cde726f697094f9728c0ce5516d7ee01657f15e4f735b85645314e69,3,pdmx-qmv29vxe1q25pozvvfwa59hgqcjvxtehzppamjwpskfwqf;pdmx-qmwrv5daehky5czo3xuwy85zudrsbbzbsbbzys9feprjby;pdmx-qmxhfihyvtejxwrcy9mrobwpac8ggrauc1ncbznou3punu
9f6feb6641fa8c27ccf7a25fd023c08570eed5501b9924528fc72b0612befbbe,3,pdmx-qmpe8qft34fyemox1csj7qxzajqkzqcmc2nhm4gqfpjeuv;pdmx-qmskendsuntc87jnq6x2vmuopsskjwrgkch8pjb9xrxzk9;pdmx-qmunth71dftd7qxuqms4puyz6y7lqdcx1zrakw9yfdfmqw
a87a0b45a4b94732870ee8e6bd1f04d38110e2e55017b23706bc347630479c06,3,pdmx-qmd8ayephnffp2s7mhtwdzyxxtium6wumsgovztktcrqym;pdmx-qmptv81hmbb1zgwneadreojxaetegdh6z7t2geyuda2yah;pdmx-qmzarqyr51chcypeebbp1juyslcxfgvl6ru6cfdaey11jw
a9a4ed18126c91913d2d78abce5c02e852c7687d86c2d6cbec421493fac6fbdf,3,pdmx-qmwmdenp62pyzh32bdjv9r7jwqoxzejf6rz6hwsszzyqls;pdmx-qmyjusmcbmiw6krw8ulppvjzhujnw1o3j7dldwmh7zd2nn;pdmx-qmywb3trvjhggintaqkxrdclcmssdl6fdfbb3prcfuziph
ab7445e0cb59e204eea5af9d7af702c305f60d30428f665a55743dc847369146,3,pdmx-qmeujxr2a9he65qrivuxpebzfbrrbdurnm8jnsnym8blg3;pdmx-qmuh6kbjtwktn3siybpfkumbvtwqjaabwd7udjkhdwhdhy;pdmx-qmxywjtmpwsjvynfwandgjfwwml1g68ggvodzcjlaxnfpr
aea41be58d7705d1a20ad0918794f4c438b1a615d47fc1055975fd24ca350d0f,3,pdmx-qme5na37y9gvmjsagzfvyzd971cedtkwp5iyfx3xxawmmt;pdmx-qmwp536zjw5lanavztbqomlk7xve7n8nbltpf6rgaja5wt;pdmx-qmznte25gw8bzsuaagkgry6bvzbfs4ggnazjc3zflp9whu
b0016fbb9a24de76f12c9bd8e12b7ed5d5c6a88c4eac8173c1d4ee3a744d6930,3,pdmx-qmamu2fhpteri1twnd6eko5kihqoxku2djeybforbtyt9h;pdmx-qmcynshcj3eaerc1shn2jzf4aduvvrjadk2tv5kxzkvuk7;pdmx-qmfs1sbitmbr2howy3d348xtrgick55zrvzuzubvdr2lox
b02092e87ca11e540e40b2e3aa392add1c7db1f0e847d3f890854db1eba69f8e,3,pdmx-qmnchcjuhdfvkwl2czknbkz9rb8ng5ny4xwupzyhq6d1ae;pdmx-qmpwdwiwrokgnfkhaz1bnfss5x99xwnnmahxdrhrxa9smh;pdmx-qmzn1wkahburuakvv4knx1t7dwemzf6zq3hm5qunrrtyta
b3b92c1051b809a85a7d8930aaeb71548b001aaa060b5daa4f26b0b824ad83bd,3,pdmx-qmbaeiedd8nstjnjdvpgr5vbdokbdbdcdjkdx8t3bd3vy3;pdmx-qmcgwwztnkcg9qnccds4qwuamrexrkzjpxx4fhkwpyo2xs;pdmx-qmnrastsu3pukglbzexucx3kcnq3u4yohdbjm7fxq6ugyh
bc15d83d1f39e05f4a3406d533fb611cf2edc4725ce107dacda4c28e76831e1a,3,pdmx-qmrhfrhsca4ctdq2f6bdcaefdrc1lxdeqbpirssmn62xxx;pdmx-qmzrhhpwmbdai9pmcg58dl2xgfe8nxviwrfgnxttud2pc2;pdmx-qmzt78gnpmhoxbkerpdapugpsrfortqnztwz269fwnecqo
c183579ea2153971d69672bbc15951908c7c0225c87e8c5ad7ed1b737cd9beed,3,pdmx-qmeq7veh2muinc2wrtzkaefhdugqzvmssgkjvjkhotphg5;pdmx-qmnzmccxuylcxbsingflypd5penwticwskdgetbjtlqzku;pdmx-qmzd3xnovcmbsuq52wuf4wzk1yn2x9gjn4rknpa3vqbhbz
c7df9a20b8b3c0ef389d4c3ff700ad53f5086b74b824c0a9e7bb760e3894ed4d,3,pdmx-qmascyusdq8ae6j9zbzlsdhmume2rwflerttz53jib49az;pdmx-qmpu9iywmlwhqsbekrm5urd9vpvty5bbvoiuyhvd84plkn;pdmx-qmzu8thpawrg3erhpm7rgremxr2p7yuppfzzpsidksq46u
c80ad2262126c1f71b4e8d2a7c67c461b24f32d7dd6fc21355af4f663bacde92,3,pdmx-qmpxbq1va76fhquvxal1dxxmpfk3luu6hz5tst76qbdmrh;pdmx-qmqsrsbdnnt16xt7tjwhqiqvugegqy77umb7jquytwabef;pdmx-qmzwdsm1sspmzssyfbzzsax5yqfx3trnl4ze75yua4sbsv
cbe0cdedc4cf8effe0afd0568e5ee10ff7ec96f609f0f15d8879d409a411ddb2,3,pdmx-qmbsarbi8fiboqd68hffysdel77cz5auekwlq3npihhfik;pdmx-qmrzf63ngmhtn5xoncuq5nkjiynnkelyhcj2qapgn9mq1x;pdmx-qms6mjkv6zrxgide28ugxbfupifbdvbuah8wbtdteq59bb
d58dd76854623f2169ce8aeef35c11d5240793c7ebb36acfb05e3164c2b6a36b,3,pdmx-qmritpttrfqaxgvhlhakhtz4zbusag31hzzhdxfl8txpjs;pdmx-qmwygnki972xrmn2swrn3cfjrnbmpdyjg6mbtfdq7cn9on;pdmx-qmxgfxppqvqrrsxy7e6s2hivh3hqpedqswofnivn48m6f4
d60ab501bcaba198521c965a74ddcb28ac2a461ef82e67b736ca4489e6f03610,3,pdmx-qmbkcfam2hvhw4l6g3d5aydfbgs8rkbyp5xy6aj8ruenaq;pdmx-qmqrlu29m2epessarlrfjsprmevfxlipwbdrch8qcekhmk;pdmx-qmwhrqajf1g2mfkgeqglkip6zgtp4mjun4xbfnvere2ytn
d904cc4a2c68213de88125572a4a81f66cd4ac63d7a5c8c4432954cea54bec0b,3,pdmx-qmf3yagtitlngqb6kntgqr9hauwk5evxifnkany59ybdks;pdmx-qmwdctxveh5o5g6pcuaihhv55mid7h7hd5yu165ez2kvaz;pdmx-qmzdppu5fufjjtphmzr1haqey5hpoxp3ow39hf4dwmsedm
ddfdfc95262b7d53cc45ebf2c13e5c45fdde7a84eca6ac70ced2bcfa5cfd8f34,3,pdmx-qmfswd7wkcgszqn3b4uac27nufmqyj4kuk155zxkhbaugj;pdmx-qmv67ma1l1nofu7bktyw9ybz8vhbwbe5vq5swwn9jyjfgm;pdmx-qmydmafcfqhyaxmhdjp2or5vcnarqhmdgmpyvnpcnhjy1t
dea56922ba2c6533b34dc9e972b238d373b32fee939c167f67ba86ab8e948077,3,pdmx-qmvbhbvqgabvuveg6r4c3brk9nlcfixeaokj2oiubhi6wr;pdmx-qmxrixkqen4zh9sxml3odmmufcbvemweerxt4sbgezbuzp;pdmx-qmzvfuyt9akuvgctdmykt6ly2vbpv5xsin4j58q3khfxm4
e1406e32666ecf4ed1151f40d8991d65ff0b97cd762781dc3bc63afe6090e5c5,3,pdmx-qmf7qnxjqzpsp2rgfh9vrzynvisfzevyusxkwuw83hzafx;pdmx-qmzgm7bhseurmmlwpigex4sfyzbv6acj8x229fjb9u76qc;pdmx-qmzhrrrsrbzpbkezfpbysdthcdsxsqqh2lwpknl5nlm2eu
e18078328cf6d62306104af254bf26e7f2d4ec8cde56d2e7e5b3e863e06013e2,3,pdmx-qmegpm9bmpuynrp3aulvvwrkl3e6zum7ktqyely25zzc2g;pdmx-qmpyvostr4wwj4btlouuy29rezbvsbvtclge9b58jrpfbn;pdmx-qmrxnfcw6kojltcm9f6csqz7jva2x7vxwcpgpyqqyiadwv
e3c0dc4de92db84c7cf371063a927f69d5d32b58ee5fc8dc5cb73130f2daf484,3,pdmx-qmajyufvck7cest5r7biaupbzag3r9pzxeaz79hmw3prtq;pdmx-qmpqzqquxnqhhbczagnapm56gcqijveml3pxtkcf6re512;pdmx-qmyofffzmrjwvismw6bh8p5aczueaiwqavpptuufeqmzi4
e3cc60bea94b5ece1cff39c2e8335fcab490cc3d2cf1ad9596885b7c4d780870,3,pdmx-qmdtakcdtq2xmncbg2c9exv1ypko9r2inwnh7whbrj9zm4;pdmx-qmewm1zsaanalyiknd1xjfx3k3wdtaqf4r3xsus9sfpupc;pdmx-qmvpcsvd33vlvbc9dmytc3tetx4ym4zkmzqwwv5s31iza2
e7e1f59e9de829bca4ec2f3a0983451df8983e36901c0194d8d1a99319204010,3,pdmx-qmbq3wvertmgfffguugtnyptopwtlwxlnj2wzwhcbmhnyf;pdmx-qmnlycbxmpuprgsyw91wxhh59qcpgvtkumf9m2supegt2q;pdmx-qmsm8m2tq5vwhrbeyzilm1ctgsog7uaggwalrapevghlq1
e8164a300224318692cb5c0ccb02f1ea463f72fd12df74247719d00e99047d59,3,pdmx-qmpe3i9vqwcagxts8hv8lqjaxddcbey3kktmbjuw6vhkum;pdmx-qmumxcmcrnmsf1njsazo9ntjvmrpjvhxlpuycbvo1p3j4m;pdmx-qmxcueypkgun1mmy7erq7efbhfaemroutdv2fmwnsla3ke
e846133795ac0806400156ac47cb8204f6fe1c821225b5625d85833f1f870294,3,pdmx-qmnxmnqubq1hwjcxrqszpmz9ryytkknkgv3tf9t8hddjev;pdmx-qmsljvgyu7heenbet92ydbx5wv5ysyn1elrqeqtakyhpew;pdmx-qmuej8bgsu1eye8rvxntw5bq4xpwyt4wuevyug8judu5pw
eba91003680e18b16fd15ef6757f179d8fe1620832ff9877e8cd9937f9e986ce,3,pdmx-qmppk318tkezkyjbgd4vzhoewidu8dqw61mipzopugxysv;pdmx-qmwcgyjukbtguhheisawhtums5jwulqpkw34xe8yynypre;pdmx-qmxrfjdcfnsuwgglighnbdlhhr5mkzvxv6c2ql4xmcu2nv
ebeb1e02e70dfa4fe02a68df5049cf4ca39296f369dc04fc034a589609044a63,3,pdmx-qmcgqnowleuecu5ebyygvdwxmmvc1f5971hfag8ywc42ej;pdmx-qmnqzhbmnyu8rfgbvlyswykawvawn18ti9i1bsywiicow8;pdmx-qmy1czosemncvuwtbwatytqqy9znkasxa2zv5ee6bkgrr8
f04ddbef58bbf9034b5dd9f6ce86d17db84f0a200df8e5a62fa2e1b48a674711,3,pdmx-qmaysvwfdeeavxgevujvihek9wns2f2ap1v1qhfysmtmtk;pdmx-qmyjctznivamtk4gvu3bugukac1xnboblpqouv79nrybur;pdmx-qmzpfl5tkkqip6nexkn5ecxcpqndjwqjkbrcxjgopezqgp
f13410044a6a2121924bd79d131af0307ee6af3a50013aeac241483c94031c5a,3,pdmx-qmqgzfayredkuicuphvr22tmvav7iav8zxhgc6mjisfmez;pdmx-qmqir1xuhtijfxdlrfvqpyf6fjzwost4pt7ohegrn3eevs;pdmx-qmzhyrwxxvbjtnp5j2y2jxb7bm5zr8nr9atyxigfjzzjhx
fb2b6187df528f07f36807ab239ddd1b2a1308482a4e913a72729d03f70c5bca,3,pdmx-qmakya7z3z3xifb787wvj4o4kdmbncurg2xqjagwh6vx1q;pdmx-qmdhbdtydqjpklaf66nu7pvlucb7nqytxdecxkzirkrgrk;pdmx-qmplha9bjhb4b4pgprtmldakgikskxkukqrbjujzy23mhb
ff37b3e03a899434dc3bc2dcf9aa7c4532bb948d1d1e4f9029bcd1f9c52be237,3,pdmx-qmesvyswyaxxb5sjh1gufpfma6src855yx3jaedzyqwenb;pdmx-qmpdc51g9dpdksinucq3xqbvxfncgfvqdspjn3jrz1tscu;pdmx-qmqgxefktgalbeyexpnxkiqzgb8lew5s5osbdx2hyzsnb8
003563240416d802179f9192abd0014ffd7374ecbce33dd2ac8d675c871947d6,2,pdmx-qmcniwkg6u9fdffyi7r82awuadqdd9mn6wnagb2fcpqziw;pdmx-qmvlg6zjh17huoda3b7xforpgpq4ko6d6wfz9jvqphjjxk
005981f29ebbe1471b9beb3bf47874e6d605c255db083e4607848031ebee2cc6,2,pdmx-qmdae3immxhvyrekhy252qc7jtdju89qycvmghkubnfaq5;pdmx-qmxjworcpudddpwloj6ce9cvasmntrfhegzq2xlm84yygg
0116cc81e5137714937ca96fc90107aac79fbb3e6466868d880e8e7fe7013bd3,2,pdmx-qmaqnu3gtt9vjovwwcqmtwmazar64hutzkuy3jnwyangsx;pdmx-qmdvqykn4qxdndlywch6pxxjztbrftj4y8n36rb9y8asam
01c27313919cacb613de751640b3a08f7801e3cdfb618d6ce37b4471366e57ad,2,pdmx-qmdm6vsz18xqzhikmfsvuhb8rprjzimxsvyprt7wevmj7b;pdmx-qms44yvars6jr8qkafkiny4qbg2uppgimrbx31x2clnexb
02507fca1fdfc78fee21acf5f040bd64697f6654d4cadc2a246c168be380d755,2,pdmx-qmrcuhhzh617ltyxsfdle6qhmzjouxxpvjruulu6wunpid;pdmx-qmvywbdicr5dxggl3rohgquv6catczqx9touprkd7rqjsd
02b02b643b9d641cb8730911369beee0bd5b7c42c3e8b0a5af6d4a973e177e71,2,pdmx-qmug2shjejj38vzkvter8t5sraxxy55hpng6psfsmbzmcu;pdmx-qmxnkxg3cmpgss41rlwk9pz6umntxqselftvhyfugz5nnw
02f30825c84246b4e04af959a1780cddb871e23cb2996da3a95facd1cba0b36c,2,pdmx-qmviyvoxri4amownum4xn8ckfektcxo5wqsxgsjxddkfwl;pdmx-qmzzdapsvbyrgogenfpqqrrdby3zdrytcfkaxn3qqwauso
030762aaa300c31a7371fa7dc497829b43a187ca841c46594f5dcfa46ba78eca,2,pdmx-qmae3icyf4b8rg5qzudtvlvbkszfkzhjzyaxnjuf5muwnv;pdmx-qmvax41cahhtfcwqwjuzipksfh2skktfybmz2srx1rmzjg
03b41426b0a256e177485b232340eabb0b773a2a71114215af37e49f128edb5e,2,pdmx-qmqecnxcwy5miewatdg9tyfhnjkgl5sfuqtpajrvoyvasp;pdmx-qmrft1tfyn38caek5c8ngg3hpmfv3kp1xg9576lemd744y
03cd668b3c6cf96ff56ed3fc47040296c162af918aef00ae64142cff30b364df,2,pdmx-qmcbm8xmfnqzp6wmtnjkubg24z5tk4buz9rthbpj6zzg5c;pdmx-qmzdr6udvdrwdx1pje8g2o9vmcj3arklmkjb5uxcdwacff
04fe5fc0770f11d1ac600e6913533d11aa30e46166b262282cbf6fbf797d766a,2,pdmx-qmdmhjpjoigp4dwcwwggxxgnp7dvsxmjlfzcym6jkyq563;pdmx-qmv1fpstgqj9kw7szc8wbgqknuxzctvmqlropl9c3r6lsm
050ea12284cc3ca4c0cee5c3b5cd2eaf67caa2c290ade8fd36ad11ea32aab9fa,2,pdmx-qmq5pdqebuczuarhnchcmtdtnmcdjsth4wvpwf4ike5tzz;pdmx-qmvypefhrm9aohcdz65xdtrfmbbn8gn2pxzjplweh1ndtm
05a34239650a362d3714c9d5f1f3e95037d38f3a992c3fdb2a5045715ae06214,2,pdmx-qmdvbdenv4grrsqa8rvusjv9rscf67zy9achr6nurtye9h;pdmx-qmuckvprvkar3ohhr6ifmjrhbflqvrnzxwpzgvmt8z9lbl
05ea2c9007ceccec10b884d46e53c45196107e35a7d16a4aae49605c7d4cfedc,2,pdmx-qmab4ttmrfyqfggx457bdbel9si1eykxbdphzbihh6wsqn;pdmx-qmxpgkqganyulvdcjnrgad6ywxszk3w9mdp9cvfdqtfovw
06b0cef03a7b76bb3df13d0362eb0426daa2a2d15db16ba786772c7d2c25a8a2,2,pdmx-qmcmnqdtfnmcj94b3hqdebhrmvq2acegyxpucchxnvlcjy;pdmx-qmpeb32shoaehotbe2g81dnorhechgqeaqwpgi92m1g4hv
06c019fbaf0a3bb08f48633c5651923345a74605bcdaa541130d1f20f963be3d,2,pdmx-qmdjwnfsmyhcecfwqhjprkgwdy3rcn7cyxv2z9pyzos8no;pdmx-qmwq4vtm3gryfjqurxkmcrusg3szuciikt3xcnkxzjsfzb
06e06e5a27c797b1542d2be83c0a28eb3cb9795657145ec64a80274cd40c50b5,2,pdmx-qmslscjrshejzbsptugn162nfjjrg1wdt3uk1hq1krbd6q;pdmx-qmt1vptb1tpvqq9zlnc5zhmkzxletdlgfvfbq1bpkj1efa
07568bf3f6391b800a95544727e708e6ebd694ff06d2bf67702e58683848c59c,2,pdmx-qmqh2d6yxqynd225wkax8zlmcjrimn8x9ykjlznyywxzjg;pdmx-qmsrcd9sylmjfypt1tul5s5rwevuxttzzeyexxalub5pn6
0783534c287c347f2abf4e74d1cc84e20d82503f409858a5282da579cbfcfa8f,2,pdmx-qmqsvfi2wppghn9fqy9fr1sdyn259zg5dsmkdizyhuyjwv;pdmx-qmyqpqlr6usdamvbful5sjdl6b4gadpticemvvy2gpmzgj
079cb1f4ee33dff30813c5a7c8fc4d4315aeccd81be458ccc918b7354e0b9dd1,2,pdmx-qmftkxchsaea1k89bdkygbtsv8qrgguumv1y4q3zupek2w;pdmx-qmu78qexyx7n9hdwfe3y7rnj7jhxcmzqlyyosctjdrpwqw
07d4e40f335f1f699e268e67df091e7d57027b10fd50066a798e2e9106f39275,2,pdmx-qmefxhakpwrc4hvxpagmeddkqpymmpcchxdshuszkqdat7;pdmx-qmyfhyasimeqwtymgpf15ljrvm8yyfniqlsqgrzqar6k4g
08039ce0689cfc21ef126e6e48df5e4a8e6fec15a05e52467b851f3ab760ad33,2,pdmx-qmdootvptxfqk7mc1x3iv353txk9gu598c49kacfacqfmz;pdmx-qmpern64yclvplzfjc6lxgbc7hrgukn34fcrtwdqwauyzh
08415da22f95948f39cd499db6f0a3edbfcad021bc45d2fc951f5ba5ee322fdf,2,pdmx-qmraxfarur2uxh5x4udr5g1bgz16ft1htuk6xyg4bjcsxd;pdmx-qmxxkb7mjgga6ezipmftllqfhv8qau3mmnhdzeomcuoa8p
09a649fe55f96edc66ff5f9c87351efef96254ab47adb64c27e289f2cf6e31c0,2,pdmx-qmvqtvraezjrqb9xyuutw2xsj5bexjutnrpg4ghryxahr3;pdmx-qmy9dub6cjgvhg53kgrxrkddpsdkqks9xya1z12rm9a4l8
09ac49d8e407e1bf21b5f4753fa13a0dd80f9fe82bad8d24fcfd542c689e2073,2,pdmx-qmav7erpwhb9gxohxqha2trwyvyvfgv1fcmkycthxr2fgj;pdmx-qmb6ao6lburqjtn8bnsnxundy4r8x5254m3cc4inubu6rm
09c8748da915649905be715c6d3936ebba51c4e528d6880c451a9aa27f5d6ce4,2,pdmx-qmp3u4d8qhcjn8xrnfumrf9tcwjfx4sng54cs5xa2fi6ms;pdmx-qmupwscvxmxvzdqkgtajdgs3ogjdghajv8ncdfxbeaziyt
09e652324a81f30ce347c7f93c25ae2db24895799416188fb09e8c0cc216c23e,2,pdmx-qmbjyb6nkm8een4ej7twwzyh11bkssgc34xbxzahimm5mc;pdmx-qmz4sgj19th8nw1b382psgfckmfmjmg6o6wechzh1hls4y
0a837c94d5f46656fe95106208b6b7f8cc8709eaa3cdfc98b92275be87797520,2,pdmx-qmshfpwyyr6bkvdckeqyqbdrmgfdysjnmnvgdzqnqykswa;pdmx-qmsxu52n7g4wtur7axf5cr7ntptbtmzptfhbmh5lwzgktb
0afc49dfa278b7e8ad9d50e98c926bd1ca6fb4f3fbf53f699df4da6daaaad27c,2,pdmx-qmqg6smchmav2nug2qpwq9t7yqqxvhduwjvppaw3vkgo83;pdmx-qmyyrwgwgdhdcup1seddinh2sjvketscasmn6c9jxahmvw
0b2ecd572190943b6a60632206c66c2d73f6a9323e9b4c227e10aa03f8ff01db,2,pdmx-qmetiaodpxcbpvimtcnu56gsttbx24qpxjmt6wq8xgsjtx;pdmx-qmyzfffirvfkkkp9db7xfubdnxgivf871vlx797nuzp9d5
0ba169abf0122ddef9f1643b9f97fc4fcfc12830400672e5e946df6d4f4efd24,2,pdmx-qmandmoddj2kmbgf9cz21zb7h7gj5p48xtvaqtnj1bezwy;pdmx-qmydpw5j9g9cchdk3sg7yax7ygvvevmhhxjrlidqk8d8bz
0bc5b830fc748bc514ca02ce992df99ea7c123a1313627c473ac075f8450cb83,2,pdmx-qmehwzesp6vxzvb6fm8xpb5cixyefjotujrhprunbsyxxm;pdmx-qmz53s7qgn2cg7ktnaxkrfhsasgyp4pzgvfntmnv5elrzn
0bfce2c4f0e030b83c4bbc918c80ad5cfc365873d8ef7f99e52c976b4b4a37b1,2,pdmx-qmq77kx2amyubkwayfpzfkvvr1c65rtm9rdnhr9fkrqf3t;pdmx-qmquegaozry96uvgzbqt8byy1hdnmtwtlmvsszf9msmudt
0c375e33be2768ac3e96b972617bf1a28d3041179376e095a4315025eab2a9b9,2,pdmx-qmcbrmveurguh8wqsqpilrqpdknbavg8xwpelmncdpaixw;pdmx-qmftkxgtx7tqrmfzuznkh1ahtultoe3sycwdgdb8yk2ntq
0d1b93b33d713ef4eb886925225329ef7ace9b31739021e358f0bb12ffb23b1a,2,pdmx-qmqnracyuxyqqpuzqxzh84mbamn77l2yxmntmfjksssjca;pdmx-qmrvlvpsqnkdqwzbdgxsvby5f9xuv79ucgdeacr4ningxq
0d538ee1c64c7dbc189f78b2e6432c825e61716e555e8d038a081dd025c26df6,2,pdmx-qma3dqtla8zkrgwxd8ptsv1a2bwshtuxs1go97keaz6hxu;pdmx-qmed6tpr9rjnmhlmu2aqy4ycj7qydlzdr8ygmqmlerq44z
0d5cbe0ff90820c4cf7b0261b34991d28f317a813393e4c67ad987a28aa69044,2,pdmx-qmaqjxhnaaljnyxha2tlrjybn9gqdctfcpedwgv4gter1f;pdmx-qmyesmmnvaxechnojr8yrlzfgxtjw4jtc44ay8pmr1xpnx
0e01c81eae7b06a3f162397f82e340ffa1b6da3fab53fc2f32b66c155c405f3b,2,pdmx-qmewqy8cmfufrdnqslhnmz6qmyszkhdhuyqsgctgrgdopo;pdmx-qmwxqlrqozkyjpk1ndqcfmajqziz2ckq1jso2clrkhpkwp
0ebbb3a65331992d8203ca123829d2bb66386b5bf0250956f965395e381a69aa,2,pdmx-qmpo27vbfgemn7af3ona3rs6wnpu2mx9wrpzycqnh15dhp;pdmx-qmtg5oaaazt6b8xpp851me6tkfoatm3szgrfxxx8f8cpp9
0f13fbbfb2b9ee9c13e5e84f1da4155d6414698e2d3ae2efb7451695d5989bef,2,pdmx-qmbjub53kfathxsqymsdmsnpeefv1tn3vauxapdaudabvm;pdmx-qmrd3kky1kryw7hfjdrekdhq8yyrthppuvdgiygxcxtenu
0f334e684335e9421b28a0578c653815d4031b7c9fbbfe17b97b0b6d9ab81f2b,2,pdmx-qmafvxbabkqrzjm4tyhccwu5sd9mddouc48t2kxsmarprh;pdmx-qmdrjqgdbmb8wgkcgcdnhiacond2kvydbm5xy44rvxtqeq
105be3eaf0cf0b5902a0af65b32a7cc8a9a28123443750d90d70629f5f8176a3,2,pdmx-qmbafwd2kthgsufbqpxmthlnduen85zxije5h9n29cr9e9;pdmx-qmzjvpb2bdc3u2xw7fvfkwemylg1g4gwbgffpuxyd1boyb
107e47dd6fd5807a12f13cd0373cb0a7a5321b626adc6d714f2eff7dbe837197,2,pdmx-qmb26rwhturdr6gu4rrwqtnxlzga9bwjxug5yvu2mf1f8r;pdmx-qmzy1w88hpzeervdehwuq9bc37vmadf8rxzrtqkbtwsecb
121c912aada27531ecb22efd56ef873d62f936f88ab6b353b269ab0117f38881,2,pdmx-qmabmgxmhgzencmo3swaobjyfb39jkuk56ljxycffqqa3f;pdmx-qmxh12x7dsiwnuksk7wnfph2v1wnwttvywb69oonewqtht
125b43df1339c73d4b8d808e7ab32cffd9920a99e18955e4b97cff7260e8eaad,2,pdmx-qmpfsqcckxrmgfkexwim77edqpqmcfjk2mkv9twogsyjcp;pdmx-qmq7z64dzxvcfipmv5ludybxtbnngqafntsn1zbf6uyspf
12adb586fb50653732a94784b5a42b25b0b85bda6793ec3b812452400194e62f,2,pdmx-qmqpvsvpbpal75x2vivsrlxczq8bxcmggbcezarzaipgbr;pdmx-qmsd496cckwslpd18e7tegthhunseqrye4nqzvkv7mcgm2
1312602d32d7a299b972a99cd24c71a9adecbd62996b8cb10e226c1b58639eaf,2,pdmx-qmvbmcwrj8hvpjbpgsnwcq7fjr3ymyrdcdm1qx6umg9q9s;pdmx-qmxua3jpxhmrvb3hfhux8wbbeey4vvj1vavwvankmaemrc
134ebc7d34f17dd4e23aca8584da26aacad56258d335acc8f375504b3d9a69c6,2,pdmx-qmd5u9pmezcvtzpiikbcxtwuyhamft2vcrzsibzssvpmqh;pdmx-qmejyfqezqubv8hk924jplf6bddxddgo79tm9nw9dqavam
13614e6485d360def5e82ed3376c0d45a18405384a2a4cca69235a85aca77a5f,2,pdmx-qmdy2uqlvqszutbxjmtb5azwgovease3qcehgoacstif5f;pdmx-qmpe4argnkwzx5rxe1hfa7gjunu1dlfeiues41ngpmbctu
1411f050c6e4c5e81a58d10627891166613f3fb0e05961e61579ce54fc8c7481,2,pdmx-qmvcngufau6kw2pmpuypumuyk4rgeuzdbpfxfjpqbvrjgy;pdmx-qmzopsu84goopzzqxq9ujkzdjtjwxg1hoftkd12pcouomj
1451d61b37bdaa4ad91c1ed188561e6db6cade2207afa92ecd3791cbfd2c17ae,2,pdmx-qmuskyndshyk8iykeo1c7ngx9s5qjmnzf1jpagyvatdkxp;pdmx-qmxbfqhgbw2vqpr2tx1kaq4qtdm2hwtv5tb9oumek2kusj
15103d302aa3e11bb450e91a9afa7e4b561c34394038362963f46a3a5b907489,2,pdmx-qmqqjnpqtxjctaujhea34ssypd8edxkegusb9conpsk6a9;pdmx-qmspvhrxy5ec7ucuzaxzypuaz4eaxrpherf1lf5fktgmjh
153d177f8f53ca3ce9d06dc4e41b87c44e715f6c5700538a3ea97970ff7d8407,2,pdmx-qmdiduk9v9lwonetaxpswkzbwqjtduphhwqwdvyrw3bte7;pdmx-qmesy3aat9ex4cnct1aeyzaopscudejvnr1caetc1sbvkr
15ad9b39cad92e43ad9e3b771debae970466a4d7b15e21672c60b4b5887d8dae,2,pdmx-qmfwsizeeyart7rlyedya5zmwhmtylmfsdhzhgttcrrdae;pdmx-qmtljrmcyacs9qqsrc7j2rffddf4smbfjfsvyjrkbwytqe
16860e4c400be62fceebb2792c83be2dea331792fb88019c59b25b77193f1beb,2,pdmx-qmdantwaahzr5nywq7xukzxpnhyn7csfkcxjpvoyqx47e6;pdmx-qmdarqxgehu1l15arzfg4gddh9zghwqs5wq2mprbd29juz
16acb750fc79557e4f8d7c1bd93b7f00b10c11e32b9124f0d8a09b1f273aa69a,2,pdmx-qmcfx7qdpiduru2axcmczkhlqzjwwwrskwnav2bw1tarua;pdmx-qmcmhx4g3oxhgacp4bddvdv16g393hbwc4dpbkrr3ryucp
177709d9b2710b8fd57dc934b27553de23f28f8a0e424ac1ada8acf1ffe915ef,2,pdmx-qmavnpy4leqfmbtg2cn2nf3a9urymxpzhvywu7mdf2ci5m;pdmx-qmpfurvugejf9tcrrjgjrqnewivhyrtwbvwf9qkrrkubqz
17c8a902aabc9fb560c29828cb28b7110f8f85e34684b2d74172b985d8af0b3b,2,pdmx-qmexg4kyrls4wseskkqpw8osstd3uvdavbxzw6yacn2fce;pdmx-qmwj3jpkwvvc7x6wdktpgotmmnjems9wscfdwntcbq96qk
184539e6b488ce58d0f9bf98caafc9e1697eaa5e8a9c8b2c3dd7ab878661c64e,2,pdmx-qmawfht7uqdfhfeceycqmgg4ricoqwxirzpbq6ljhjdmui;pdmx-qmv46nwklq5htefpzx1xyyngkvc5b3c9j6jcgyjeykfmts
18a5286e1ab649d3321c1f81dea1290db4883710d8de818ddf1cc70ed79e2ec3,2,pdmx-qmeglzodhkrfncdzb9qbytyure1kwrweact5kx3pcxjarc;pdmx-qmqhsajqjyr1kf3ugetubjmj6tnt6vjj82o1d1nt5jsnwt
18bcc4b81f21c6a64e38050c4c50038e66b1969367cc81f3d9b3a2b4f522d1a9,2,pdmx-qmepvht1okcuyqkkf2wl4xhczy8mdpcenjrrzuwj9kijrb;pdmx-qmwqkareklwy3ehvncrnot7qyv6fwgzudibc87lpawze6b
18dc57888e04e1cd40e222e0ade4184b9c4da8bf2a23a5462ba25bc4d88cff79,2,pdmx-qmazstfqtmuxhtfqppztirazwv7y7oyjcfax35jjnt2qlr;pdmx-qmbyxptvcgd8evtg3uctddj4nk2duzgehe3jvpunffyknb
191866ff565079f2a3f8748554d8eb7260d80ee7bfb107522d93f0b43af19a76,2,pdmx-qmpu4zmqbu5va4bhr6mqnphzxhgp1yexwkuyeyxmhjeqeh;pdmx-qmspsyuo15hxhnuekywdaupqeikujcbrtvw8eihh8nvpet
1922d8fb26297304a48780890f67634fe9bb28aceb2c69ad00bc41be5aa9b909,2,pdmx-qmvdlqvhspxbm483wevj1kavszzbcihywbtvczdgjmmybp;pdmx-qmwocqzm54phhzegv9efi1kvo6ajce8rythjzznmh7q3b5
19d6a66bc1706dfa22b5b9f8e3a2716d964e13136117e5eb86312e87088cf1a6,2,pdmx-qmpuopn6rjuxjbzfwwjrg8brfcixmjtyw55tavcdqduqa6;pdmx-qmqrxzsyxaswa5v8h5oxkc91z88htujzvsp7cejetfd7sd
1b577dbe467f620d998055dd0416bf60343b567ccdeffa06d601709150292329,2,pdmx-qmeu9jwsgrvne4kgxi2ehn2qgtupdmqjjarrpjjfouwpmu;pdmx-qmvauuagsxckmamronuxiujl2btkeqkxrnjbyp5foh8rws
1bf31033c2890420f33008705c6ad4056a74b8dcb2810f4e429f58d489f24c8e,2,pdmx-qmbf6lmcu1gylr56retmsmdsfrbiqcqqabsrjoqevbtks6;pdmx-qmxawbuhzpbmmqkpqh8cpr8ftvuuwsyxdsrucwe9onbnhp
1c8301987de490c9b832ab827a9e368bd9cefda3ba9a29c24dbc19c66418a50f,2,pdmx-qma59vqnbkxbfemqsrmsvakpsrmla4vamydvpgibn8npai;pdmx-qmvvmgdmcfkztlajpwh4pgur3ax9f1w7hepcsikoigiisc
1cb94ca5c54f48a320b2cb0493792520e9be086722fc4e5bf8d47a864a808d20,2,pdmx-qmpl9kqhuym46xmedj1rqkaxewwihud7npg3tp36gtmd9y;pdmx-qmqjxhwg6vksdvg67fbj7h8uhm46lurqyih1hsnhrvvmwm
1d8cc043b12cd4d957ed3b229917f81712e22b4aa983f596c7d575f24459ad72,2,pdmx-qmqdiguqhdjxwywv3cz7wvs1fddkxkmx1sqswpaegy5n6m;pdmx-qmt44wakxdlw4wcz5lubtur2djotnyvizikoy2bvhg5dpq
1db424fa01a6bd6485efd56c4a862a90e52009b9dbdac05b76cc9a817c647df1,2,pdmx-qmbyaifrgkbyarnfw4q3dkwxctvqvgbdt7urq6hhyvjr2r;pdmx-qmwxc7yj3ng9huhz1qenthrdscdgseces3fmtfrsmgcelr
1e1fe31240dc74b4a4562b9546ac375e246a64c19a5ec9c34a948c91e5f738d4,2,pdmx-qmctruqm5slfey8ttudbqpowv3c7c7m5skamcbacqlqlm4;pdmx-qmwddjdjk5sgwkn5fdapef28jaww5me6ro9iaz4oaw8uvm
1f11d2e516ad4b2385fc8531634e34cc0c1ea7a58dee6c74f47011fe3b8924ac,2,pdmx-qmru6a7vc4yhldbgnjwb9l4r1cksxhmpenqfwtxpbmdu1k;pdmx-qmyqrsvu3esdyd8n79ns97ouhq6pbrj81hq7g3ccdzzbaz
1f1a4387d8be66253e38f6cb26ade70ce167d97dbd5f02f4689698c5c5c06bb3,2,pdmx-qmedgcktqnqvn3ze7fpsp6rtftvbywhooeisdgvhmpef3f;pdmx-qmrvh2ohkcz2nzx7h9zlgjdwtkwxmp39bhcwcdhikjimf1
2008c33115c0b2d7f7c6c056b718aff684838d19d005ad6ec44b729003865b6e,2,pdmx-qmrzmzwv4cebnavsjgxnsgwzbcbcqhvy2zyqlty6m7bfqz;pdmx-qmwgfrxfggzbuovwefj4glssstnrqvvzguxwauu82ibsbx
2221ab24abbcbf0478b345e9b71b4e78c4b6894361d712c4d21cb94e991dd3ea,2,pdmx-qmdamh8f9kjrjfumqk1fkz6njr5dyalhvx1ffiwjzrd5j4;pdmx-qmvx8rawya3vyegzxieidurwwhcfcwgk3bagtvthkf4y52
2303d2cfc8cebc29b681f01e4ea152a32a7cde98f0909886e13e77c99a4b2766,2,pdmx-qmu8sx57nxra1mgvr8kynd7vbf5xhpkbvyp8zunbamzkyh;pdmx-qmxtrjdn8iuwzmnwdzfcpgttkuq3caycciwjgw8tbs5ngi
23255efb825bb9ddda961de8a6b9f09ac076256ed2cbc1dfd7168d1d0d681a5e,2,pdmx-qmqsbt9flwhfrvva2ngte3ldejpqnbdskp6dgchzf3h3zc;pdmx-qmvambupa5y7dznm1b6sqvoc1ppl27cx2glzarobf6akts
235eea5757deefb12305feb49eb2281c825bcfffdbf83b1cd9ea7658b8c3d09f,2,pdmx-qmd8vnxpsjkrh669kqpzkediovb6hfugyjks3ktk7om2vp;pdmx-qmutfvwskxrcqxwzik8wurht5hpqaxudd9unaifrnc13ce
23af14951eaa1b10b848c62fa55130452f6ee89f72f3d81600daf90e1e86f44c,2,pdmx-qmnlrhqw9nvxbfdyujxnnslvuwhkympfwkbhr27jxnjzrt;pdmx-qmnuoakjfgp3sf3bqdpbj5eqbhhtqgprjjilo59gasyyqo
243707aa7a5dac60ff60478e9a2af16bb684ad2e6bd3960da747e1fde0910d98,2,pdmx-qmpdplbrmcncskxu7kohtszahnlmq9qeykdfezvrhjh1r9;pdmx-qmruxsxqotmfyd2zdatnvk3luq3sxvkshmdt8ead1puejw
24f9f3495df817d324d81082806cdce930a4efb953b0c54f22279143c10f08e8,2,pdmx-qmbyjw3jvpe9ohuvjacrn8lwyowfkgsfzmk65dhqnqer5p;pdmx-qmzwjjn5kk7ayxe7zd2tbfamirhj3z9eqquq89pedtdah9
2535b2e08d3bf27100ea402d2fe27e0d3e392c61fec317250f8c135565897444,2,pdmx-qmsdljfdhq145grhxxchrqztkugfeubm9yefncvm124hmm;pdmx-qmvoc5kz82mzdtuggrl63skskjlbv6lph4z5tjcfm1b5c5
25bb18fb5c2ee4487d89ad426e13818a57e495a4a05528689d6ced171c467ad1,2,pdmx-qmpxpr3ffpzwoe7dvwrgfhhggssjbmryhmnuoyfalkh6nl;pdmx-qmu4vavb5x3ydzqrf4yypukxjcvaf9d3lu3adu4qeaafjk
2749dd822865c071784bf2f6f6bf1e8c0b2503e7ffd2a89c17af7059efe5d7c3,2,pdmx-qmdgpkxvshfsx11tu1ufassdanup6svpku82qpuejm8umx;pdmx-qmeckr8kwmycgyjwlfcxguesob4jdr7ijnadhu6mphfjff
27a5dead0a77ab82da10540c5b451243f9108a1ff48341770e70dd8eb3ae37d3,2,pdmx-qmdo9mnzcqhcfzm6jrzcpkltegbcdhqjhxtqzld9h49njj;pdmx-qmzqsmzkdirutbxnnhb3et7jywtqn2zhyguv9wuudabhip
28051153225cc124fab0919c918d4505a58706d455a6ff87f7f685ae36098cbc,2,pdmx-qmc6pk5ib2b38kpyhuwjzxqqyjqy9mvnw6rgjrzvxpj8pu;pdmx-qmyxrohtot6hhqfovrvs1gbef6stdducgqr1fpu93kpzrp
28366f39297a2dca45e2375d1c868756c0ad7c4d218bd1be7d2d6fcddfe720eb,2,pdmx-qmf9gihkzk9bvay8txag3btv9rl3wn8d7z4pwkczj6fyd4;pdmx-qmzq9ryu95xwc51bj6k2jj9r2aerw1rxgkgk6qv3beg6nz
285ac752eb065890bd7006cc63686819e57dad513200dc51fba5d4e3b044d9db,2,pdmx-qmaxwwrw4qhpbkwesrwwbspyz6rr3sbrckfvkupkos7kwr;pdmx-qmyb59lbrjlecjpfudjffhyb3eve6qcacnqaqrmvr8gija
28bd1e90fb1309a1e688aee93c69cfeb71b8db7a3d6711842c581a69505aca51,2,pdmx-qmqy75y4xqts1aybvpmm3qdrf2d9z7cfk4yq6bdikan7qj;pdmx-qmrwghbkvf5vqatwdp3fzdzrcr61vu35qdpxfnukgsg9bp
28ca654a953b1384a3416cc85e9ee5179f269c02b10bba0fc4dc7c49a350c273,2,pdmx-qmreehyi9gbp7ekuikmgxgy1mipexhpbic1sbyxhqws36y;pdmx-qmrmefgqm79jgggg49au7nenebftswqcfwhwyzphmpyck4
28cc8eba09eb7f9437a35f9a2960baafe3363f83092f7dfb2a67bb47b84be1e0,2,pdmx-qmnbfdgnzgyw1yvn2eghemwbnb4bupjfpezcrnsfdfcjhw;pdmx-qmye2g9ufhbn4p7e4qmfstfblkuu2fgdrzmnmkmsn1u8cb
2944641149bf7abe1e39bab8e583f8ce6cea9146c64f4461a6506e37aabba907,2,pdmx-qmyecetqxwq2ont6dgpge5eelffksdbaql8f9bfmlow8nr;pdmx-qmyvf8j91sgstjkr7sflg4mnyrh93mv95xt2bnycvvsba8
294866df2372838414e47b0ac4cdc283e5e37dd32a879c5ee3f2920daa0669f1,2,pdmx-qmuo3ryujinzang5a8gwvceddb7t8cgzgfeejf8ls1cfxx;pdmx-qmyjaukszmk58uqsoerprbog7enu57jxlxn2qqkecutm2u
29621ea8997a2988312601dfe0b25cb8dc0efc508a5be9479e60d18a3fd89944,2,pdmx-qms4tojovkheesbesnx3ey75jstcxudpbhx1gfdyy2ujqv;pdmx-qmttqwjuff9bi2qsohrrsxc5exnw7jquj8nspzjhswpsk7
29ba6b9709eb3a04d2add725c7966cfb22bbb35d34c09658470d8727ba3cadc3,2,pdmx-qmbtlbtpw8cvvrstfqcahbmmrtxrremoqvqxafsnpl6sqo;pdmx-qmrfsnn3s2nudfnc49psxchkvramwm8yhggrmvwbg7vlsc
2ac120d2cbac8a77d7592fb57d76b17628179cb275ae00a6fece46e825504cce,2,pdmx-qmu3zthj7ponb1uftwnt7yttgs5haahyktshuszqruyw57;pdmx-qmyn84u97dam9wbuhqu8pkzkgwtypmy6gmdb1e8s6ughrj
2c8e8108d84d0cbc9c1a099925904d3dc2f4790821febe2f4eab9014f37f59b9,2,pdmx-qms7gsfpvzlnlp2qkbqsar23mzxvcecvc6uxjex1pfajk2;pdmx-qmtjdhgr6mp8eglwd2usbwgscisqklcxnfbf9xkhsmfhcf
2d414ec579193a9d643e9ee3290c17d717f5b78e8dbd89158376e56fcbca097a,2,pdmx-qmdnwrmmqpraer7zrryalerxdkcdryk3lfyowu2uoontm3;pdmx-qmeuxxidv6fvnponvakyfeosmz3uahawcwtyhwrpyvpckz
2d7d903fbbc5be3990ca691b9df3ab9d4e23628de74070a00f406e09a9dc8b62,2,pdmx-qmaivgivykrqdrrvgcbm7rntras8ycfhxnzpfisacyq8xb;pdmx-qmpvvekgdj7s9myvcdabbkk7u4fmc5q6qr6ptyvyi2jrsn
2ed44492e917eb80de870638afe9562292c01a0037e37b7a7079dec17c49197e,2,pdmx-qmeb9ywtdqamklh11sebwnm2xp1pkncrh9nwqqfzauhqe1;pdmx-qmxmb2fazxguq5qhbx7ojc36gdfsf4bkrdogrjysx2ikep
2f973d6a3de7aa759e16ebe6e5dc282ae36edfb3c4e3350092ce8b4f0ff5312c,2,pdmx-qmaetgzejhb2ztfhwqhwnqt2vhpn3desfpwrqawyxpmav2;pdmx-qmvhvft6d9cafwtx3ubxugwqj139fp7zcxspacmfmt7c8l
30537010d8f6a062e14199950dd3edec262ed42af36da94526f7d8943f0ec8c7,2,pdmx-qmcbqgemifow6rhad1xjdzqra7tegph2h3hnu172rv7x5z;pdmx-qmr7gdqy5ree6l45aesgyhxkjzpvxhyancl8fs666lgemd
305b207ad6ff6e856093cb25c614e86f7c967f25f8d875d47c26cb2afe04d9ac,2,pdmx-qmutadmm9uwdp6a9mpfnqfyashhhdigzslek811jszcnnl;pdmx-qmw8kr2vuviumlbxydaqxgwbkcrul9ticcxqpuzeghmegn
31351c0ebe9afb474442a1afc3380be676ea2ff4631ea940fd373f9963b7f975,2,pdmx-qmaeqvcydsqgmv7qetkc7vv78q3rknh9ymmxp8spuuut5v;pdmx-qms3qg2rb7psbu1smp3wt5he7rmpeosnxumnp35v7zdsdj
31878e5e224453baaf26524a770b6ce66b28393518b350f8a984b6f9e4ebc749,2,pdmx-qmtkr3eaemqqzg61is5xp6cjxunshyahspxngwme6sty6r;pdmx-qmydm6jzrbypfnc9mwakm1i8sytyzrfcgns2p8l7emafew
31900903fe87d991f507b9d85b9640a9463be2b43d1b446de40078bab8c69ceb,2,pdmx-qmq7egeqw6rcbyvxy9csxbus4ndyyk6pphwfkwtyv6bhl8;pdmx-qmvmxeh1zbzepczap1az2zwgh3xdawuv7fpz9do4yodos9
320e0fcbdf770d16a884bbc3a9e8e3c573d3872ced7d06da1fc5b7540d6586d1,2,pdmx-qmelw2qcnxmhzbsmztunntdcvdpqunnky3bkzxr2crtdnx;pdmx-qmpuh8nab1fymgpe27hdkirtujpfq663wum88gbayoufqh
329e62401866f739bb6b9f94e24dfa0d51ddf8f423639a80150d964ff866c0ba,2,pdmx-qmq4ivbqsvvyqpuabq5bp4jcubtptjkczrdc8y5aorcyjm;pdmx-qmrwvsjcrfjlmhxik4obp2c75mdmmjvheny9vacnndsqtm
32f10aaed93f288f7b093f0daaf93530c8a283c87fa3008515fc916faddb4489,2,pdmx-qmcckrag7yx9kke6pemvjwet2jgpej2dpjwwwjulyscddv;pdmx-qmzhgmyrfawmbhhsejm9nddq9h5ybezlkpkl82juztv4xo
33700e1fd3bdd3e805ef500375b332cd8153a70086e0a991a2eb0201e0c61928,2,pdmx-qma9t8xorbqeb66byqsulal8tgwatyrmkjttbyk2pnpmcl;pdmx-qmxcoc64am4jkqdutrmr8fmejfea4xmah6uprmb7rqnhp4
33b711882e8f8f936d06f7d69b6bee0d535b1082cd8d070f68e80815a8a001ad,2,pdmx-qmrcz3u6xra6xcpoqddfrbdeje1ay4fs1tfxzwmfqxxihc;pdmx-qmwj6qfxp3npy12g6wxssk8chgnbna8dhpbjybfywapste
33fbdfcdeecfcd66d9856b2325b96bd87a817d62170e686c50e4844551897bbe,2,pdmx-qmnq9mywa1ssmiuigoputbbbtzw5t9pfugx38bcsxbhvft;pdmx-qmyhucwa8oshnuztynmdkysm9kdzr3sxjc6j99bqgkhl1k
349fe6f366dcd01f0d57059ab38ffb2e82b7fc3b388f153dfbef245cb05f94d1,2,pdmx-qmbinmbnjfccqwx7himk3fyb9cffboe1ruactwupgwx81c;pdmx-qmqsauyqbb2uzwjyw9fvenlyr9ba4rkkeqfgu6iprjeeoy
34ad6f537414ac40cbe3454fa91d72f1450a6a8198dfcacefa3b8f536aaba910,2,pdmx-qmcz3qt8dfrq27gsnswybjjduzmcqmedjupenxnwq5wtdd;pdmx-qmwnbvkrpvpnq4uggrvvshvhqxfyee4py6xv4yz89jwrt4
35c9c29a052a883982501ace69514786068fd66e7ee3609104ff3b5c6cba5d69,2,pdmx-qmbdna9sn2mwkckzuo6jsbqbxrynb2unrvdy1s7bymphtf;pdmx-qmbvrctoulgvwpc8wl8j7blvwr4bvo6tcrkhxbp5sax82n
3712539010cf3c8b14c863dc109ad011ee0731fff10a48ff8737d9c3d9de0c58,2,pdmx-qmubudtvg2qerzajjbzzpvhavemtng7sfysroftd5pjbz9;pdmx-qmwtwbn9vxjbaj5eqztqwz33zmi9ryxg6e6abdj8svpmet
375db2cfc4368324cd07b708205a9c60235a0d6b2d7f872376e9e51b9c1eafa5,2,pdmx-qmcakpbejpcqundwyi1gcdet2rxz5fmmspuwxggqbs53vb;pdmx-qmdfbeugncuoltha7spvrvrdpipi36fepfvpm1vy7mwjt6
38ba5a0e0c7cc56e35868a2905f506e13966c8a417eaff8e9d4fb34a745395de,2,pdmx-qmpvvl8dsrkxhewojpp6ch763q9a1ver1akxzeusvbymbh;pdmx-qmxknbwrrsfwnxb1uytx1q7m9fky2agbaabaq2pfgyeo9f
38e5fbac501a62e6e53a9238b9654e711d1b4c7da94b3b4350faa150d38ee1f5,2,pdmx-qmaabmncg97kvg1wjxlkrnn5s5hcam8fdyspiemfrtricr;pdmx-qmas5nzxxdcztm5frnnfiemh9fbqwubgn4zkezt6jecbsf
390ddb83b4a8a8ce7c9359067a379ff4edf98261e084355e783fbf6c192b1cb7,2,pdmx-qmudtyoacjaqzaixwwdahwmg5igxvc9hjnp2sj97wkgq1l;pdmx-qmwncynbkxvs8vwtrs162djdhu2ju9sfmhnedea8izenb1
3981dc02eea57fbfde0d2dfb88f2d6a47cb6e1f1f6ffacb30b3fcad544e7fd25,2,pdmx-qmc6t2gj9n5nw3fgygsbjg8xgccffjugijepfgtfrrdgck;pdmx-qmr2iyjrzppuhn2c7prlgnw3zvpmtrwescjkeyrokcd6mf
3a7c60e6f0352f9b292c006d6c2c68c16b498dbb65678cc0e089916c0510af9c,2,pdmx-qmfmewp5xvvuc7rpyak4fx2826w7zxjevusgakhfx7uara;pdmx-qmruvruxtmmk7wejnmcfjqdwfmdxj4wtqs8qebrf7nxubw
3ad68977108c2efb055bdd875565abb7c81c13ffa9aca831f750c82cf51fe879,2,pdmx-qmfkrjqdwdfyr5u5kntjzz15y4gpnqfvscrdhznouwygrk;pdmx-qmxnxeteht7ks2muhrx2qoxkyhvtqwz6zvuooz7jqaw8cs
3b38e7353e6378542a1f33f567b4ccaea5b4eb2a6e9c85cff07e9c2a329be122,2,pdmx-qmqkpbkzapz6sbaver3s945rxis57hhewkfyxxr4ssgxz1;pdmx-qmwd2ag8p3ycnx14uh6cm2ycfct9gce78icupcnuxjmgyr
3bb075ee2f4223f32bd9c4f68580d29f97c781d41a1497295c00d1b88f1d6a44,2,pdmx-qmfggezwvjsojo1wd54e9kfcs7lxgjwvmvwmnvv5co8zdb;pdmx-qmubbfyzyznmbhipb9b7yogmmdl5szm22gxokyktq1agai
3c2412a6869c96f30205a4be56956c4eb8edd0207e3131a964907f1234cb4fb0,2,pdmx-qmaf9crumeozkcp4fmxuymfonqkku9luhubqokw5mpn66w;pdmx-qmr7tqxpgqcjlp1hkkljzjxt4jbozl319uozt7mkvmmi5d
3c685d966b68a0a1966ba1fcdcfb2961370acb46cba30e3fa0c33e85a6595124,2,pdmx-qmtiukgmxc8varbequydv3rh2ze1q6xx1rw3s1e7xwvk7b;pdmx-qmwfqjnauwser1jer6jg9d3h7iwnfpnlkewmegto5ue8nv
3c96463c55c16ea7cff8c4d34b4ee84dff041f24f83340d18b702514ebb2805e,2,pdmx-qmrr7vghxt6ovkekzwm71h2w8vsufcrho2c9jgntstuvug;pdmx-qmzor4ceu7ycdbnrts2sj1y9nomhbxmfhhuey1s4o1k1sj
3cf86017a47b7d81ebd45fa01fa8d6c2c66c3acb2325b5bcee6004243ebc4605,2,pdmx-qmawnmnpnv72z5qxrkrdeq4nrcud9fwekc6ctjiedubdta;pdmx-qme42thtoipyboy25cv2npfwp2ee6m8nrgdwecjdpta2bj
3d688e572ac6a4373df7b9bcc45ebd452bd7a8e617ab28f64700114a5ebf3803,2,pdmx-qmsbxyi6mgluaq2qhysntmg3jqcm6oy5bqsz62ffdk2hhb;pdmx-qmviftk13hkbqjdrphkjx4hwbkhbbcbr2maw2vvqu4jv56
3d8a29b9797b5f118e3a49a203004f47a237a4a430229808c7f41ead74637a07,2,pdmx-qmauvwdcqd9dk513jhhuazsb7jsuyu1imuf3it2cqv7wqc;pdmx-qmwtujtmqwxwr8npobchmkyulxmwj7ktbbsfq4xenjczhm
3e1c30841679f29eab4e4cd017422c5e122b2e469aa7da39b2aa47fd37a9384e,2,pdmx-qmbquyy5xsnppbsvkmwyphyrfv1iwzwg9tymh39qwlrnkr;pdmx-qmu9n1rg8osc1tdksghuobypt2apyzrieqibnejaoq7ddm
3e501c54806514544033a7875e460dc50fe888850655f381e1027a77eb5dc47c,2,pdmx-qmbbqh1m69rkedcgfy4sbwzfkmi1s2wjzydzkejjmehgf4;pdmx-qmvbt2ynubjyjrjqpf6wqkw3mxescvewcxwubxzaxujjt5
3e915102a85c41f73dc080055ed0e782d517ae2c858b8a34b0369588a96bdd11,2,pdmx-qmcld41mwm2fqzladahnlvsllhktbxv126ptswfjj6xsbe;pdmx-qmy2uzq5hjhzrkmf433smg634tnex9t8pitygvhffjst9j
3eaf7987f5aec08057eadbc0a35854296c847ff5be191653e039258b5f6beff2,2,pdmx-qmcifzudgrwzhgwnpt87xwmhhjw7xwylixztnx1aaaqzzb;pdmx-qmxvcqanghyadk12gzhmjwjmxgngk9h9vpmkwqb7f1sv22
3ebf8b6fafaff3d24f164272b0b844177a562c7bb256e6a433a2d961808c6780,2,pdmx-qmapukwgpldb2kxguxetmbeycefghugc7xxs6az9uwzzoh;pdmx-qmrlxx98yhnxlwnuiosdvwujyde3pejzx7wwdwqd1dyuf6
3ed7cf603e8e4f52e3094172680b2541d74bb89beb84175fe68c9bab90960614,2,pdmx-qmvnxjvpr85qv4uab3dxnyxqt5rrt9im5fr8f5xa95wgzs;pdmx-qmx2muf3jjrjb12ahcjeiehtxcxqalvxsz58kmyqnayrk6
3ee9f61ae6c2b985ddb7ad816f974eae91e8c5698d66f0bdec0e6431c6af6947,2,pdmx-qmpexmvaewzpbyv2x3xpqhtfhdwmkqx3snfnx35qvjc6wr;pdmx-qmuurgkxlnjbqgmjev9ytz5r995vufh4sfk7cechdng9w2
3ef51ed5470f10b94415608e5ad99d17176374c7206cae9dcf9b4f80122995af,2,pdmx-qmxdeg9tsxwzmxv99dk9vkdapjklgqiqvjhksybltfl33c;pdmx-qmzaxqzs6vqnyxeefpa9mtg9dvthcbxqxpgc2mj2mc3z3y
3f33ed4bf817d556a3ee3c25613ad83971f0d6df63c3b2cf9914141ef07bdc38,2,pdmx-qmaqikypxrdykj2ktn1nqwu1hwkeshhwgppad2cnaiogyz;pdmx-qmp362warwjdkmgmv96ndohih6gp9psjahrf72u2rjqm9z
3fb193813c31f5e819c2603941cfb2b55a66b54f5dd776143c49851b6aca6401,2,pdmx-qmamngol9cza7szgnyxkxk9rss3x3didzogo6am8f2jqfg;pdmx-qmevv1mu6kfvhqb1btb4p6m3qxawvc8eztxfyv8waqsmxd
3fead4e6146a1eea89d57bc3cd06c72022bf72a2a52f5a148d73bc3ffb7f13c0,2,pdmx-qmevzcrkaaafm4nqkbeynqulaiprdc7uvvfwafcpmsjfxa;pdmx-qmtbpambndusuboavjsfwswo1hwbymyauex4jpvxgl4t9p
407982a8597d46d9e68d4e27c02ea37ae29145394dc56b29603f1f0863db3025,2,pdmx-qmrjgqajrudgvvxtpozf3jk1wrlwzsuysjmhgnk3fycqia;pdmx-qmvp3mmc8enyjcqc4fosahrprhi5c2y8mxk7mavqgkjryh
40b1a72a081c37210eb9e56209ec46ba05cc886ff353d611c3e9654ad9b4377a,2,pdmx-qmwagfxyvuz4q7kbtwz6bj3y3sjzgbydpffz4sxjcjhq71;pdmx-qmyezd8nfuyyandeonzmqnxhozn5jurrxqd3ars6ud4a5y
40ce1ddcd18975aacffae7db96795ff15dc181b48b7268023919cb766ad1a579,2,pdmx-qmtdv7fneop3wkpmzrysof789poviqthzygur4aa5waezt;pdmx-qmxmhfebfrageoatnb77gp6kypnyv389itq6msxplnywsw
40e793838c72b17fe0f7c4faac6f0466fcbb7270b6a3b7a453059cf3aa1df349,2,pdmx-qmp6yvwfceqfkahnnx4b6nxyqh81hrokun9j5uflhbihtu;pdmx-qmytbo5r5bxtmyyca64dcv1yney8wkcxjz8wczeet4xr6f
412865f9ad850643340a81fe1563b4f9bc94fb285505e7e811b80c42b8e1bfed,2,pdmx-qmdb8mpeivtyojhn7p2ipzjk7sjv5ikafdybsjbmjsddnu;pdmx-qmyjs6qwwagnhgq3fgcjpx3g1kclfamwvy9uocrqp5z27q
416c7b4b8d37d9b965a5c8b2ef029f953f93667f2c392f5b01b3c6d65aa2e0e0,2,pdmx-qmc124vbbawbheyrm3nxgnj76a2anbc7sr8vlvkj87afgq;pdmx-qmstej8j9p7qxowjcextxrsbpmrny2nu6xwabfnltvh6mq
41ba1aeadf49ca2b61623cb2ae67421062da0ae3ad5963e2531f018fc880d734,2,pdmx-qmcbthdkbnveg8qbthraphfsm9gq1ot7sbaqjcy8foz7re;pdmx-qmerl7egsxrfho3crgv3mwlczvxrcm61ykc1yxdfhj3bb2
421500bddba4f486291c8bcbec78bf0dca321155436e342df6b0d86976d1282a,2,pdmx-qmazeeqqyqcphq3vgdyvzdh1drbksynxyinjbvvvvhunc7;pdmx-qmz6f1zga2mnafrs3b9t6icd35r67yidpgyad6b5xtydar
4237d2934701cee190270510af454a3b3b1fb33d00ad85ce489c07b17b2894d6,2,pdmx-qmq3yfqosd8berr5twlyaqpc2htyb7391guohf3muesfgg;pdmx-qmucpdfbssmub9xynwmudu6gdcrbcv1odhhp2h8qcjkkmx
427f7fd422c01b93c2480e7f69ae499a0dd932667f8e1313b8f412e1dfac661d,2,pdmx-qmbxcwh3cq8tzag43yhn1nhhmxrsmmjahlmjspb5ztavat;pdmx-qmphcsw6eqxfddga3hykq16dr8kwnxzla9anv4x1j3vtk1
4297013dcf12e9e1dc5d15e219d37710598e097ed3524d24c093476fbd6d5dea,2,pdmx-qmtha3ucpdlzhfp5frbo65ujli6z8gjhmrc6rsqdpd3yzr;pdmx-qmtxzdrpcaec9zfjkshq499sfkhstyagiv4epajdfpsvru
42b0cb4b9eda77068e50e1c275ee868b288d09ca797a26bda98e547b172578d3,2,pdmx-qmf8z75ye4scmmtesejzp62yu4mzmkk7r12zjtipzb9eby;pdmx-qmzgacr2u6zq31nr1liesbl78hpwdt7okhc2xpaz6ndxzb
4337cdd7fa05bf4502d83ea0c85ec5dd0e3f2f3d89ee1ed0837d0b6d0e1f5bdd,2,pdmx-qmed7rtnh2bqpthzdyiiwol35fdegljw5yvnztswvsbgzm;pdmx-qmuskprz9jt7zpncinuvn3ade3tz4nvgzh21wwf1iqr8xn
433da2d3ff0cf75a3c0be31e91719420166e09b6c7d0e31ac158a27a293e303e,2,pdmx-qmwf1xnargwuk5nmatrkawhqnrx8anzbcxlc7ztvykubs3;pdmx-qmz85tb31l8hamafau3gqft2e9cnbwv8aafzorgqxzruyc
447513033a668de2267486a568e6b9be451d3ead205d364bc47386505b847b8e,2,pdmx-qmdhj76m91g6giewsjp8xjrauxuwud8xsqj2rmybe2acdz;pdmx-qmsjjctfmlr9trbfnfpxtomzq3pvxdjl8bfuh7r6vtxrij
44f75068bda5069d437bb2ab5290090a0d41ee4b3c1931ebcf30119902c642fb,2,pdmx-qmemobmencrdqf7iy4ggafvxedxzgzyfge5eje3zysbaqj;pdmx-qmf86zrgc8txpg4fi5fmmzgp7bhsbllfmrb2srh4edjhpg
45470026614b95550399617411a29222afbe30b978e92b0ce33ad00751b37d3d,2,pdmx-qmde7zhjpfxfsnbedmmrrryfx7sjdedgqjwrxjxe1e8mnb;pdmx-qmfsfhvycsw95fzwuznrvl7s4qqs8tqmss1ghirevb5fy9
45fde008e6236b0093efbccc777a761a19b09de0a325b062ebd9921079664ec2,2,pdmx-qmwyqudfiuy747uvafbsppxrr2qgdiw3wkktszj53xrjsx;pdmx-qmyvtredaudkjoojctdlettrdzt5jnfcbhhvkfzxvwarha
46ee0f758a297be1f3646e99ed71f23c568770388e5af34952db8047c5ccd9a6,2,pdmx-qmt272gyid8dkmymaaxmrud8ucc5nqnqckenrhfbnbpvap;pdmx-qmzm9bqbko5xopwbkpv7ybvwmpe2c3a5qgf24vltqjf81m
46fff7c1ba4df3b4afacb84b8119c761681500292aa760062f348762b994c7be,2,pdmx-qmf5jf7qc41ect3hzuv2ziiffofjvf5c7b5xccek21hvms;pdmx-qmzy4ks5gkqbggwt2jpzjmht9cqgshva21awv65gokdtxq
477a182f91fbb8e86b4bc79718e48a6d522bf6f53f6d0224741435c80c2adbda,2,pdmx-qmnsrviboht3jjadgwejpahozxhx1p8zdbdskdozxsbqdy;pdmx-qmrurqc55qvl4l7upgkout42stdcgxzdwdbxsftd3xkjj9
47cc85a36cef98c4ebcc54f08b6ca7b4163133b69f0fd65c4eb820f4585bbf58,2,pdmx-qmbkruixxo8yepfgs3qr6hf1tfkijf9gmgu9fysu7ob7d8;pdmx-qmywa9wpzpsu9rvtnzvbtie3uqadpc3snsfyxdc4nfjtda
48864a184fca1b7c723124973b9ba0acec259725a8d4e1196c91a10851bb5464,2,pdmx-qmta6rnazxlr1avhwzkytntcbydjydwwgxjnb4oqqxgpxe;pdmx-qmu7tchnfseafcfk6umczmbeevdmiykwwm6z1alqg6gbeh
49423ccf1a1b6bc4950b8c6d21b93567ee130a970faa7d333017fec1bb736477,2,pdmx-qmcxhuzasvsohife1sg1rjvykx5pcqfzrsvga345ydgjb7;pdmx-qmywsc23ojesktb4qqikzw2m18vlr8cp6cs7pvda8vpn47
49891776435b4185f9b34424ec0f8eeaec1a53a9adf6c7fcae26ca29310d18f3,2,pdmx-qmcqtkvatvc7q6pbfmuabspr6kijcx3kjomiatxgdurrfu;pdmx-qmcwcbrzbxjh1wtawnycejtiwcvmmdzvdqgzgtxenydjx4
49913ee3cd86e27ff5948313f1b48d5867e34961ba281b19e1cb4506f9c79d47,2,pdmx-qmabksnpd5h85wsloo6kwnuidr4nsqzgdxbacer9gzhjaa;pdmx-qmsjrdz6f3fx6tbqxrdg697zsj9huttu58czg7deuyfdnv
49c6306fbe58a06ace64c711a68adf9e413d0ce839b9f7e2bce48c24cbecd743,2,pdmx-qmcba6vehoxhdplynlaauvuisamkpav4ljsubmqokqe6b9;pdmx-qmw7tv9ugqgjxmx9l887ncxalgtuzydtzsh3la1jec4vbg
49ce2026ecaf0f1d25302d40284c665ac39c54ff199a3bd1dead8f80e2f052c8,2,pdmx-qmqcxgvnrxk4utgijoqozxnl4yftkbgu3kmgdf9edk4fks;pdmx-qmxknskebmhdb4f5wfyusjssmwwaygf4n1ebgfvkjbuhm5
49f921fcd6f5b61bbd98c3493a94428343c9d01a45df21435383dc5106b416af,2,pdmx-qmt1hmjwauatpf2mgghydei4bmybybadvvirjnaj9tlf85;pdmx-qmzqmbuuhxmii86r7b1ufotanj49jb9rux7np6nbpjntpf
4a0528592837a5fe1b068a6f730a7ecf61ebb4ea9068a33e0f1167e0b4b04de4,2,pdmx-qmu39w6z7vf6edkdkbzkaa16zfjwfc4hal8ppqlnfujmjz;pdmx-qmwewyuasa7tvlx2qhscttjarcw5dcaqcf6k9v5127ygvg
4b099af2ed4f3f0c294698d863d7439d8ba0dd0dcef5dd9cfaf57dc9d72cecf8,2,pdmx-qmbnqh74gsfkrv7gritfbrsfl28ljmu3nlcvinap5tuejj;pdmx-qmyp79ri4k7q89lgguj9gr5kzeismbs6k6fxeeijy5wuze
4b4249a31cb53b64a5cbaf2cbdce1f575c141c8b4a2a72b443661aa8f86ea72f,2,pdmx-qmplea1eefh4emstbnbrncybyjtjka8thpufhdvc98q1cm;pdmx-qmrviwenwcnper4gpxzz3mjcs8urprymceg57jqbbsbcbp
4ba54f5d951dc0cb8d4fd8d562c6c0e4ad9a8baf7861328e66dcdf8b3082c91e,2,pdmx-qmbyuqrflq7hxwbcbqptcte52t3xqmppuiayx3xgjee5pm;pdmx-qmpgtc9yexbupastrlpwy4gosmneou89v2wsedcum2htoy
4c4935958b5f11ccaa7f9fe53e1ab33b879e6eb76c4ce86db4e47b705735d18e,2,pdmx-qmc9utezm3mhmrefduazgqfkvnakr8ohjrnvdva47hu5k1;pdmx-qmcnf1yt8cavf4my9ardpukeehe4pgdqlx5mresreub83w
4cf9f903acd750893c47dfb93a94a8c4395c530924154df613917ed6292a35e1,2,pdmx-qmcvsma2rphtrh1wpi9asnswnqguhypdtsybsfl3smq1pa;pdmx-qmdzdr5j2xpfav2868ysgtbk36t8ghk8ty7vfhukap5xye
4d2a12ee11b0b8e8040b0e76af87c59d81831590712505fdcf1d4f207b45d2e4,2,pdmx-qmrjjrm5d3u1takorvyednarrlozeafauxxo592lajs2z9;pdmx-qmwcdtcw1s3ckdbp637jzj4ed9otordhjow2njc2d7cx6c
4d35ab9cc5b23de4426999189acc5906d7249f21ce595b3a5c4673747b18d84e,2,pdmx-qmr9wr6jvggjkdkwg74mhguof3gy2wwv8jifzyncnfbebn;pdmx-qmymwlxnweyjnkmujmmnxzialx1vmkywfbfkpjjewoe3pj
4db3a2776e4017865eae5ebe3b987728304b8914139e6987cd49e75058fc6ad4,2,pdmx-qmciih4hqlbhimgajoxzbrwev6i4df96zzlwkov1wipfme;pdmx-qmqj426wcd6tz3yb1w88zqif6kcdjy3kdyrndlyhdo2c3c
4e59a076b1d35b7e4c10ba0f68ee2f2eb3547acd664ebc9a6771fe0472d08591,2,pdmx-qmcdkxflkrd4d5puqthz4jdf3gcgzoxvvltkqswc1hmyxi;pdmx-qmzgtifvptgqxbqbl6eonf6dvz35rj8bzaoa93e8njp9iz
4ead200587c3480ea3229a58da4ec39f859c3475877e4510dd349c5b7daa57a5,2,pdmx-qmruhkhmhhjnsh3cchdqsc1wx4ulvmydfyakd6gvm2fjao;pdmx-qmzgram2gt1573ve4fphrxkn6zwtiqwutaw6lecml25epn
4ece8ceefe8fa91a4d8fd0ace8ea78bceabe7bae5491f3168aca9944b59e205b,2,pdmx-qmnm9pnch6rydco12jewbx1uicy3juqq817etwzmmybmya;pdmx-qmu9vtk1ksxybdhjpavks3mhhafdqgz4jof4skruqsygpc
4f25827cb4e3d8ef118f3cfd13430077451b3f664817960d4e84d6e7507cbabb,2,pdmx-qmt1qz5fazqdyinnbxnxzdzyoqbf6rmnhazq64b7gyfhcx;pdmx-qmz8wvubjacknekaiwchadhtuexqyvzcizkkrrs2kcanqc
4f631d0644410d8880dd671afb432b943262a236b330ad75256adbc574272604,2,pdmx-qmf1zdtabuaq1ushzm4qf25ee5a8xfz98da4wt2wlavttr;pdmx-qmqns53slxy7tpow3k3qz5csexf7mtu2udsz2tvw3kp9pf
4fc0f865943d8021342d7cf0f7fbc6098ebc78532fd368cca100a8c3f08af3bc,2,pdmx-qmqypkpaqazyyvwygapztgteszsdvmxklqg5hkh5cdr3d8;pdmx-qmxpb6q67muujzfboyjq49mgyg9smkpp4zektdwtdphsyq
4fddc2c61e0e616088bd642e314b388bd9fa4549b1c8cc845617fcb907e2aafc,2,pdmx-qmehq3v2fqseyxpanuk3nuypha969fhfusvrkemsnvmuv4;pdmx-qmf58b3hmpjfkuenycyc4z8p6y5icexgafkwjjiqbhypr8
5064a577d20284eced7dfd1a00f2ef6da2defbf2d9360b14f57a766cbb994e94,2,pdmx-qmtyhkyhyomkxaewtwuqumt8exmv4bkfgeus5qpecmhpow;pdmx-qmvtev7lrslvf31mt9krppxq48ujzqmqksipvfhmbytzoi
50dbe2ded74f9c6e52551b12b1baea0c767d62b231c23b9e0b98e6acbe881bd1,2,pdmx-qmbygiawr9ts4eogjteudfxf8xrdzksc2bdodzventxvns;pdmx-qmfxtqppygv4lpsxva5avztz9lktx2uu3j5ubjuxmjaqrc
517f577bc45f4a2aec50b9a5ad98d84933e2d8eee86611baf2bfa174bce9a962,2,pdmx-qmnt8h7byu57m81b9habrmxsqnllnuhcuqz7hbghfwovzx;pdmx-qmzq3a644w22qlz4cungt5ljz7ha4muenniacyfc7q9sha
51bcd31f08f7d1696aaaeda42f18a738127c0920352d6168c7dbfb1209d5cf0a,2,pdmx-qmet5qgrvtioh3ard7qsih7cp5vm89xzu7nxrhaqdj14sw;pdmx-qmxhuj1cj7l7kkpf9g8sp6et5actz1r7ok7kcdbeqx9h7p
523615661a2eb7caa47d1981cee3f7c66918fcfed742c9f014c54289ba75a8cf,2,pdmx-qmqaffggoverjpfhabl4ca5poze9tvrmqcbzbdrlyezyft;pdmx-qmsoowi2kxgotapsxhmk46vidd3cizv541h7xcmbcie93c
52399e6196d66ff5889f6b8f366618e719f1f16688ad7b9bb0dca174ca05b03e,2,pdmx-qmccgcjryg7ak7fzoud38484ts4ae4npaf1vhyizradtct;pdmx-qmraz3sxrxy8cbaqj2yagp1fp4imznh4tu3ptwf9raxfri
525c8f97ff59d4e60d45720eb553ff1b2186a665a535023a1bec013b7e7d5110,2,pdmx-qmutqcor68z2wq9pqczj3eakm7pzmpyydctpsri5tu9zwq;pdmx-qmwvvrw4a5dondguumsrwu38hl31g1s6munsntbnstcofq
5298e93391d1ff3d3739fb4aca10a7e62c922febc8d0983159628704e85410ca,2,pdmx-qmfbgytgyxr9hwjv32fndq96tn7bg8kzkbafqwcke9kvus;pdmx-qmnwmgheanjtyi2nw1h53qenfu86rhh7tuwdube7e5qtwt
52b4087f800dab3ef849e58b85b478ecd32f065527d38521f9034f14975bbba1,2,pdmx-qme9wsppmzfbb3ustkbzikplswijrryrcauzf1rhkjqrqx;pdmx-qmwkk1v925rnfnxepkuqkmqypntgfsgtsxwfoxgu68tpel
541410a9f7cece8e69ae5524bdc9004fdb88e99e5458f9028aafaaafffcd2679,2,pdmx-qmdej465ebdxh2rgzcpgg3k754gfcu3mhiertpxoq62j3c;pdmx-qmymsbghgrgflmrxm358r8brkym1nohyv3tyuzk1mmuk36
5425d7d930609e9763a955b587bb4c7f9c5a87db12c8fa2b68aa2e0de18c85c0,2,pdmx-qmeylj77tqzwsfjvxmvyewpx8pfxv7hm1xhl4tveypzxah;pdmx-qmztjydq6zjn8wmrmnx5jb6yumh9us66xmc2nkvy3ogpjp
542c454de2dcbb1841c1af7dca83e590dd7101109fb2ff639040d2157c3e1d30,2,pdmx-qmbrkkaphvnajvx9dzeha6wejwtd87nujn7kjspz6u3d44;pdmx-qmwuruba8niec653l9ngjj82w8gbjgeukbnh3oz742tse1
54b9981b5bc5e9cf512f69acd15dfaeeedbfeacae3d2b72701bde1828537f70e,2,pdmx-qmrjeim8pckid9ztyf26mqk8ylzmgfvde6vqyfc3575dv2;pdmx-qmspunughcqolxppsskxam9otkj3vy7zi5lncfw59bg2kt
54e0db0caf10fa9ac0da6a21fd2328e3faf2d0936e22bcfc73ddfe3c1ba90e18,2,pdmx-qmc7safiuewowtxfrzckcdhj3p2p4gwdndqcso2nctftqt;pdmx-qmznn17ptnhnpuzk9wfntcvqmem8zpme4omn4wa17eu8ll
551ab964b5abeab0f948d362674e30f7bde8a029fc1a56964513c63002df26dd,2,pdmx-qmeux1193jg5xmauwbkrxunxp5z8as2ed3grlfex4tjtee;pdmx-qmtegy1prtndz15n9vqjmjjyw6yk7xtngpcifqryldsbmz
553b5fb887830fd3eff4b1abdcd8c28461ad7293345a333b10777fc8b16d0a83,2,pdmx-qmnwb8kodtkktmuqtrr3dwxygmbjytvksrjjgsj4atbeej;pdmx-qmxy6qpb5ecchjhqxe29mlt3vatd4nahzrpsyks5yvexhl
556c204f474591af38236cf76093ad286522a405c33d44770837b868001d4fc6,2,pdmx-qmespehcoi4hefejum6aatulfmvsrxpqzn9vg4dggvin2k;pdmx-qmwznemxjorh2hsvhe8ixnuka85vztyebzxqcgx6hb9epy
557e3d2572eb235a370048019fc8aabdcbab5814189e924a53796fc7afb323db,2,pdmx-qmqkyv4orrdughs6bgpc4jn8qdxppd7p513wmx3sbp3uev;pdmx-qmzubtnq1krmqrdl3zvtifgf1cjeqylzgkgais3nnjkg9c
5592e341fe801542762ac6a9972aa7cbf99791da275f7ca7e266417fb242234f,2,pdmx-qmwyszv1thxwmhoyhqr16qhtztxtxrhqxknix68mfyae5t;pdmx-qmz4t2zpoyxrmdu64dtvv9ztymhhbb41ybsbi1n6n8bbco
55af471859f6a1566f632dd01a9353499be56f73397b46abcbef933add0a0114,2,pdmx-qmnrtfgfg6yx9z6pfw2f2xptpxxqdlxe9wvxnxidstvm1y;pdmx-qmuhwpnwkbprdrjz2hvejp5cwt2pnnusl92wg8an8k7fmx
56dcbb97b4160d7822313fe9c85f43375ada1968d3f60f2b82be37bec7ffa865,2,pdmx-qmukgtx8sqq4dycqj1exafbankmqny33kntrqfwgdt8prt;pdmx-qmvdh6ylwhzegig1wzoudxjwcpvuriczdy5tgtzgkcrgzq
56fbfb9563a6b8010c73b7b98923ba3409c0980f736851766cb328c9c6051069,2,pdmx-qmdn3pxeifgypmxv4tvwoykbuyvp8gn4r6acb4dohfsxv6;pdmx-qmztezhkq9ws7gmfurqz9xb3sbnuv8kgzqj5smasgbjxrh
5746fcfe7163d8b5b8f5b250f23952e44795a0c683346dd388a8332185e2346c,2,pdmx-qmf9hxdouuvbtopcobfssxzk1wc25j5x8qogby2gm9vjgx;pdmx-qmzvh6w4nm8y8e418wnct1k5sxdqeubuypsxdnpshrqgoh
5777c12fb2b4d68fcce4379549893995a51eac79c5afdf42b27012e7b458d128,2,pdmx-qmcjbcrdv8d3v978pbrog6lwdmjmazfseaahqr4q2awyu8;pdmx-qmvfyxyzn9jnn23eeaz1rcqjao93jx3pl4idjaxn9emakp
577d08ab1c438fdfbac492047b407201e9e4e696795f15c814b3a2be3d4d87d3,2,pdmx-qmpvjvlwve9s2fmq3t2meayreivgecnmri6rnjqpkvn9vp;pdmx-qmxhakg6dbrnfc9umybvbzxv7bx95xzgbjcwwp8eqakgfb
57ab0b8b47ddcdbbf84b26bfb6331d2f9156ce68114a3e837bd2d0871cde066a,2,pdmx-qmtlahzlviqvazbm894enezch6hinye3awqnjhrhx37vzw;pdmx-qmz8fdkngje5mjlwbmx1zqszyyp6dorvccxpxjskr7qrbt
57bf04d33e7abe48d7093fed18a1e500c601cd018bfe6a966ae9efd3db0c23f8,2,pdmx-qmdaxxcttpvzdga76rwaasqywc1fqtjnahdlxpxb1whv6u;pdmx-qmqpcy4x5smzg2e9quwxtealrhh1dspo5r31pq8jtcdomv
59407b08ec892936cf35ebd75003c001c331f274a7275bc3ae4a3eac6dfea01f,2,pdmx-qme6qaygbba8b7a4xyalccjfpeca5uiep4vurls6tmjqqv;pdmx-qmsecu7zvn5mgds2r7gxuvermdtlzg4kmfqkjapv9xffye
598d5473b1a56287c47310451900d055d49189aaa3907fed621c3987f4fb11c9,2,pdmx-qmnzpvxl7vravzcptzr8sma7uof6hkozii2razdrhzzku9;pdmx-qmwpnz6h2pylggvkq868bdqxbr6kjalq6utuuthr8xby43
59ae538999e670d670f9d1a331be20570ee593078edddd00a477d3720b6f6d9d,2,pdmx-qmwcgkhbdqesg2cgrzrupwkkdyruyhfxrspdfhymyx7zud;pdmx-qmxhdmvrmlpmma6pszqzrpxm5p3c8zqkxng2tjg8lc1yt3
59b97da90bcabdfbf5afd15db6e3a1475893924c9258682fc21d1716cb057139,2,pdmx-qmf4xf4vdvtrxulyyqlo9hquy6pdwv1qvs7sbybyrrdalf;pdmx-qmxba3d6ttckoxduy1xlvt1zpa1jyk2qpe2yhfred275ck
59f907cb41481b76af8975a7d1ec1826e5658758cdbf5e50f92596c414775d8a,2,pdmx-qmvnfdyn1qissdmasttxpqmwzuv1iqmxdwi7mafbtyxpmg;pdmx-qmxvdklxkpynmyfvd3i5ffdjbq5whrfkkcv7xa9cl1gy48
5a2031330da846c413110561a5ac694d57c0195b52f3a759150ffda48feba7ba,2,pdmx-qmbwzacyqwmkrjesrmrnfaa6qjrcitt7fpvc5acfggmvzu;pdmx-qmqqsdgjf5inia45haftklwwunmkibw3mtf77ku5nscdej
5a3595773bb6eaa180a201237e97e24c46ccba22179c0684e9109290b664fc65,2,pdmx-qmntrq9rvkxtjiglzuri2ta7xwp8sumtpsjmpqn51mcvmx;pdmx-qmwbtmf75th9rmfwvnftuiurbyjryt582v2ghbbprx9umx
5a3cd67487830975a510d55cb146cb621c528e31482e83224ec6bc8ecce7d4ed,2,pdmx-qmbkewo7ihaxflwlvpbvqdx7neh6qrxkg9avarluzlev3f;pdmx-qmwmass6ojbj3rzw5ty43gvfsaudwcekkpjnxwpbrakcom
5a92e6258209fadad76162b238fd8a219b2ce7752f4984a0a7695b2a3e723bbd,2,pdmx-qmafrsrngeumggm66hjcqssgkjdflxltzklebmhj5tnmns;pdmx-qmydopkax9wnft7gnn5qbcrs4qawpbc2jwttfyfzsj7xjn
5af4dd82b9c59457d1a55e213fb1e33afc72a82ca62786ee5517c2b17a4be472,2,pdmx-qmbdabgtnivbf7zfdmeo1gyyqh4g8cmkvuemfc8gqppyq4;pdmx-qmzunzsu5wjs3p2zca1vdxgtrt4v562kmiws7fm96hqtsz
5bd9ae30427f9314448237555219beaf689e20bed377e97773c4f835541cbe1c,2,pdmx-qmbhvftdcaslqtkv9wqmf8qw2kt69snuh5vbubeuqwdcch;pdmx-qmxwfdezrq1xhs3yx2asssvrdkpyc7az4c7zqolzjvwtss
5c27bcbd136245f923c631665b1ea3f26b7d1c9f8464a036c0d15ef7bac9c93a,2,pdmx-qmphb26qfl8wwvjc82ekoo7dhcojhvglwcrwvdqytma2ud;pdmx-qmuodmrdocjr5f7enh3teog5fykyx3fgvfxt9w5vgcppez
5c64898c302ca13b50b72084799b28be8ac7b4ced7e3f7786bc947d25f68bcbd,2,pdmx-qmdjhkhbyhddl2anytgznp9bbyzwbbmoazruvumayqq1zu;pdmx-qmzngfgcrdgpmynlrgxny5wnyb5wvboefrkdsm9yicqqkd
5c7105a4c8501721264b9b6215d138861b8cd73e0963b5e35adc64296e4fb1e7,2,pdmx-qmpqzyxld52uvfnuh1jqpkgp55wr4g7rj7cussxcgagdw1;pdmx-qmvzj5te81ssvmdbgzqu5imnbb8ntzhi3g8yt8qtsrekd4
5d1b0b2bd2357f566f081d16e5f37b541a55ef005703c5e3588144248076ada5,2,pdmx-qmpgylskaqtfrhk2rze6pk191gdalmfb5bkdiv1gq6ikkj;pdmx-qmurklsvypwdxl9jnwsfwyzjry3eh4ubjrsc1vwkq6dt59
5d66467a8982959d227dd00389ec1cc8e9227dfe545597782f8c279495e0f255,2,pdmx-qmreynkqxve5fdb13tois6eqg28nrb4ldwfjqeycdxpovh;pdmx-qmxghz3xdem89dft6w2bbwxoxbqnrtqgkagcaprsbvaufc
5d96640df3f532f2a27fcc1941a2dddf673d584cd570b22c1c285689e8582705,2,pdmx-qmbh7pjejoe4sfyy6amuawoozinqkemdmm7cv1fk8fdrqb;pdmx-qmwfrgma9no239fcjebu5echuieirbvx6k7kyuw9wauhzk
5e3e3d5b0e94786551a1f5a8b9cbbb567b317f97c579fc3479968d9e3a51ec56,2,pdmx-qmqgddwv79ekxjo86zhupdyjqdczb5yx6gn4kxsttt1gwg;pdmx-qmwmx86yxf8faxueg7vfq9uhx7twltftegzdgcunycrqpx
5e463ef18db3d095922220e7161851affd91a9fff6c3a63346266282ddd61a65,2,pdmx-qmnnnv8shkjbgojz23c85jtu4ygmvtyuexv9enb2kevuwq;pdmx-qmt67hd14a73bg959sggfjtuqcozmtp4fdiu8esus8qdce
5e84f716d51948e5a9e03742c77f5a31937ae1d39b7bc0ad97edcd639a668dbe,2,pdmx-qma63drnuc5tjvn6zxiw9bvflqhqifunfv3l56vwzwbgcs;pdmx-qmvmkpu4xy4egrhnmweupxvn9rnteuufafddkrghobhjyt
5ec55b4d8a99947643ca43ffd2c4e5e62d846b78613cdfa6e1649a1b5122ab47,2,pdmx-qmsdilrxe28as2jm3vi41jltiu5nvd7yyjrufrkgq82fqv;pdmx-qmshtfpa2ehqent3s2ngewy1kd3jwpxfdzqxg2vnzqksfc
5efad55c3dbb82563b6c2d080b6c9c14aca1230ffdd11d46f18bcf6c5f3a51fd,2,pdmx-qmvqizpgwldivx2nlzfmaw6i6dxyyy1zafx5qburipa3nq;pdmx-qmy6vfxfrzjgsjqyafprue9xuh19rntpyzmpkdnvuubqul
5f0bbe10e26cd6c135fd784cc82c51e7e770d621d0c0c27ef09198e274b11e74,2,pdmx-qmdaznkr6bgbgfwbufgatuuoqrjqpsedqllkz25ici2nw5;pdmx-qmettwgkaw887bbdq1smucuyumsyzjvvz8tyvnhfvb4loo
5fa276db406f45b7afae57bd95702003789d60c1327d08902e53fdd60365cc82,2,pdmx-qmsiauwuuwzsuguxckyvn2gtrhmmjn7hrk36qqqcfypn1c;pdmx-qmw58zm9sweda66uskcntmvj1kfumajfawyw55nv6rj7cu
5fc9ab989f2b87058d81cb0d9473cb7fdb55dd6509f8bc9ef21599c3ff5c2f6d,2,pdmx-qmrcfgbtvobicsod7h45kxug6hh2stndyuccakhssnrrjo;pdmx-qmvuabnynih7b3hir5ieckkyi9sf42s2f3vvnvufkwxybt
60676d9a374cae7255df8590d0e19464ba16dba05cc5dff6c6c277eeb2f41584,2,pdmx-qmayx4schachfrlbtjqyjwfvsyl8blwaw54xx8i54zumvi;pdmx-qmxftsjf29dlpnxt3kjfh8tu7mxey9dzwodc7knwcajyrm
60c3370e5b68d3ffd8945dfbe2852cd5cce98a5a7e4879a34e470c3a7c9f073a,2,pdmx-qmbkjblxber2qzuyquucnbc9t7ypxihhmayzcmgn2tju3t;pdmx-qmpgkypep6tbfbykmtx32kkrymdxsrnwvvpumkehodf41y
60ca09941024b1b1e5ddc418902cfdfd3fd8f2b7dcb28206abca6b62d338517c,2,pdmx-qmqsy5hc9jzpakdxsspcygpzdy3hnfffpabdwgrphblfgt;pdmx-qmxfeyv9uw9l4zhs9ahldz5sahim2oaz7begts7tncxgt7
60e6b80c59e643656dfb2928d81890558f7e3a58c1a191654edd77769645d6ee,2,pdmx-qmcjfrscnlbwcqglfbezdq4esdldgkiam6tkzjppzad7s6;pdmx-qmsqgfrq9mhhyhjneba7h82r7p3upppbyx23ns6r2budhv
60eb073dddf0bdbf8059b596b611ec08d70ca019ad4f849e01b84a5ee29ae170,2,pdmx-qmnmx1s18sj2vi9qa2reketprq78mvcsz2tsevvlhz5vdz;pdmx-qmyjm6sbtaxbhekapdncbxj9ejeungnkvugkdsqwjyarjd
6152cb2db2527bb88469ea2fb18195d0dee4ad0dfc9107f28f08e053c212c5b6,2,pdmx-qmdv4g3tfu6tlramqluvu9vapkj8w2ppvvwuarhmdg3epu;pdmx-qmvumnvdtdejww8xllg13thuzjkhxzvdb7gdxyqvki9qtm
617c72043946d001550f8d237a061182595bce3c6aab3584e10ce07c21cc5e29,2,pdmx-qmenu9xf5kkraeb2xbi8aj7k9caubv5h6kd58dr6z421hk;pdmx-qmz5n44gntnwdgxt6sktlyalvyz6xypyvdzkkfyag8pbty
61f25fc38d0bce67f6fde6419002157fc172aabc13aca6b8f92939f17387eb4c,2,pdmx-qmferkl6oxhvqgrp1e3ltn1rfevvpyzpvrgk32f3eovyue;pdmx-qmpsvhdj74ug3qkcqgqn78wnnjnjwbadptgwymmswrk9k7
62bf2c324e5946b08d9080dc127e245f37d2ed2c30be96f19e7d18c1944efc21,2,pdmx-qmuw8zxdyfujytmnqe7ynmwwum6eg8x7cpse6qg12emvc6;pdmx-qmy8zv4x8v2dhzrfvnimbswrxc2y4ev2ygp1lmmces44ey
631c0a6a12014c78629044b0b8b8dcaaddbbf437e00c9a2c10e6cd2b0ea6ee37,2,pdmx-qmq6ksdpzgwtp8ouoatmrewgj32crwc5hyiaczan9bn2df;pdmx-qmv2nrd2gvtjuhjr7khzmmjpusyvsskpozycckr5mda8gf
639ca37ced6ff6ec50675576f274cbca44f60b491b5d9f626546517034aaf1d3,2,pdmx-qmpw6bxmvoey7xatgyklxz5fhnnhvnoedisycaf3lp9rd4;pdmx-qmqmta9fny2sdfbxttuyf3idbrejgqefpfcoz8a1pvru9h
63fb7554efb57a1f313666a1ebdc6bbc1d92d7ed0c994275d7d1a631bf2dab07,2,pdmx-qmcqdd6pv2kcfjbauvjotfqekazbwycws494tnwefahvry;pdmx-qmnsxuxifm6bdjykcqrorc3bb1xccxngma6gv4ye6iq3ex
6463fab2abe02073f9af5f53eab9cac9ec24ac3325423bc099f0fc84662a6247,2,pdmx-qmcr3wfzs4jmmg48cuylswjlgaz9hfhvw6yqng6azzah2c;pdmx-qmw24sdbjqkyobfd8addpdpmscpihs4bfbe3esvhtwkesg
64e8990cc66c16beaa6577d13ae47d7ca1e32eda2c181e75e3bd850407b0b8e1,2,pdmx-qmchkzju41xamikn9wjzxzcbtwrhvyeyhxnkm7vsvkfzqx;pdmx-qmpvbe65r8xe1zvi4xikw1tf8asehm4buuqxw8egcxctyk
6506ff058b4d316d691e1d0a546b1a98f8ab19becb23a31da8b64de061e73896,2,pdmx-qmt6auiewxk89uzcc2y9eqigra5qas5mz3u972mgcumsex;pdmx-qmxwuagydkqqwl24e3yaonr8kszg5ei1mi9tkcztxpuexf
656681a4effd04943de1477b093d5e66fd13e3feb4e8067445b0c65faa38e698,2,pdmx-qmptzdrjrjqnnp1rzshq6ryfcazhfuvpcxder2mmzwqpde;pdmx-qmtxecszvugkerdvbq72kgfo6zfvceubaij8yq3eezicoj
65c82da52a080dd4784dcb5565658f270e871a613875601f7463e2a0f53af354,2,pdmx-qmcszdbgjpstmnew31smif7vyhg7nmdevh7qkahr7wvsjf;pdmx-qmdq79r6ccscvl3cyfvxkdgycgk9y2b8c5pqkdhcwcbiir
65e8c43c6ffc4beab908fa7f45cf1542b501195ed49ccac6accbbb97d235dc5f,2,pdmx-qmb1qrwksbdgqce4gfvr1ixer3yyr8uswsck3ltu7mwq24;pdmx-qmsuyrzdgswqrtbqnf5a8alzrr5bopbehxcqk8qsmrkf3s
666b5ef80427d45e86acb9c0a39ff988fb7dfca7e72b1185944a0b03efad8bb6,2,pdmx-qmrzej8vvdngsymvrnc5stch683ybthty34m4xjkrsghxm;pdmx-qmzhrzmbcufm9bvhfopbi9ye7qkzn3rxu9okf6klfajaz1
66899683ca99351bbc67a1895591d97b93b9ff72f103b227ed814848c08d3282,2,pdmx-qmxfhzokbra8hwyxx7fykbs8n6ztch8ny7br3syrgty1p3;pdmx-qmy6d6mnihu9ld8kyzmginp7spt6gxlaxwk7y8qerkn5r1
66c905ffc02c4e0ad9f5e3f8123580d5446376c4a09969ca23973163c6fed659,2,pdmx-qmatdauh6dkys1iqqddvnduk6rswcnuy1y9tqbzqciwngm;pdmx-qmsel2ffvpxwqwygu2bhxtcxhfywkyf5bmbvum6fp3hghy
66de96915413891b18fb44ef2379379b0c8ce25810761ea7c3e7c15ec4c046e0,2,pdmx-qmfekqgdgqckjve4kqgfiaz44qvs6lkmyn3r8h5d9pjdct;pdmx-qmqx6jk8nypfya4opedlaaew2eqqccg4pjxnkjmuowldb1
670843f182eaed95c589f95208c6ca087d0774d223eede6b9180d5eb3c5355ee,2,pdmx-qmbnumhjbs2tqzzpobmnm34pvgbb5juxozcvzzvq3tf2ch;pdmx-qmbthenpodkpcw197jau7qxvpkqhykuy4hqohqdr8uouz7
674927820169c3bab0885c0cd91919eddf5fa65d261f785387132a4b68c19c34,2,pdmx-qmcuttx6hpn4h2r7lfxhzdqgwd26g7kyiygjynnwyviwvf;pdmx-qmrpkrtabgwzoi637zdv7o9qahkrwn7quycbuzsbckzrgt
67a516f05c48370d19c3ffa52127559bb12eb34f1061412198c43e2543b0e5a1,2,pdmx-qmnmiuamw9gayhhwtwtavgystrys3b1ueubpt3nhxn3zwy;pdmx-qmto4gwkpczkkxjnaidw4qv5fdkvbrte12qyktn3ig8f6b
6828e2f86cf8f377d8a8204159a6e72efe6757ee1a189dfddf6c629f60552510,2,pdmx-qmumsxum47neghqnqlsdvfjrpjm1ctmjmwvtnfbaj8gdcc;pdmx-qmx23ytjyuqgkzstruq3vvqniav6tpknpvnjcthlfcydn2
6943d4e69efa223fae5ef69f1ed259e6161ccab4068534a9614accf7928d60e9,2,pdmx-qmnp2ztmvch19acczl7hdkurxriukhg5q9v8dxemharky7;pdmx-qmsgqs3gasbccpxw9sdcaanhs3yqdqqis3wp7h3uwmof19
69615a4b7a8ffdbfcd5df5315bfc0a8c3b0b71ac48cb4fb428d4a8980918d4c1,2,pdmx-qmbjavwfqayt7e8ajmql2wpiuj2hgau7d5qpj3rqp3syts;pdmx-qmrhmy1jkn5tpdhgkrgyy3v4j3uabpvrfjn81elnnlan6y
69d093815c4cee548250f9d37fa7337a391319d798fded9d15b0726982bba50f,2,pdmx-qmpmeb61psl8tdd5mpcmvnrfac3jnpydvvfbr24psyx3gg;pdmx-qmw48tmq1nxqfwiuyrhqkp27xcbumrruarps5d4qtwk8lc
69edbaf01caa6ac145ef3b34857316518c0f314fa2a9313d8909eb5a7f7d1c53,2,pdmx-qmrgs5xntrw3nnibfe6kcwjuaizphrdckhj88zzgda8k89;pdmx-qmsfkxns74vehg7n7ygzxdp8d9v4arervvpn8h6qfscdmt
6ac231ac94be3fbcabe5ca6649b7552de0693c00ff43d05afdf22bfede5e8835,2,pdmx-qmqlaympnyknyz4uxwrixwb5qyksby7ksx8qjcvs12roum;pdmx-qmt87zn7qmxsan7h8mrhomet9znzmwbvfh31wfx6nvp4uh
6b608ffc038e1c303377540bbe125dd26c95c12048315ee92ece6e64d02dd88b,2,pdmx-qmprsgpssvq8a9r4dswfdebiytva1hfecl9krbfqwaecmx;pdmx-qmyvgtw76szar6gscnfyzmmib4zmexchx2q44wllp1zg1c
6b8d02f68deefc8d7e28310e8149348c8027331104e789054a502ea0df3bb782,2,pdmx-qma5qricsnqqsuzzijrq9f5ukepqhf1dpwfb4cggqtf3c9;pdmx-qmbbngxtsgjlnytqzqkcbsu3uyu8mgadqpnp9bxw4oqxry
6c849b22a5547c1f990558bb1929a9322932fb53fb63d658b67a28a3b7bf945f,2,pdmx-qmfgghce1bodrcw2tfzv1pg6ceudrf5wldmjwvhchrzg2q;pdmx-qmscerrj89la2nm3fcthfurvur3p3yrevb4i6tp9nevzr5
6e3e8e564bc71b9dc07889686e52fb57b562a1348cdb5ecf650ea29aab395379,2,pdmx-qmeb4meblkbjtgw5mfstxmmbjtgtdpczsj1meljhakn7jg;pdmx-qmsdclkcjvmg9eeq5mqiwagxckny9rhwedr9ip2rzq3u8h
6e652711b7d9402b0287c7e563ffff736320961ff0cad6246f4d7eff41b8b248,2,pdmx-qmrygv16kdutykwjrqtuqk6v2xjcop8l276ga8at2jrmdh;pdmx-qmuf7mekwmk5uabhbjpnkxew37kfwbwgugblpdkuvl3mc6
6f1948fc912adf158fe0c93b0975bc5754b3d21c14052b0c6d6cfa6ef5f03f3e,2,pdmx-qmb855hqznmtg9jbhrhgxamq46se23rwbod8gwvrfzvly4;pdmx-qmtxvr8uxf9credp9malncwnsgphfyau9uvxun46imos9p
6fc624f5d05714e95162b8b093ac235178f8100163045844b8cca97f3765c323,2,pdmx-qmt9qomla2reb6hnc11tgzbycymn9ct1f7mxwzg1fdthfz;pdmx-qmz6ztqf4zojo4jefhdx97xcfgtq9ktefe8arfnmnbibfy
70a95718234edcb5f2cdb765c689f95ac1a0b218df08ef8eef5e02e9155839c4,2,pdmx-qmursmqmfy5db93ztg2yr7r3wfxwdui3jwyj8gxrwhlevb;pdmx-qmyhhcryenf41yxcrhrxgfn4gylllunhzdmtwffb3u2paf
714225e63a80d32eeb83f97e8c8789133eb8567614c772518784d731868cb17e,2,pdmx-qmuzg8fpvt7tt9zggzrkhxqf2v7zz56ljsuwhgwp7zjb9b;pdmx-qmwtlkdn52qdxrblfc2afh5bjh76daj15yjl1ncinhgnmc
714c3972adeb2b08968a1445163d766e33b09b26c11f0618b42f28adcfc87d0b,2,pdmx-qmsjwh5xkphircasxvscehd1piexxztv8fqfkh9sujwfck;pdmx-qmuhkdspugn1mmara1pqykjbyylantuv6rnbpfchkpdaru
714cb1d9c2dae93b47333e894dfcffe68ccaa7088a0cfde6dca8c3dd00367267,2,pdmx-qmxnpmnc9makzpazpxn1rfm5eqknnwdhqktamn1ecydabf;pdmx-qmytydxp6sdhccrhrmzg1fn4rihjqvabvgehguxplbuv6a
718f0c80643dcd36c0a6fb69c7b957d9eee2b0a434f40553c5d55c8fd30af2c0,2,pdmx-qmrwkn1ygmj6nske9gp881tcl6xf5yva1r2ylgt1emwnrw;pdmx-qmutsosczw4pznutcfqsqksd7acjrmiubg8ghynwv6v8ng
724f3b2b8602aa4eff728c5a2519a6ac3ad0333ee2127af9f430c848add4ebcb,2,pdmx-qmblbgugw5isugbnqz4gtrpu9htad2iwxlfhsjt2vykkme;pdmx-qmrssstztws2kmsxktswxcv1fus6qt1wnb6t9kk62wa92b
72c68686db32f0db28ea1b28f97df7b05a94018bc560784bc9cd47190e2bd5f0,2,pdmx-qmrfvvgxqgxqpkwutjphtkzpe8mkimyf9roumjbfvrfnjb;pdmx-qmrhdjacs3wefuh2mz1dnqwyyys7s7d5qjnkma816vk2xc
72e11d341278119585ad9a5477a5f2c5f7938f25fdc577d568fd2848e1f6ab54,2,pdmx-qmenfgguh4z2raduicbgdnprf2xuykvlwcvyphhfasnn6v;pdmx-qmpm5rgd8sb8ekzoco74tmrdzvmtd3wnrq3k1nztivkbsv
734a22b5c1cc436ee24b580473da386478b10951e460686f658f4e6686d8dc88,2,pdmx-qmt76vqcrsq1lhlrsaeaa7r3uwttj7m4rk7qw16dgjhbcy;pdmx-qmuk9h4dmuamto5rfzwy5nxpzzhqe9gpozm7rewbjuyrcl
7392397e68735563de18ec10dbf7b805d0b30c6c98329b29285738ab13639c71,2,pdmx-qmczumljchfgard4tmxb8zbmact6vuh5e4ttjxzm5u6xky;pdmx-qmxs7qezknlp7qzuq1svldwizyuxxaewfqfeopymueuzyx
746831fd59223be0e06aa280cbb489d87433422403b728f4e29fb112fc3dd375,2,pdmx-qmp5vxc2c7ydqefsxt2nadoqwxa6hohhukb8lxd1ihprf2;pdmx-qms1hrz9egmt8gxhl7lxczufspvlfsyhq16evdj5rj75kn
74810d1c59f1fa8929e621e5025ca20b41c776781f2eb25272374b176ca727c6,2,pdmx-qmeikfblnrju7ozq8dsucarsuvfqhhfs9ert1je1tebvcu;pdmx-qmrwmkywap9pbukjuk8gv8hs1pph1wryv9mtt5nuzafhbx
76fdc455601a22fa758b85d67b8379d23b85ff45acd3340381d11ecc7baee686,2,pdmx-qmeksmr7xgc7ufor2f5awz3xjqapp5rsied2mh7dzk8vbf;pdmx-qmqwsgndgwegf8gzvrn5dta9pjdxgmxdmuzvoyhsznd13b
77a17f68aa51830e99c68816530eea7d5b6beea93604131d1eb103a9f437a653,2,pdmx-qmaupa6cjc7trkkywhuqaetv5buoxzh7unr87mkzsumnrx;pdmx-qmft3wgtkefyajexyibjsnk2tv5hva4kdrqftl3tjysqbf
77a2f0a3254a28c5b171132253eb58b4da2c387c9f44fe6104d32b8d3847905d,2,pdmx-qmf1hlqh15ze3pdlkxjwmptbmz6pqqj3cuayivjvzk5jy2;pdmx-qmqjxdyze6uhwmcrccsqponzgswgemmlfqajmnhe9swev5
77fa19168ab27719627d3f86bfb14bd52c8c5a3c926fc250182bbb2719fbf07e,2,pdmx-qmnqfsrje6wrgyktv79y1e3znh7w1dzrivaggnzppzte5a;pdmx-qmqgofbgklntgayr3cv9tbjfkgmbdbmjrep4vaaja24qgl
78489971cdd45a4e6100f26b5f57e70dae74790746e0bd016327836d83fb155b,2,pdmx-qmeatsvvf82gqazw4b47tfaafqfwjibawjnefke6ifcdm8;pdmx-qmxbvn369wzrsjj9slnh3gus7bcige2cbzdnxetplqpv8x
7892b0f76ba0925a73f588a4bcc678c7d3740b844824d28be120d50167ad76b8,2,pdmx-qmpcxanbnkbzaebxnatxuhwm2bw7wfuunadnl3dpz5wsmo;pdmx-qmwuztstspp3qpmrcnunknxemrb7qe7dkv4syvmawjtvuu
78c4ead84b1c6d0e889a7a4737a2e15d1c88b333537288b95c2ef7e43b0f96bb,2,pdmx-qmfqmgkz3an2rlswfn8fwkqrcvwbn7jha4fvfbtvffaqwd;pdmx-qmqaxx6rgsbtwmwxamtweanzdjvxe34ditmy9coycfn9cd
79edfc6f81c3c5230f962697d1adcea6ba079d4b362a9670d7e3e87c1b2e6f64,2,pdmx-qmcv5igqmh9uuapkinhwfdk3brq5v7l8nutrt7qr1o7nzo;pdmx-qmzzvey8nhu1cxdxxvkha4iaphieo29i1k9nfk7ghc1hux
7c2702880e791d6b9420c0e185c790bed78bf1e6fd00fe9a6e8e1bb38be2265a,2,pdmx-qmajhjdtfgg8lqhwtxwrdy3vahjfcnqmrwkwacybfsn1v2;pdmx-qme9wcxudsb1zf3mefgxqmberwhcfv4jfxd64euvymqwyc
7c28bb73094823329131a5b633f096640c9e4695d8d2b63af6539c89362f4c3a,2,pdmx-qmc3t11xxirvxxa5e4p8xzwf2xm1dkuyru9k5bzqckeieb;pdmx-qmusz3w1cdkdf2ylprd68ryagfnthdatjo4c9gbt6httwg
7c3642e6dea57fb91fa0c33aaf4a2137b7bb0d9b25e67d48a3227965db04ae93,2,pdmx-qmxms6qtbbbsqyfx92cetvl3za1nhhexm2xmmkykk5ksir;pdmx-qmxqkghd12mxpmuimhvbrsko6jej4txnhdm3ps8cmiqa4m
7c6adadc05e00b3a79a1cd63662ae82812293918ce2c2cdd954ec0655f15ac01,2,pdmx-qmt8o5jrcnytvcd3ecax5umcn8kia31fajyrgfqjfqn8sb;pdmx-qmucqdwkrflldtmcgqisbkvq1yfxa23x8fvtntcnq4jogg
7ca7a93d75d868ee46928f4f149d783d8d1596f3e96586229e3c15d5ed6f320b,2,pdmx-qmeljq9hnwaauy4wsobdot5cmqmkltujn3cyyrscrflde9;pdmx-qmq5icbmdvtv7ezvdapixcioreornpz6jnw63t4shpcvpy
7ca8277b860acfbcca79b59a7ead6179d5f0ddd780c4e68e156f9306fab8a356,2,pdmx-qmphte6unymig13sgd35rmfp46xheakwp9upzz3npm2hr9;pdmx-qmtzibi2p6f3cf1etx4kaf7dwg8cscw7cnb5f8nuwbpwvk
7cb1fc19714b5ef621ead12fff275827e0686d1241ebdf79a76466dd525c73b4,2,pdmx-qme854we7mybzicvqgn5mxwdlvxpexaaddn15qwgefqxaa;pdmx-qmslvaagx7k9c1knta74akmf8atdxtg5tlypd8u18ygkhr
7d04552ea783fe53137db42315b0758f58d08bf3a200fdbe933f4db4eeafe96d,2,pdmx-qmruk7mp3kbqtvyg66eoqhqpvdo9wssggyg5tnw6fcw4s1;pdmx-qmwkzymwquwvhjnjeubkmefqw5dtz5p85nawfxvjpujjtx
7d6d4050e56f7e19876bfe08e1ee1c2491946fa993ff7afbb36833396ef309d7,2,pdmx-qmaktpsuqbwyhywmqig2vfewgfxmp7afcufvwwevczbie4;pdmx-qmt71qee1rvqmvhugkwudr8tqbm22dbe7egxn5krrrjc3l
7d89a0cee198fbb809b0c9979e462718c9a12913326bd3d1d11ba1f5806d404b,2,pdmx-qmqqjndjigefpqiq8tadudtp4in5hrpprjszh4733xmqzz;pdmx-qmz5edkbhev9jepbpr9mcdsercphfnspkgplhjwjtztitu
7eb0a46518df5ee07363d825a9f5a4b2fb5f59cce0c911df352fc54117f152b0,2,pdmx-qmftd1cp9bzhjdxryih2css6riugqjcmgxsrud8wvvycbb;pdmx-qmxwny3mfzppazetvphv3c6rhqox7mq7vb33rosc1tdhms
7efd9a22bf2f43653079969595e80f17efced0a0e4d309e2dff13feeefbc7af9,2,pdmx-qmd2tqd9jryaahea1r2pectlsajkzxfh67t8medqt4jdhn;pdmx-qmeblaerfwmnwgnkdpwxu2di3mi43ictwrg3otw1mgrrpu
7fce7011889e9e0c311eb632e36aa4ef83f7ac2e86ee63544b676fb9d1687e05,2,pdmx-qmcylbtep6wphuvdrjvyxtpvjzrogm2ftzqgcnosv86vve;pdmx-qmxxgva5oec2pepw1sdfoni62fm9bz1zxj2cpynfarpzqy
826e360940011eefee19e087d1f560ae2d3677357a553ffe0f230b6cd3556d89,2,pdmx-qmaa8ytbqvp9xcmjffrrthebfy5qspco7zoz5bjziyz9t3;pdmx-qmbuk8khfuqdm7rnvqbbgf7tx4v8w818ksy3ia9zqupikg
8279466846197b874761607a48d4a823151b46303450bc492786ab8aa098f001,2,pdmx-qmnxknrfxzsdfsqwnzfrudrau5ygpgovjzbbdra5htah83;pdmx-qmzyjsmypubvypkvwoueus3hvybvhlmd3iqtkvk7f1gxtv
83be9cc0b2ee5066acdc3de58b1e64482e9a27af15bc0a917a4a6ac92be9e08b,2,pdmx-qmagkqyubb313ethcjordrdjsf6berpsepgs8eyjmh6uey;pdmx-qmxyul8xbv2vmanvppsoxaxrgs2wiqxjhn74yyngpxm62f
840c844d79df3f6468d5f0709c4e61bfcfaa87dc04368ae8e16c7f89b9ef9705,2,pdmx-qmbr5sdccndgpnmrdwgmsrhq8jaai6hn9x17xxscxewrng;pdmx-qmxar28z5bz2nrcgcfrwymuvbmubvdumf3ktzydzrbxvds
85014ec9dfae5d1402a90b3e64310acf73f675aedb82f25011d50ad9387dc75f,2,pdmx-qmtsnuws5qsk7guvbcyozgdny2mpnkxtdkgaab71mdu42d;pdmx-qmwuj7l6nq7vhmddlbm1rqw5ntehxutvlg3ja1y12akucz
85959a8a54f1b35045581fc2cd98b94de3d2ab879eeb06dea483d56af8a72f89,2,pdmx-qmadj29kwxhymrdwbes1ebf8mfy1lasxskhdlvpgqkku9k;pdmx-qmerqbugnf6gfgbxvggm5uzdutvu9cm1recpio4sil64hh
8615207af9a7f5de22b4bc68d7bec226323de90fc58ed25b1cfb3055d38729d6,2,pdmx-qmpdwryv3czuqjqwm8esczqjp1b4ctdqdvmkaqoyu1hkbv;pdmx-qmtnmnypd816twlvrnmk2a3s6ljzuv8z9den7jsxzj6yqz
86666d6d4d499eb8733a7e784c6b03bbecdfba25c091c84558cef38645ce62b2,2,pdmx-qmbidurkjf5akm5elyjfsbynmcye1ezeauuvusnbtvft2i;pdmx-qmwnhhsf1ztzrfcuf662rvz3n2pg5ud9srkrayrzvzwujs
86a0ed98de418a7103a94251f84f295c24849de0a2ae7078b3e9683e185d2548,2,pdmx-qmv3eza4t3zyifocxrue2v4rghvsqziqvq9fomrjonbkqf;pdmx-qmzbsj87gwcpmjslrn2gvlnhcdiu4imo3w1z7akamelaxs
86ab30a1656d563a4476f377101643b97d8d7b4ef28ae3fd39fe03622a964177,2,pdmx-qmf9gn1x9etdwnbffopzdejvwwxmm7dguaefokpbms7tku;pdmx-qmtr8bgernifgw5takbgm3tayc9uhzf2yxzzfpp8xosgmk
86e7081d1400999a0a483c12cb5982f12c4b9a7805c63a5189c847263eccd8ec,2,pdmx-qmdk4cifb7gkb4gssgfyljeu4wdydeqnfk7ndojvcakjrc;pdmx-qmqlkkhixugtb8nlxbtwclm23vidhitpeprag3uvea2nwx
871ce40b5a1371296ed1065aa4bb38b4072a32e64c4d7d02f0e5020a84dc32bc,2,pdmx-qmt3ihuu8nrri51ww7muhmsuasteqyecpe2hlzgs18ubgx;pdmx-qmybb8zds3nwte49pm4ijkcxbqttbpfyxvp9ukt53cbw4q
8818caca808beb90a691e566a554853d8049375b7b4688a6f3e69e58c9a58dfc,2,pdmx-qmra1j15fcegkdibfyjrfctnnet7x4vmcjrscj67pt7sop;pdmx-qmtlyvyghdisqhq9s9z4syzeda8v5yjcjw1rrlmhfcg2c3
88755d714b6ce47b2197d62e9a191b28dc492554f554a4edd367600d464fbabc,2,pdmx-qmawujclwdqbynnwx84vwv9eyezptxidyac5aeydypjsbp;pdmx-qmz2sfvqhtvrjt3wqb2kvn6rle2aextdiczfqkueej3rz7
88b67101b703fb25c90cbabec7e6ffad929c2224322b144d68dcd788cc646e7d,2,pdmx-qmdujx53ikuqoupotbqeggmfr49vbeatxb7zvhcxedzrqz;pdmx-qmpchvgctcw1pmwenngmh8p5yowiimxjntfekajnes5ezf
89b80fcfe6206617727310f07ffa0bd46352678caa95fa1a6f5ee1f05b068c9a,2,pdmx-qmakmptafh43gfsedpwhpjcn7sdc4jtabtcahn5wqlucj1;pdmx-qmqtpypjbzqbaxp2qfjjfkrrsgrpnroqm4dhvx6ur15mr9
8a599099362c59cdbeb43bdfd98ba02e2a79d6f383afd067010da1dfd5bdc1d9,2,pdmx-qmutrdxnyz6xfab5xxvzjfqhttdixr9gjml34gwmjjdnvr;pdmx-qmzpjz1d4cutptwc5f9btus8z6pt4pkajzg2x9dhhmwvup
8b5a3a242def2edaab24947fd79720d18ac35601c5a072ce21c82b9dddc87662,2,pdmx-qmanghbgrrvr4vzibfk4vvgrr4ttvrouvghswsamfgbeuz;pdmx-qmskndm6wujxqfn3q2tha9coke27hcwz3spjjxaygkblbu
8b7e3d4b71757c923717a01f44ddabb586606774c53c3c084d404420639ccf50,2,pdmx-qmp7wlz3tdjwn2fanaa7vf8pdyzae44tumyycx6qk1sxsv;pdmx-qmxnhv1inqdzj8t3scb8mtszsetwnpasnrajjkmrxoqqg4
8cb0a6c7bcbfad3c5451630fb6d11bf3865b62d53e4988d3ddce535ef84f0bfd,2,pdmx-qmdbxoq1fvd1pzz9mpt56pmtmasjsh5eilivhcidtvrrrq;pdmx-qmsuqv3qnq9ddpzktu8b7cozheqyblcp8ufbgtjpmbxzzj
8ce1cb4f7f6f29c3e792db2ebb3732940de5bfac0a4ed00dc45d0140770438bf,2,pdmx-qmrwbcyrm4xrs47nfmxnpnf3dcjcppjtcqb3uhkk4qdj7b;pdmx-qmyfx6tzmgxd3xwkzltj2y5cfmwr2iuwztlsnfwcempfgu
8d049fb344e19549bf21665fa20f4c245908cec247f29d41e5f77c287804a9e1,2,pdmx-qmcpfkwkazsumwsxk42azcdiqt8ryedgfhkhu3zmzywjdi;pdmx-qmtsqsglirlj4ycmifdn7xjwerh3heparqc8rpbbbfvt17
8d15d46765423bc539a073c33d840c554279f5c79ec2ca6a31f1770c8ae68ad1,2,pdmx-qmqepwzx6fyvcgkwbxfknkj8auyvwjcxsu2prrvsc5oyzw;pdmx-qmwpganr5agtkwnjhfpufjejus3mwkxmrvvtygcsj4j6g2
8d928b57a761fb8ecb3d4064d0d56e1ff7d6fd91656d0e31d3e5c35b8886ec96,2,pdmx-qmdvsxef5dflpjtueo45v3z3unx2knjltoda8qhfzoowzc;pdmx-qmym8co5pcmbmxhdn8hjm1tq43nwub6p1mxqpwffgtfnxm
8db18121a5b79bb60c2d0bbf88536ced60d36495d017892e4a38eb0e9b7a2400,2,pdmx-qmb9rvjp5vepphdma6aulrdowlradepd81yyyzgyt7gjap;pdmx-qmuafx4zmprky8uru27cx6um9k5sy49jjf8j6pxuveg1rh
8dd318698ff3b421f7930ab495154a7fc5403dd7dad0586d8c4eb8f1de063bc7,2,pdmx-qmvh8ogqkbp4n7sauk97gnqzm2vaxgyr63nn2vl3n5lacg;pdmx-qmynlua3asdhg5feeecapzuw38r8nad6jbdltq6j9c5ep4
8e1059c005b2c6d54524e6c2cc60a317d8f81ac57fc1d07649881393c4c87c2c,2,pdmx-qma7wui96fkhlschbav8qpkhvfamgvrzh5mfiwpcdhmve4;pdmx-qmauivtibegmogqryleknnqgqdsnrwc2rvqodvyyt8kbzc
8ea99e092e1732d951f146a96d8b9a2aba78fabfd65a528ee18f96789262d3ce,2,pdmx-qmduh17uwkgy6h7zpixpmcbrrcszzbxjwevvjgi3ggaq4s;pdmx-qmyea7kjf2jahncvkhsepatidm1raq365cpidlwuh4hqkx
8f3e6f5e08dd4d2b09e5ef7a115b807800aa8ca45b0d305a3aa5de905299faa5,2,pdmx-qmctvycbmysra9ackmn89tpxwh9fpw1udduyoatoh7ju8e;pdmx-qmdccqzxz4gqxtsrbjrwcmn9htq9wmovqbtmx9hldqho1m
8f77a45068fb56e4523613d18e5d66ce52ffaa8236e0ce205a0d505c15e16b7e,2,pdmx-qmtfvgpjpgugwi1emtitvihq9ve8t4j5slpksrgfebzhcj;pdmx-qmuwuqh6vvmh6wgxwren43uugdocmfizeh4c4di3bzzjry
9033733fe6637eab2151334898e4e0b2c6d3e956e0f60bc6268dba379a0a13cf,2,pdmx-qms5tffkc7agpprmgfd9a25vatwhuzyxsis4y7hlydaxjq;pdmx-qmssfafmqv4yluxkv5x2sy2a5p7vxrnjqsjnihxmckw4zo
90741bd96fc04232221a984a72fa55276d386dc418d3c5610f58d6903ab8c702,2,pdmx-qmxjybrjv1ghhvpacbkfteqhcbkcvcryhyug638btnvxul;pdmx-qmxzvqgqgktmgd5sd55aeef4zwisyqzxxylh9tj25xlxah
90f3510850bc6cb7e5aaae8e23326bc8d10c81f44ef6143f8ad7de4c03b0b3b7,2,pdmx-qmegf3zryddbrqbpik5uwurtmvnmxn4w7jzvgez4w7n5q4;pdmx-qmy1cbj6hvmxgw8mxprayvfaf5fv1urprr2aqfbwyctrcr
90ff5157eb9a4cb0b93723177676887c0e1b1d769a7396851ded1d2416e2bff6,2,pdmx-qmr3szm7dgt5hzsqylknpcgwwpo3ukr116tbcwxsm8t7m7;pdmx-qmwvcma4b9fnheu9czzdbu8by7a2vcydhgbwfjc5ybwjvg
911deb290effef676252fa5f3d6cd037750b2484d0b401481c39b265eac17e2f,2,pdmx-qmd8pksr3q1voxhqrukutgh4nwufp68tbogqo2rksizrxj;pdmx-qmsqip4wmwtppnho3dm1tzua8k2xasmz3yshplreoxe1vt
915e829ab3e71f90e28d881b37fa7c367f3f66d03d08d7064c2b79785e98487d,2,pdmx-qmqbgddgf85rhthar7tgbpgc3kqa73rgzhabychkq5rkyy;pdmx-qmyqnu8bslrm9dycbmyvh3uvc93habnu4mcbbzzszwhqqf
915f4b9c270c74e56a6c7dc37846cfbd685c83331cccae3c6a7739f052ff670b,2,pdmx-qmfmamhkfbta5cu7ewaa15xywbgantzrsmvznot7tykxqy;pdmx-qmpkjfsqytrq6atwonaqkddcvfkbqkfa5uqhl8dhvtzes9
9168899befde6ae70724517026165db985f529a3b0724977c15652586eed3aed,2,pdmx-qmqqwcyohagy6mngnrasuz1bbyofjdkxecpkcaktvjgafz;pdmx-qmrtf5brgvp14nae3d6mgsw5ptqq8gdaseb1tjsphdnrpx
91a72f6cf587bca6dada21d95c9f0053bfc0f7c00c1012a49e95e80e60427242,2,pdmx-qmrb7h5ioe4zra5mlfpdsuhyg8kt7vfhomejxvguygx6xe;pdmx-qmrqxrjaxrervcqhqgzihemospq8w1f7cjfh363cwm7vdv
91cc024e837c67633422d2f5e3a216dbf95b99d0e665e3e5d0888bb7a26341a5,2,pdmx-qmpp6wwdxceem1cfd9b8wulkditngfsnlu6cpnbk5ugwem;pdmx-qmu7jy8jsgxliwmvbsddkflvbecpdpcx18z2cjiff9wgfv
9268581358d62e36174b5762729188aa0b043c04c0d52f02a59fccb6850eebeb,2,pdmx-qmet2eplujxr6warcemxutp3i9qkqnqnddharjrr1rbnd5;pdmx-qmu1sedg6mmhv92hiu263wt42figs1w62etibggu6orb2w
930b9051e1e66352730995c38d0626a9aad75c08f79761ff3b636fbf9fa7cfa5,2,pdmx-qmvfuazgodnehwqn29yso7qcg8hx9se2ymvhpmdps3k3du;pdmx-qmztljkidrkgerhulqyakmwepha1dtwzqv6qrp6nvb7jzc
932fad411086c2b3d02ccba6643aa207ee759f07da3c600b65fb5c2a7eb85a8d,2,pdmx-qmadhlvuezqzislxv6bpsjmte9crp4hcuy3z5pvdr8s87e;pdmx-qmssqa22ettplrfv9lsm3jm881osaufzhrbnzoh154z4ka
9387b5f68076c4fac7fdb95aeacbce3f7496a46cf5c6a64a9ab87a28082d14da,2,pdmx-qmd5jsi7yngcfayywwihnobsamr5zgltmzlohmlxokepaz;pdmx-qmpxet5arxhfim1phflp36mtgrhrlrkg1uqpcsirssmcgm
93af05057839ad6a241262a25a9a7e2914db9c9f0793466cf95cef8f00e91949,2,pdmx-qmwrxxssuyizebzraxn668ar1plevkw9dfrxg2bmd7mwed;pdmx-qmzeqhdmdwguer2ejlbzstk3pwldcucpdu921sntbw4dnu
93b4ce66c48cc33428f8d82458655bbec3feecd7cf66322c45fd05eac0fe94d4,2,pdmx-qmrumyc9cbjva2av5je7ckphtbjd7sijnehmn45pg4t9oa;pdmx-qmw8gyuwbzkvgkddymzclqzjsry8pkjx4n3fyxuh2pgd3a
93b79172e2d2dd961efb2270b8bd303abe2807e8e0b299d787f0059de65fa342,2,pdmx-qmeiwcw69umiizz73hhdiekxdonyhireqodp8cwpgywxvn;pdmx-qmzcbtar621t42lwdkgkqytnxskpok7xftxrjgphxxdzuw
944c74a5e75e04d88801706631c4fc5d09ac8d0d2415326667e7fce6cd18b3be,2,pdmx-qme4teafygayyxyxqybbzgpf3bfzuky2szqhz2ntq3xwto;pdmx-qmv8jmdcvvsy3tsyylnn432kd3geifbtb6hxtdq7p4jdzz
946c2f89d7d076fc5d6ae2e5bae75bc9c3664e7b12bbee20aa2a9e33685d2b19,2,pdmx-qmafdakpqyor4fsrycbkfpcsyzdzdeamup8hbn5pyhvymr;pdmx-qmnzvh8k7hdulbaeldxncd6oegeer2uhdvpaxhd8omzrjn
948ab73b3dfa305b42de80aa6220d99376234f2dc978c6b102ca254c83a45591,2,pdmx-qmqu3zcgyqwbz9otym3mscvpkugechggdht3m4kuq2vfry;pdmx-qmw6vhjssef1r2eex9levkrl3hcrmmwuexoc27peap9mcm
94a9d83d354ee327d242aa8fbe3d266c9181d2e70c00a8eaf46e4970c7ffb642,2,pdmx-qmqrjmuwnnjoujhqbgahp9uuladhyly3w91pqhn92w4b9m;pdmx-qmuavyrfthmw2buynxgpdqcjjgo6q2ujqmjd6ldtxcpeue
94f3b25e99437e8a689e3989ddb901446e19aa7a657d1c2dd0e34ba528fe2ef7,2,pdmx-qmserjxm6bb5butjaduxdntqy3p52us5caylzho57x4kmh;pdmx-qmxieuvjazgyhlaufm9f2pfsp3fdbydsycge9jgreczdnh
94f891ebf5e01ba53ad0951cd7ae2c700d38ecb9890f6996c7d309d542606918,2,pdmx-qmdgrgbrmalnxfhxv7rt2gxbblxzv99qb3xzbmndctdv8d;pdmx-qmzwp6ry1aftzqnmpdvtifqftsfnspmdc4qszeywntaeae
9565a5048ae18703dece9062b1163b466df2a7977468b315caf7cfaffcf28f0c,2,pdmx-qmruxgkvfgvt1yrpxtsvnjtrrqcqptwkkwjp5mkscosdap;pdmx-qmsgnckpdoazmfuztldn51hffy5oyhgqdrwtnvhdrtmen1
9568ced11dc3a12e41d0e65464c8b09e5f459c96c062c6f8e84b60682aa7449c,2,pdmx-qmrkm5syahyzgcfvcvjtmvmyhzsnzqtpzqhzp5cnpfq54j;pdmx-qmybncpcpycbcbyq5dmx6dppsizakxj1ucjyndm47pfjrm
959a47395293ad4b637560825fa535bf7e351e295292c41b2cf4cc00ce04506f,2,pdmx-qmcs4a3li3kgzeegw1dyp5wppdhjy2nap5d1bsgk4cposy;pdmx-qmxomkmwg8hagplhn5z6jxey8dc5p76mnu4yuxwzfbuvoh
95a6e07c4968094c2c690acd9ae76e2cfd567f55878bd2e410f3d50ba1f95c91,2,pdmx-qmrrwg6nhejpit4bhqfs9ctshsdt3y4revmdqvzfkvbauy;pdmx-qmwqmbrebxmqq8i1mj2j8ju13acxwefgy1385r4pudeert
95feaf4f439d91ed792f006fbe7d700399ab140dbc596733610b5fdb133aafa0,2,pdmx-qmcsjuwhjwtx9ry25nasvihmi6b3am4ehwil6636ztxy8k;pdmx-qmzdnxcrxstk3enwnjysxq1vygxwc9f7iyxu5jj2cca75u
965549736515340369d9cdb98bd86787e1490f3e7b448a3ea0d81cb5a2130690,2,pdmx-qmdgyj33qvtpxpgpy3tbqsq2yknmbp2u5hks8vhc6fwfo3;pdmx-qmpmxgsh2qetcxnx6s8wrvzsrcy9xua3f88rgtnjuxfcqc
96b0f031e91b7f008e5872405654d106c6f6d3cbbbfd678839b9e40d51913369,2,pdmx-qmb1z1gneutarx65chcxhjwsgyan8xtjepkpyva42kirns;pdmx-qmba2xppw9it2stv6kzrs2axv61pjrhbtn2xqivq2gqgtb
96ef880584be5fe8edd68a05bc534b4ade48192899f9c5256e09612138229b7f,2,pdmx-qmwnxtmsrqzftjigu7s5dsnafpyymrlbn5v1e1ewvpva87;pdmx-qmx24k6mvaknahnxkgrqetr1sxzz2remngv75q8tmxzhqy
973ede01bb9e3cf62d605fb646027ea49ea015e7f70921ac8e7093156a22bf98,2,pdmx-qmtapwfgurhp24fyxzgqjaksxsued9cuaxkxcmtv98xhyb;pdmx-qmz74egfebo9r3hl6f1ucxzdht1y5dgquktcjcykvkhn76
9891d5dac55dc785dc22df08181d866a972e686d7d43a54506bc7b4e2269402c,2,pdmx-qmd4uve3a91gcxmadp7gsq2z17rsdhmkb6bsvvvo81vf57;pdmx-qmuyoxecygkdcy12hq4pycpuxs9mhtqgeipjgf6qaarcga
989b0930e0c452c2e4257a1eaab4678a9df4835e3ececd050f3ad8aa0aa69f46,2,pdmx-qma3yan47cw7exzyhgxospwfz2nib4rdbntbe7ygwrqdps;pdmx-qmvjblkx3mlj7bs1xuz1g75kee8dqky8krcs91jcmruezb
98db4de26a516d9c04a698c6ccafee2f133f46600bb39929a8ff3aadecfb95f7,2,pdmx-qmqmjxefxkchuw6m3dujyfzmhemmntu2srnlyr4rojk4gb;pdmx-qmy2rdjy2rcligxnzzgyqsyuwu3dvhmjjwrnbkmn9zhypo
98f2486bfba4f170d26e2cd387a41bbb7e5fff0142b38f77bb55e69c51c39c64,2,pdmx-qmbf9bpqz3jgsdhhnhajtsmaimkkefw3vrpjtlsnztbnua;pdmx-qmqqc8posxuqnvqapfstv4vfv4nqhrcsowathq9schdxtf
994922b296682f88a17d59e2ca959071a49a0386417c176e580b917b991e3928,2,pdmx-qmroypbfuegqjttn6mm3pwtaocdjikemton4ej2zh5kv1i;pdmx-qmvujze6hhzwwtrrh8c56jsxrzgpdbp9hbojdpkgkwqp9x
99e53f8b0a4eacbc918f6e4e90758ceef11707876fa0de4683d24f097ce062e6,2,pdmx-qmfcvnyx7qth8a6iejhnum1cbwfubzrpjzzsdmki7nevu3;pdmx-qmv2w8fz1ckcvxsolxgc7wyc2jna2argv7r2xkjgd4ivmg
9a9fc3f44561a0ad1601e759b938f99074de3a0f92a261b9268233a4c3e9a0ab,2,pdmx-qmajqamppi2zh5xuv1ezvgijjtfofm2xgyba13k3zxbux4;pdmx-qmwpteptpxfmph786jmh79nzc72rqoeym4ehk8gghbe5rw
9b0d486996e5216e7d94d58eb9f0402745aeb39d8a135b4d5cdae603c9a79154,2,pdmx-qmxf4f5qpaadv48aqn4jct8zunqcgm1qsbgm3xqrigucm4;pdmx-qmxwjymupetrkzusmmv5asrlbxen3bttknqdvb5rcwmkvs
9b6ca580d79b9e07c4ecef62bb257f6a695e6f6e1d3f8c9e6a2994471d773572,2,pdmx-qmdnqa5gjx9afus2zk5xckzqdyh9ofrc9yzquvnrwczfxt;pdmx-qmz8rwu1wxdtedf85xt3okt96qgkkyumca1i7efazr8ytr
9bf03bb66d6dd8ffcdae26a5cda73c50200b9d814d3655dc50e35c92ae95cf50,2,pdmx-qmeeukz4qkw46rczmmeqlh6fcmsmd3seqfc1psjxitamm8;pdmx-qmywtvepngjiyw6dmxk7h9xcmtq7cjbtdsndbjwhhnnt24
9c02b9c63b92ef092b5f9f74aa791f7441e664db7e1e4ef3d768abdd99407e63,2,pdmx-qmav5lia5baznz5xc72nuncc3rhepz4sfyxc5kwzzddgt7;pdmx-qmwsajbqfeepicg3seyinbwnfqydpn13vd4jymcaqrybdr
9c5bc85dab8bda4edd47b0f7890c94cc6f04c886dda810bd794da5d08d6e6d92,2,pdmx-qmqe5pvs2kiskqhmf2mxiwbjzcxyrhdozsqyhzvtbkyl4h;pdmx-qmzcthw2mdec37hnjx3acemibcwx83z9fmdeo4zstyrd6k
9c62caf570d85d9d4fbd0f63ad4e5c35a34969e5127a77cf9f185adba779637b,2,pdmx-qmbinupyg8zjhzybxyzymbecrhdm6nl35rfycucjpcgxve;pdmx-qmywxuwcw4rwrrtxta6xqe6ugmbfa28gx3hpayzbe7fhlk
9d0c25452cbf68c2ffa8b18db643778dc7340c7a53b795bff20924f4be5d431e,2,pdmx-qmdxjmerpzuuj6fpahq79lyxl2xpbvtbnlpjwlm3qehavm;pdmx-qmsiie1w7hvst6dzkjxo1a6pwmztmwhidxvpwmfgmrhjv5
9d284ffdb5ed0e363624c26a4845576b3aa4de536c39ae5770c37ff266cecd28,2,pdmx-qmqyx14wbsvwsht1zejk1pttz3vustkdgr5tuicnpkr93d;pdmx-qmxwbdjm8orzn4txvytanacom1hi2tdfkuzzayfui2srrh
9d4f3344057f4b80a693568d1a732dc8b68c98b0266a35aaec134ac2cdb2f4b0,2,pdmx-qmpsczsscfgmcwdeume8mtvsebskghhyrx3mhzpnw1pvhp;pdmx-qmtedl5ej3f76ua17824rmjpkctfz7a9jjfuzbpdfjyw8g
9d50263d37bc08c6854e7d248be1a36b0b139fc4d5ba4b03addc54960572faea,2,pdmx-qmdsc12yvdqaeye2rmvyjx5y4phknx7cwve5ljv9wbyhfe;pdmx-qmw3dkrxbwgoq6tppxqbpznezvighfrh1zqfai5njuhqlg
9dd675fb24709cb108fb1b20a997d1e9620a89f871433c7081ef9ac9745d0c38,2,pdmx-qmyqyozsguawa7b52cigph8zroig4kvucce2hlpur7tkep;pdmx-qmzkc9t9yuk5ccckjs3v8hvplst7xrpo2rnfhnxju4szja
9e84d831ba12d6d5cc6e4f236fb0dea80933b35d927b68d76049c3232a31a65b,2,pdmx-qmra9yfuenmrtvu3hlq2wgkira4yj4hosagvkukxoqhkzu;pdmx-qmrbfyqnjpmhsbmbtpbez4li5y2bu6a7gtu4wfv3bvfakt
9ebcb3aacb496d3a3ad604f8929193e1b9209cdec6be292cdc532faba67d5e84,2,pdmx-qmctrg3g1ajatz2pgwz1ygwpjlzpjgnpdhkewpemdbnzet;pdmx-qmw9e2ytcmwkqmuqc9ftqx14lgm4e5qthnlytne18djsnq
9f822e1863f2bfbd7594e70936e1d70b79e5f29ae29aa732c6eeb73f2eef157c,2,pdmx-qmqnyczn45tp1clbeqrsgkcrraahb7cq334nqzg2p17hxi;pdmx-qmsqr7rgd88bkkfxq6aanhz1taqzdhr2axde1wkdxt7fpt
a04fa145b26a968ce20d9da7b460da0892744ef5f2daa291f1a376ef1498b211,2,pdmx-qmsrmwd7xu5655yhmn9wzitygnutpfdcnt4zaqquivh6kn;pdmx-qmy95bbdt1uu6mbuf2muqntdjw5z5amopa3kgitieg8kms
a09edd8f87c7fd5f3047b9778e583a8ee51f6c8723d563cd1b19db39495c0a3c,2,pdmx-qmb2jdp1oryonrfxqfpzuvtguy5cmmwlxjz1hkaxbabcf4;pdmx-qmyx2xrwz2awtcfzetmkb6yjo5tzxlhtxw2mfngwjdms8e
a0aed634744141facb29404cdb95bed245bc2f0246be4b845bce52117485a012,2,pdmx-qmnfohvygd1wiegck5caivywujc2byvscrd9x7mm5eymu6;pdmx-qmqgcfglpt6pgwyecaykqfgrzczh6ygzkmrwyvt1tutapn
a0d2b52aca48cd9728903c082971da294b0231eb075386a4b4f552258bd7484d,2,pdmx-qmscbo67my94begbtdv27wrpqtqj8t4dxhzntst8wuk8ac;pdmx-qmz8dsjipcp2wcxvmzeg8auoxhpirpgvww3udxxrrtlv43
a0ec6950f49fa786fdfa5adaf349d1add70477d6d1932a304ede1180663deaa2,2,pdmx-qmnja3vvgdlx9wd1xl3jeap7ca339axti1xs3qtmyxkfmf;pdmx-qmsxmck6cw9xeq9uyfvx9tsujzchaakekrb1ncqvnhtdhy
a0fab71fdd2fbdac92c2f2be83af030e4925f984a4e2a342b087ba97c78ea38f,2,pdmx-qmyvn75zaksel5obpcctrf4qypoir3aplmischqjqtcmem;pdmx-qmyxfanrnr4jxwmpg5c7wzpmvw4eo68gepo6aaahyzjymg
a2596de976f8b2733f826a34afc493658912da8628a1ba77df00218d674148c6,2,pdmx-qmnxquthmpyscoycqxikfyjjq4luumh4jkad7fwx6ueusj;pdmx-qmsvrpnjxw3wjkofy85ph3mtpesx2gsnghvmdyxt1o6zer
a45cffb46221bf43e63daf6f102d5b327721c09e421a8410a82d8a841f2e69aa,2,pdmx-qmactlyd9pzi9xqkgbo3cyv2gssmr8aq3kbwayehhggtg5;pdmx-qmtdfnazzjcbd1jyduftgcnrdz1hsilexzkiff8eeytgv9
a531b1cd4f7a17b9cd295d02cc78f1540994afbd8dbb144d68939833ce5190e5,2,pdmx-qmpuulk7bad926cidrtb9nzaqdbngjyxcqjnkzkqnvitv3;pdmx-qmr5uvuvnch3jbr117tunjge4kv7tpkqysjg5qx8nhnno9
a579100e53c013f8926cfd368b7351c70e78e5cea0095a5ab62ed4baacec6a2a,2,pdmx-qmdxa3p7xjqyqy4tj7bee94es1jwypyh88hmqamxhv1ndg;pdmx-qmv7t77jvibrwg53hrglrkzz6dutn2m9jtyshmy1ok7vmf
a5fee544adaea9783cec39e91066931b1a5be94f51ef96ba0e548c9bc424c743,2,pdmx-qmu1zy37bmcpprhfugmak6ay2enqruvcdg21gbcxhzfion;pdmx-qmzhbbxjtdq9dursyfmf1cnoual2w392p6gtbbt36axyw6
a6af6ddcfe65e7e56289aeaee2c6259b6883a8a59f978e10fb339bf65a6c14f9,2,pdmx-qmcspqtsawshcnpjf9bkiuvuuvgk1kztmiqcmrdsipxcpi;pdmx-qmvfdxtrwqjhcentpwjzqbmdoeesblkpk4pxmxuilqwrtg
a754632c5bfc45eb38f3eafb79039e77c4733b4a3060124c115ba51ac2496ef5,2,pdmx-qmrg9jmfauhr4hvcmnxeceaq8pcjc321xgwbfvzbfpttyk;pdmx-qmu2wz3e8rctpvvtrhnyxnndduchdxd7xzrnegyclrw4gv
a762afd2c948c138c6fc975313b76e995b010d7d164d3a64e92ae40935e5ab79,2,pdmx-qma1wk55qo2aeaoljaanxqe97ndr4fyuugojvjvcw9temu;pdmx-qmwwdtkrgo2cg6bwpvpasmfmqee6qjrm7ervbjvs9rdzyi
a7943265aef56d13cc11e1ddaac833f1824b92987fd5d2af41dc319bbb299337,2,pdmx-qmntwdd6t6uqkqs6v1mexp98gyqn8qflgukfzhyy3znh8g;pdmx-qmrqchpr6jlcrapf1s6jqcy97gjzup4zvgshj2asbkr2ui
a7aea1f2c438986063dda9725ec8aec447d269c87ad56f99bd2b787f920de761,2,pdmx-qmt6c4kl4ewdceezyjuhjtbjpbzjjydpvizlvt7jpqs8m4;pdmx-qmzbewljbzagrpktijg9tr63ydtcqkgjapv8lc8iqw5fts
a8709ef657f67d23bbac3d8150fd07326492c31811b068a1529d136ce6b21d2b,2,pdmx-qmtsm3vspwyf1opsnscss1akmqa91m9a8rfsrd3awaxheb;pdmx-qmuugvz6mvw7zyheqsm6pf1tbhphj32qkb7jqzu9nbrar8
a87662864bda69b37bdf68b0bd4f2ce583f6494b28663ac48ac7b9716603055f,2,pdmx-qmwo8sn63j2wzmbfnwt2itwz9v6tvgaqypxpp7i3eeaamp;pdmx-qmxzie4wsc9urqyugh6xqpfptjbmgp6omkbwz9dlpymdwr
a895ce7f87316eaec335eddcd03a94c5b133516859ee062d8117681822594e8c,2,pdmx-qmbkrw5z39b45dwmbrvytzetwjaihss7sflkyahys5sk7y;pdmx-qmzxt6k8xpfpvbx2aeylvlas4g7bzikm1c91cbpmqfrujc
a91da017f28b2a513c55614717cdd41daf36fb8e325e5a109b0deba2b9c2bf2a,2,pdmx-qmaubnh5q2cxs2u5ak8pjdapwsqfhwlzt9pecylfayprvp;pdmx-qmexy5kjet4q8kqbkny9kx7agt93q4lksvvxpthptj3vmv
a959a956667fb938215011bc288297e4a21384e1b2513f1341a8a3b14f1fc7a7,2,pdmx-qmduxdzanwyrebypm93z1sksrs8mgoyxed7civbpqifss4;pdmx-qmwt6upbe2qlvurejnamnj5cnkrsuwmuw5bkfx54cfpzg5
a9993c7de90f4fc4032da582128bce95b839b630cc2737601f4028d6610ce3cc,2,pdmx-qmqvu6rkry5t6cxuqrdxdkc67pmwc5fg84igsyywedttua;pdmx-qmuyqrhfhta51aac2uwjnidsu9kdvqgjunnenxzsxw3hhn
aaeaefadea6109190fc49ff37c609e100b6c165abd7bbc8cb999f6b182232fc9,2,pdmx-qmdevznuga1vwfkjwjxeyw579qzh13bo9r4emexc8p5pgu;pdmx-qmp2ulfpcrpwqnz5ydycgnx4eikf27m6coywzrtkbqfkbo
ab0015d7bbbc32f003a9dc42e7dbb6e6d6b3c2b12e9a3a11661ce42a1d479cdd,2,pdmx-qmbk4yvxizaqkvp5hl26lku9r9hxgmngmiv8c6htbyy9zm;pdmx-qmy4l3vpp4ttexv2ysrcebczt43d7pe675snw62akq4ehb
ab7956c3e3a4736e47496389e1476f82889dde96b93f68be45f52e698949cbf3,2,pdmx-qmxchvv8dwuzd7przedotxhuymuf97jnzmkvvexrxf8vup;pdmx-qmyw7rj7xzupyu4ejop5zzxrukflcj4sv4bljjekgpzrbu
abbf0a543b0b0f54609ab94782906dab4dfddad45bb275edcdfbd1a2bfdf0d31,2,pdmx-qmsccbrray6pxvywzzjuxkwq1svvvma28uu9m9umh8ur6i;pdmx-qmsmeqarwitrnsnvfe6kjgffvamy1hq3nnlfe5mpt4wcc6
ac46e99047202b47f490a4245f3044cb44dca19bf95fc1c906c289ef566768c7,2,pdmx-qmegeyqluuk6nbz6j6yam2bewp8txdzg1n2rc5rkysmfbz;pdmx-qmxffkzoudxshnhgtj3jjaixbfku7bnyumqd64rfsyti9d
ac922edc1635d78130f55a6de781c3f7854739f95f4f7b3a9a67338915e666e9,2,pdmx-qmayb3y8kxwmdw7nmiqllwgx45mho22jhzqkceph66l4tw;pdmx-qmzbxundbshgfb7cbbqu7vqchgruaqjxnbimgf5uouan36
aca781c7f1120013bced26ed33d096a4e6a30fcf6e572f897339af9eef68a0d9,2,pdmx-qms9nufy8fvaega6eyxiu5ocndafeeyx2ajy6knhhfbyuj;pdmx-qmxd9xx6dvnvcq9mnjmpucx2fcaaf8uhqtiun9v9achp87
ad1684c8217b24bbf7e7955e32e9945ae3da5d8325bbf9b4b0f71dc4d83c6e30,2,pdmx-qmrjmqbjcuqvkpggdpshv3orfsu84mvcez3itqdm19m6yt;pdmx-qmxauzu2p6lhladdkcgvuafqzxdfhybujyj4kw9knkmksw
ad1bca35a354e0d03793aff05c4c5b30edccd1ee8440947f489c7986a46406ad,2,pdmx-qmuzy2oke4f3sd2uhwtltatvfjrfiypeksa8wxp9lspku7;pdmx-qmvufkl3flgxxwyu7lnzdaqcuagjgzeoptqu4smyo1rdxs
ae0fd2515c2b712db7161cca02eb8776cacb82191be6f39edb412ee79bfe81f6,2,pdmx-qmqtc2kg3j4me4tysxm8mdttm1bmgkoiowtwhqgqtcnhis;pdmx-qmyd5uksf91quxiksiyycdgko3ugi1ynhfbqqkjnzwxcwi
ae234df28c5e140f7432c5b563b6785189629a656f260217045aaa3cd856e940,2,pdmx-qmezlgmepmsxmskvbmrtggc5xvjmxu4anx74jp1q7qusmo;pdmx-qmx3omkuu2nm9dz99uesxfyxn6fs7bko13bca92f2mql44
ae435f6a00282bf65c77e82c949cef91feee495037f4786d4ac7bb60853baeca,2,pdmx-qmerdwyqh9qhutbxc3xfexgzalhsmamkngc2ypyu8oxruf;pdmx-qmu83pd8zqirhsmi3y78n8brslsqfzmggprn4ttsnsoa6b
ae4f41b64699447b2ccf81f105f483a2f4d122a94b8fef6a3945343b69056ee4,2,pdmx-qmcjhqrjbui19tdhoigakjemykhx339gg294vhs43wpdoo;pdmx-qmyhlpk1pn5nwm9pqt8yfryhwzgryw5zt6q8tdrwwun8cq
aea095c14a5d8292b8e96b36aed74b9bfc302b9e9b73558c2d12a0454942bab5,2,pdmx-qmpeq3nfdhes69yzgtffxujknrhx3vpsgemhfb9fmkqq6n;pdmx-qmwwjhhzailkdapesggt9eqrgvajmug7wnnhg2mhxjqnhi
af30da9c70cbc365543c6fea2dac557daa0511611a07d34b628700758afa5815,2,pdmx-qmefbunyvqjeutxpq36xepofj4jfrcy57w175mseknrrlp;pdmx-qmzd9ih5gyxp5dvn2rnqxq3xbukzagzbe5gudv2rzypfrd
af4292f328b1c2edbd6db6b03857d82916c5dbb4242b18b63d5e3b90ab113c3e,2,pdmx-qmvkgjlcnwxrxredmjmnbeia3qkd1hykuespajkj2jyugq;pdmx-qmympw8qjhhj42kshhdmk4w6jclesyejsyx7acfjnaunjo
af64fa2445209218757a0d565a843c234cf6c6c6317ba333f6b121ebb728f89b,2,pdmx-qmc1qzmxwzeqqlkhrezj3c1tegurkwp6xq3651knyfsvyz;pdmx-qmtfpfqjatezzdz6ttyhf7tlurrhgmym5rq4gus3sgnutu
b04d32cfdc97cf7be0175a2ef6dead10d979c7eeaf8e4f4107fc70b20e1f5d4c,2,pdmx-qmwjzsz9vtsqgce8prjnqmrmtwct6yuvn57ajnpjvkxtpe;pdmx-qmyctcavcwxxtw1ljefuutcv5r1m9gzfxjjib3ssmvzbsx
b13250a6abf5347d9df78ab093aa695e40d72ca88e4821d1b13b0fb5d81ee1db,2,pdmx-qmdm9sf5pen1p6z8rdfbqtwytkbqykfl5e9pva4guy6wx2;pdmx-qmwkfskfsknimt3fh5xejrlwacsda8fj26xrpbz8lx1b7m
b27a67b9c5e0636cea9954bd3e9dd4ab44f0f52dd1733a8108c25b2d22cfbe14,2,pdmx-qmt4ydzafvqsryyjbaqugcsdtvou48aksydjbqp1e9qin3;pdmx-qmumcgzpx7gdkenv1d7mwjwhwmgxddn8akmkjq1vamxgmi
b32ce9041ccc0659c1135636e966f570b58cd18061c30229c737eab757d18ff3,2,pdmx-qmpar7ln3vmkzwqhnwkl3grkcxkfnxjy8rvvviufg7uxv4;pdmx-qmwnnzlg8malw2csxn5sfqycfrh1iq4mhwbqjvq5geeihb
b3355c95cfeaefef3d91ab57c8aded6792c22e9bed5915518f6a944483d8acf3,2,pdmx-qmar63whhhbxmyroezreumbdfqxryyuc3q9ablht9fckpp;pdmx-qmuk9garqjuty3ex1vhbecifptny1ercxp4pr7hqvm4fls
b393c591c936b4ca971d3706f5582477375982f7b8863e57ee39db5854b83197,2,pdmx-qmdgufhrv31rm5hy699tq5mmqfglgcpp11gng9xaja9emr;pdmx-qmq5cy5ujbvybt48wc3itd9b9ywpagxpuue5gqmygq51pa
b4200aeda783b025ecc2a1ee259de21f5658af38ba3bd45644cb29b17f8d6768,2,pdmx-qmcxy1qzorv4fvv79d48cqtsdkzjsdvg9kjjc3t8ykrgeq;pdmx-qmxobaaenpv4qpfd74qmacfrgwp3szgwmy2fkhm3er94sf
b43b7c36c855f0d741f26c251d1d121f5efab35d8723f763f81918cdc9b79628,2,pdmx-qmttu9otvhtfgc83fhs6hwhpupkdjbfzdndkooxzcuns3g;pdmx-qmyrg3gdxpavzqbnjdjka7uzgffsdbbsobrdaawf1phhts
b44e77e2c740ab858e3d24805eb4cf05d46ef752c57599f8e27c7b83c3ef1f8d,2,pdmx-qmrsp2epcraysszehbvjekqdwp3ygqmb2ebztueeol8lde;pdmx-qmw9edhihpyu5f1gnqj2zavivv3vwgul7tjyhmpu7mzzbz
b4f967736015a889a8ae0b2b66c342eef9ebe88086a5a8523615efd40244a6e7,2,pdmx-qmxp9z9xlhhbgrzfja7wvbyprqigahvf1a7lgqs8yg1gok;pdmx-qmyfsxbhhmdwnwuhrfuzznwwemelb3axsycuju3jly7bgv
b5252ebc56b2be4ae48210985533dfa69637d4a3721d31d5bd5d10a507b8062e,2,pdmx-qmbtb9pmhmvyhcu9nkxx9l9ddcqc5gchgmymzyyfqqeiuf;pdmx-qmtqipkf1sm3fgo8jnoxw7p4cgz4byx2bhf4j78bukhujq
b5617fa8e2a7c855febb49d8e98c23892975ef567653c7b528584cc9e9cbc9d2,2,pdmx-qmwvg9m6hmlrrxnrbrbuv2zs8iawoh3rwz5oab7rlczqjx;pdmx-qmxcd5cgfa8xh2c668ymm4fir9i39gkiyejioseba5ellf
b5a4fa9c79795ea8fa92a35422160679a216e43b1acc725ab4ba89e1e436e0cd,2,pdmx-qmq7ysvzyvzixdtskkccxhury4xq3q1hwonq6zbkvypyeg;pdmx-qmyh9m8qjvtrefpix7a9meyhalislsrbwik2khnvzckfpc
b5aa573f2e5379c37fbdf6f0df5e08d5480dc18b1dea8471d0b3959141a27876,2,pdmx-qmdd7bcxobazls3vajwdbqea1pevprqtjz3kxptvmvpguk;pdmx-qmeua5w8shfl5yazum2qutitivyb3mohvathskvtgm1pcv
b600034af21d40ea807800c7c1cb923c972184db558118e753c34f4200b5ffe9,2,pdmx-qmcoqsuujwzobobx8kbmnprrkzkxangdvxuymtnnpqqjxk;pdmx-qmzpmwjn2u7cizdvavv89eequykwmjkz2cavdraqkw2ynb
b622f3159705519b166e59c99c0132b3eddf99a232c63dd3631f1c87092659b3,2,pdmx-qmdvkmpxy1pvuntchzvxabp5fqsyfvizsrehscb9nnr14e;pdmx-qmx1jjwo1cgh3wpecaykxqcs6a6ghx7n6xdqpsfxcpj2dj
b65983fe9c584e15279af9b03a9c5bafe8ad11555957bf50beb6745b5f43dc3b,2,pdmx-qmehww9kwwfxfbcj6geuw5jcesg5aftyzyxxis5tcx9hrt;pdmx-qmujqqvwrn2fuhs96pwxzufabb5keif7bnvtpgfhfw1see
b6aaa56631dc37fd4d17972605e2b996cebbb51425f283668684fcb6e72d74b0,2,pdmx-qmbwvgrm9j149sa2cp87adwbmpqlusox2tbeezy61hq7jk;pdmx-qmtpqgozga7ty7annnjdn2fxmkzynm9wdcfddsdojm96xg
b6adc53d2d692951635cadc797ac2399445936ffda58be208e4787b1b00cc2db,2,pdmx-qmqhxlpu2juy6dxzng98ihaonwajwauaqlomntemj5n2pn;pdmx-qmuho1jhve862o2ahegjpjfd32smk1qbikxfp82x9wsdpn
b6c66c07100201b04b4d5460ade04721a88c8ab4acd3c59378626b1dea92fca0,2,pdmx-qmeee6g5j1hxxw6akdutkzthy1wd3aefhkyvsqjxq3bbdt;pdmx-qmycmbybepgx4wz88vcrb3y9yvpnfiak8h1z4btxthj1ma
b6f787a2023d0faa3462cdb6b9fa9bc424e7d90027ecd7f85dcc9a2d02aec37d,2,pdmx-qmb9tkwnryjdxvexrib3dxwluwzb8dwvbzzw7ljkevzruj;pdmx-qmcnf7eler9thjbihonhfkn1x4oq9lamxsxz67vyhnewkk
b75b07e33f155b8e7afc1812f29c01bed0be1da73a30ee8e791265c76c218225,2,pdmx-qmbqprgzzsokdtkrqwyz5z9y6uyakc48xcjeiwzbj8tfb5;pdmx-qmpwhkj2tba7sbhkjs9hty6pvy7twdgd2yeaujttvr2pzs
b78799597eb6263df44a8646a70eff9e3fe3379921c4fbf7a7da2d3409453d0d,2,pdmx-qmf5qi9wmppg8egegbpzehky2mokdwmkfwgxlckcyx38wg;pdmx-qmrisank924vyohcs1pvxcssgswbpt1bdfriqwsrus5p4k
b7b5deac257af1272af3c841e1cd79fc36813b921c7c9401aa60a7cbf8ca6dc6,2,pdmx-qmdckypodddzgyc9xhnxflm8mqzwsdstdfn79dddvws6zs;pdmx-qmtdv2layy42hivxgab4y4jna3mmnnnrpky2rrm35xu2df
b8594b419d4220b60a5ccab610ce95d0791a0db075ada1cf8949be2aa358985b,2,pdmx-qmcjhkikptx74esfkpj5kuxpzns2ynmdn6rdwk5ckdytly;pdmx-qmwtah9nwklkmdrhgfi7xjbf4kcejuxzrjzaek6mauvj7k
b86f20bd7d20a77330cf5bad1171f498bd675fb25c307bf85d07bc7119cc8100,2,pdmx-qmdizdpbddxvhndo6susa817hcuvfx3uzwqtmqbqrooz4c;pdmx-qmr84mukp7bubwy4dzeuwwfemx1n1asmqqmyntngfvckqp
b9154f1e3104b52696ed02acdf96aeb8a34b9f018ccb6529a75f9010e6fac4db,2,pdmx-qmebbw7xmbz2xhdquzzgaf545u3vd7cbcqgvbnkkyxwhpm;pdmx-qmzwpr84xse9vy61oo8cdj7vaqp2jym7lkmyluye7phihe
b99002caf8123c646196656c1516dc91b905a60de2be684398a5e5cd88b1c06e,2,pdmx-qmckefxic14fbokux9mxahw6w8l7g4azltdaytph9bspbd;pdmx-qmztsrtfjq8hxbxsaonkd7x27mccy6qc9q1ndzcns9hzfr
b9c0d950c59488f6c53d26c01e13f6b13916a2e0852a9d5c3f78fa4a8460c836,2,pdmx-qmwolt3gpyzsxn46ajjrnlryt1bjrcb5poxlhvhhinqjse;pdmx-qmwvlsbhz8sm6nt26nvzztap6egayy1gkjdjvyehzsgp9a
b9cacae185c9438ecc94cd226eb6738f4e9a19fa4034d5eaa0134f2de95617ca,2,pdmx-qmaxybvduy6t2ag4ur9bdlffk4btlcpaibcsdzegoaasiv;pdmx-qms2j6gozlydaw5d6rswxgnttacqszkgt96bxyujn12ot3
ba47f1d3b65023882ed35a58d4010fa8d1a724245b917f38342a243506fe6ae2,2,pdmx-qmbpw28qa1sczp2fbv32qg1ottzb8wyswkiskzkv1bwaqr;pdmx-qmfjsbunysu6uwoqirmkjkn2jvnfcmvb2slgnmr6jfcm36
ba6161f215e32904cb301f1596425777810eb0ca8faaf81f2ca8ccd339f79cf7,2,pdmx-qmao7rnpdc7lvt5bbhxxist1xeln9kupwakhukjt7ndcyh;pdmx-qmtiutdbjcr8jktwjynwbemqj5p2nnvbpscjrtfuupcjfv
ba699e050b6f4ec96ffb1a9a3aa7ed7fa436c39fe51ece68092935add43dc790,2,pdmx-qmapg6ts1w8sdvnjgxnf9ckj3qfjh3tknlsh4sqdztazxy;pdmx-qmdnbjtu6xiumzueukjhvtmeonugf8x5f9zpy8cyjvyamy
ba70553322bbb209490a5f4295a355e41d5b4e22e31edc1023ce99b9b1de1834,2,pdmx-qmr5kzyjqmw5h1k6kkyvunrem7nwojcqynqefaszdzfnep;pdmx-qmzjmytjdyu3a6jvmbhroghpcjakr97ghwnbt9mpawnjrv
bafd8d983c223c40ca0ce496ec5d93fea567cef1952b57e51ddf0ea209656d7b,2,pdmx-qmndqyb5yy2hrcmcarolwnua1wrcfvcpbkcsgfy6grq2pu;pdmx-qmukybirsnizl1qgrmfnhj3cunxkgqchyusjnqva5k7q1l
bbb76505b82030d58ab9b61ed95055d5e34fc5aa2cf08623a5a79c8a965b4964,2,pdmx-qmna9qe63wjpygbrjk6sgnrbp7ftzeqnsemx7fjhjazavi;pdmx-qmrn3mskqkpppqsyk6rt6otgrrpq3dbbhz5cbpzfw2ze9o
bc47cdcf86abe4eff98c7a10349ed8347c86dc0dc26d09396f9172fe3069e41f,2,pdmx-qmdvayv2pk9dqpncnstpe9jorteu8vos5darqrx1skyx5u;pdmx-qmvux3uhbnltgupgkll9dlx7dt8bgwyzr7khhtg2jk3sdo
bcf288b73b37f00d602f99d0f9176cffa6048a43a710472d15f6cdfbf9635f73,2,pdmx-qmtgslr7ftcfcareirqmjfle5enjkpnryrbnvzpe3yd5tw;pdmx-qmxa1vqrnvgkgk1yokcmhnjcjpa62sbcrnkwue7csxnxxq
bd1e3e8bff2eb1857ab89125af3ced35ea81badaf251dc31c2ddf8cfe739845a,2,pdmx-qmbd1159atphb6nx2vaf8rnejk8hcyp61aunnwg1lvw9cg;pdmx-qmnav99u96qgkaczulltuqjewjqbw62pj3vobjv4tbbd32
bdb847294acbd294935635658657b97bc322847b3640b2c4001af92c644136f4,2,pdmx-qmwaopko27jk6vwuroup6drbhlmyuee59dakhh8laqrc6j;pdmx-qmxg2skmsg6dewieuimdjdumrawsqcg6whjjgecopdjxcz
be2b80925dc0351a55e7bc533064d8ad2c1fe3d469792949ed47ef03997c5d0c,2,pdmx-qmbakx2dfb98dyyv3mkjqv5cxtttjabwefurzcwrhmvdjk;pdmx-qmdygtvavjikghj9yhnk1hurypnkyjatymjhvnvy8t6mqy
be48ebf0734bb4bc40fe5623dee085098b33e5eaf25cd069a8e7847ae5157518,2,pdmx-qmpqhsly3f1mblwm9gzrbysneo3v5une4rckm4ucx7zqj8;pdmx-qmrmtc2jscffwm1wa6ec2qzaw154xwedspocpfjaurubtg
beb083017036a17aa718d519d438c72b4d1be77b4ea2794801e14351628f210e,2,pdmx-qmq1cevheegq7gae8dz51csu5rw5jdsgx5dvdfcizjaqt2;pdmx-qmwvdf7kgtae67bdsqnz4hla57vjmbsdtpbgfhsfdfwn8o
beb4962f2ee4d9a814c7f459f87cca72a4cced54d2d6de72995d0056b82cec43,2,pdmx-qmdmnsfcddvm7kvtsbus61rmbrdhmtjnm1tweb5smmcnhg;pdmx-qmxx3y6tdrejbjw213yekbkgavz7tmvqzegplpcarknqhc
bec012bd48be6f7f542f1c0e6b34c1f57560d46fbf52bcd0f2f038cc3c5f2cb3,2,pdmx-qmwwc89gucwhdb5vvvdkvpk1xjthzc6ombasrdsdccfu2t;pdmx-qmzwjmq3lgdttgfeknxqhrhzfwdcfjudpyyqhjzsw8rhwv
c080206bd5f912e9d41162bf1e1ef20946c8d771474ddae42e56e2ede9455496,2,pdmx-qmxktykr78spv9twaaef3a5b91nczn1nxsytnyf83btvde;pdmx-qmzhg9zss2tmjmghqatq3zy7znnazqb3uva5v6sh1hbrue
c1a79a9f0d68749b0dc14c2b27a8f526e7abaf2d6302b629e719500bd721f337,2,pdmx-qmvmj6htamjcicvu8qu159wwkka5gghyrdc1z6pkqq5ssx;pdmx-qmzwolre88qenwkvfakzcx22uknnphmcaca2d31bzkntr5
c211c434ac47e041099859170d78a4884e1d4d117a848a074be461d7ac1dc3a0,2,pdmx-qmfxextcqnmahdsishyjsh9nkyoebtmstkjfhfhcz6bqrj;pdmx-qmuajvv4sqxvkmhqpzy5v7p7qpda9yzekr8skejzmdat1w
c2676be895f0203582ab979aca4c5382ad0e51921938191807b365e084b636e6,2,pdmx-qmwuaqlxy1henh1fntfc3d8omfk1zzkuhq97a4p8e22tvy;pdmx-qmxko2denmeehrmtnnp8q3r4zzjzzg2baucax6kpq5l4ii
c32562e482f4dee603a1e17c63ce4eec8e231574f2570b5ea12fdaf2f8d8b4bf,2,pdmx-qmbazmkjson2fpo4y9ece4znj4f2gwc9qxsk7gmlaxdu4b;pdmx-qmtiwsmwd3mtzykq2ud6n4jvvpmjxixilxckbqpjscoofe
c70cefc8e4266106a400e6f1f96d1f029242cabdff43088517634235d34566c2,2,pdmx-qmc5mxgy9bq539ckcsaergun7rq5ocjby68golvyeze1dv;pdmx-qmppxyh6qu4nvahekhrq99xviyw2wvqqojkmuai2nzbg8z
c7434d2bae141f72396e4862b15f9f3672513d8a0b6354e1f5468774e380e605,2,pdmx-qmsfx9jv5mefyhf82qtebtt5nhlkt4kxvwfowxqgr8tfyg;pdmx-qmyjjjottd6kaufik8lehjfbz649s2ecmg3x386nvegjzz
c761bfecf23e419dc497c2d5c01a99568372fa24d90cc362174f897e463fab2b,2,pdmx-qmed8dcnj8dzntb9t9lzjuvugrnaqbjbtgyealxrwxqf66;pdmx-qmzvn3xuvqkatj2jphkrhauj2vhxztibtkx5evbbr5gdoc
c7b036565f4be152d991464a3cc01096c90c8e2d7d2e708416347a788c03ce39,2,pdmx-qmvwbcey7ntajfhupytg8dnh7e1kvkg1dwjksvgujeqgaz;pdmx-qmzklzrle5tppoxaqdfubea3edewhtmoz41bxuruevb9d4
c7cf5d57338e1f7ffac0ee7f7107e214e9fb1e1e6e0930fb2124da4ccc08b28c,2,pdmx-qmtyhkccuovsuannmlpz7vkawxfuhwcjsuqqn4zsbqf8nz;pdmx-qmu7yubvdqvpsexzxfsnyeprzvtbrcmcjlw4pe52teypem
c8c1b4adea1a65c5b084fd6942b2ddf6c343f83f98552f797e9307b4334658de,2,pdmx-qmbohsr9rsgfjmcjapyaw518aop4sfqcof6ju4bhrdkdjt;pdmx-qmuzuoqcswpqx4fkmnykc8zjhj3cwdzcicszr6wyd5crnq
c8f3b387123187d17c566f04b3ea9d2cd69de3088c1725c834b8bedd2089ccdb,2,pdmx-qmegee7ncmtdjqmxhl9yzlmhgk4avj3xa7jxj2a6crgkoy;pdmx-qmzozrbvrjhx3yknvx2vc11lmfvhmepbotou8fga9qnirh
c9e541e0b050eaa4f56d7aa544435edaa472676019bea8273ce86cc29431aaba,2,pdmx-qmfr8txcb8btvp56rcmqfxxxb2wbfddxtpm5cn25qtpj4r;pdmx-qmx7civddvxe9grwruiqru9itevjok1q2zsz4bonla4vp7
ca2170bb9c03934f565ca07789a6304541e4cb1c75287a2e2e0f2a7048e1fb70,2,pdmx-qmdtapx4sawrsnnac55hvsan1w4zrfavat2ohjzi3txmmq;pdmx-qmfdg2dzb8dcgspwbbe7bvqkdztwcuuzqsaznq5n7vnurc
ca2aa71690ad281507340940c4adac0be5fbf617d214beac81c85955cfc2e570,2,pdmx-qmfyydkxnw8vzhtfn176gdtgykpawzeqxuzazqg4sufnme;pdmx-qmuuhzrefmukifwgyhckgqyayru2ffcu8edzwwam8hhcx1
ca3772edf2a1fe942f83b61c3186a5da33b13b7279c1ebe56a34edbc60cea76b,2,pdmx-qmd7vqu1e6otlhcbqoumqkccsu1rfhfvxucsttv3ezeyh9;pdmx-qmnlqrenyodqeqskfmbc7hwm43skbmx2u1jcmjak63b7yj
cac1d2cb0cdd2763164938b03e14e825352fa604d32b4948beb33edbc9ec5110,2,pdmx-qmttmkxwcastjwcqmxlgihvnbgp8hnbhfdag1mbbj19g5w;pdmx-qmu3bgzk1w37klhou37oleu3axlft7benhjg8xdavbgxgb
cad208c5ca5c4b7e9cea3f384758814de83edf3067051c7b72fbd9abd1658dcc,2,pdmx-qmreu4aecheehqrafkqn51iqfgty13dewourve9hbcjl6f;pdmx-qmymgt6ezxweaau77uwnyaj1eiofbvvwwmtnhrxuncx678
cb4af64c9e60a61a620c1b3d1884c85120bb490d7a7c0d42f615965e797b2b3a,2,pdmx-qmnwjryastut3zfmj1ttep4p3cjrmacjkyor4sp1g5ozbm;pdmx-qmp5j4g86zfu1mlgajt5xzg96kbkkh2s2bfo77u3owxyvc
cbb341dc770d5e1efc30183aa45efb00489ce1d49ddb4ae4cfd3080d24433450,2,pdmx-qmtyyahn6e1djrxv87suptvcj3tgh1c1emmewydmh2nq48;pdmx-qmuerwkhjsp9oqtr7nsysufapaz6htjjkc6jyvg85nlhnn
cc4506729b5540c34facb7dfa30288e4839d91a981fe697a84d7b281662bc94f,2,pdmx-qmnbrwpyxwgd3sz4dcdwqw2mrzmpsagckjfvgwzatjhsmt;pdmx-qmv6nmo7ekgskmukvnbr2yquqajuszrt5gkn6ebuhjzujw
ccd12bb004a72ba1e0ba6b682e493deb18dd2421ddf05485c508db7a5ebf5483,2,pdmx-qmayxqsaavesp2phszmusvhfdwujlhgkkwykaucprjr61c;pdmx-qmt3i3ynhz47d5xmqlzucoltxzyjrwrysxtctdjn2sccb2
ccd2c26f77bb8cc6adae11e09f9c71625e31a0f5d288918218f59481d44cbf06,2,pdmx-qmq5pp6c26c2jthphcbeutqsngy99vqcu7jjdqeizga68i;pdmx-qmtdabh9nwtmyxagt6mpvdrx4vjwrzc2goi5xoutf9uubr
ccef23f6decf0e47f827ebfe1b0826f39ca4449f8a2b6596fac18926bd0ab03a,2,pdmx-qmbsprejceagtp5j69bgx5cs3ywmpqqd2oqoq9rr7u3zl2;pdmx-qmxsji1bqkzeu4xmeuk9i5bkcedoulglbkvbnhnp7xhct5
cd4690f9829f938527f401b9efa9476af6cffe8b97801ddff1021baa496e2954,2,pdmx-qmepqgomcs8buhyl5qrzbras6vg2nhhicqnw2ahwdsc3uy;pdmx-qmzsjiap1pcx8zcux8azvtrpkuxvhtg9akyshikeixxcci
ce06a44bed7bb401e115f9d0f4a1b06e0f51aa20ee0f47d960a3238f903f1b97,2,pdmx-qmf8sn9mtw37cpoinsy2bj5z2fnctsajm5glalcuvsrarm;pdmx-qmpuc5inth7p5emawjoomjpyqkyngcyasfrvghxc1qgf25
ce19fab84c93073513e41d4d4665a6937f61c47e4eb7bbda8ebaa3def98b23c2,2,pdmx-qmd4ntvtspdilbxqvhvpkv9mbw3qcdossrjru6awg641cn;pdmx-qmq1yv2zymukqyzkus5h5kdrbnofumrc9u9pcyktxahtxe
ce1b0ecb51500d5ce738c0e95c7394ed1498a856fa985be164da4e7fbcae9cdf,2,pdmx-qmt4e3q66ejcwtqtmf9opoyy35cw9ebppqvpdrfgu1zurv;pdmx-qmyecz5zkx5c5rsonec4hjhjkjkflfjyki32drydvbuwr3
ce5c405d0ccb47cc854c08e2cc063286c1220128dd946f36b3e6de33dcf53840,2,pdmx-qmuktfrdd6vn5jhk6nfwh8nc96gqi1mhywnsuxa6qasgn8;pdmx-qmvpebydyghmawarebrgo4j8tuyd5gb7cmgsmxhyd6v8m7
ce8fd183566b95868ec3e8d3a5b6292de6bfd009a5de9e6907e4c121c090ca31,2,pdmx-qme5rwfvcth6gmsgvaeuukdyhy32gbb3rbctcrdtbhydqj;pdmx-qmv51drumtwfqj52jdz2sdzdj9ojogeyn7xsbtepbxfcv5
ce96c32e33a5fccb018285b655c67c9866ffd3723866c56d8df73be9cc769784,2,pdmx-qmai3wyng2cudyzhdfw2bxfnjaat9fzynw7kvgsgrseekn;pdmx-qmv8m73tkaoy2dtmjbd9jtdgpynbos9yqqygqbf7xmcnyg
cfa2da1417d781747b312ad847f02d12cc550de37083573b4532a11c8b198eba,2,pdmx-qmnxw3yq6jdutppust3ncwwby9qnaj9jrguyhq9mnoi7i5;pdmx-qmuj1dtmkwbvqeacjzmifxwtxf2nwcbfjgfuotaamexdrj
d011754d32cb5a3323bd35cf45b4f79da562a1a509600c698560d28a63b67a4e,2,pdmx-qmdbxrfti1ynzhkaxah9qu7qfm5axgp6nxb7zdavapfmtb;pdmx-qmwbvfsr9ajauxfqu6rs5jpkmhtctiunvvdtuizk59gpmv
d01ac184ca31aaf6f038204764d58ac9c33bf4f8487bae870d6f5310ad9f92bb,2,pdmx-qmx3nz3strdcfwirvjq8pjecnpmrzu21jc8xtsgkrkhrfg;pdmx-qmypap637mihzq4r6hmkvogqms8xw8bfbbbo5exlxql7uz
d0e2863ef2607c54d354d217055e927e7a86fb98213e3b636d9c81bb8150896d,2,pdmx-qmf5nvtrbfibazgumdj4hdnjjnjn6q4pg6hoq4677dfdk8;pdmx-qmusfnawlwbyxgs2bhcpha2moc2jakoapt7nubnkbfenkj
d0e329254a6d2ce7c9c49aa70ccc6e0222fbdea8b2c59cec337eae3c476212b7,2,pdmx-qmdewypzhxgt8yfya96ukthnqyo3jens43pecplqhzwbkq;pdmx-qmwzzk7spr9dt1kwb9a3rpeyqxaauxkllhq54yd7mymgme
d2c70cd124170439660a09eceaaa4071f106b60cbad3955dd92db3a51eb85e87,2,pdmx-qmc5ar3hjsel7ouse5o5ruyy4ldnhyzbwrsyr9pqrad7bf;pdmx-qmnifknheesjtosviudhrzmivmtc5ucnbyg99xhqas7awt
d2fed0b5d805390de457036c7ac9c016beadfe33d203ad59cbd7a066f388f9be,2,pdmx-qmcsduj3misr5ag58exxwyldsvtjsutzgno5kcslkh6g3l;pdmx-qmdu8i7kf3eubfiesswt8srd4stj3j97af29wggmcvxkbr
d30bc2a41fcd1d7f542037aad8e09f6f2cf429f416fcba94c2dc628226232f68,2,pdmx-qmaucdxkez3bl1bnw8mbhmvjksusgr4fvgfxystfvqtwjw;pdmx-qmv1q6ehxtjnfudg2dvw3umkdtdcw7ma5eanhgnb7gt19z
d320871f856e4e92f60a24b913cc6c795b08999764f1d67e3109a2de22b6b227,2,pdmx-qmapwtaidnyd7ungywmynqczdogfsedhgnct5azvn36lfi;pdmx-qmycbcsauykhkaokzyfhhnp75frtpb59p9zcq4mciy848s
d53b77feb349c9c73f169bd7c63668df5ce93a2c567a4c52aa26c9ed35775909,2,pdmx-qmusul4ahgdzepewy4bx1w36azs3awlbeked7xj5zasxqx;pdmx-qmxwjjpu3qjhcthtq9xzrdpxcuf16cswkw78zqmcrxehh5
d5612f707792a714e221ab5afba6a832e6a7be7fe05ed29732e1c0e855ec852a,2,pdmx-qmqwt5jnxh9j67hj5kypa9c8kdgfnrawltd7pdn2jvt4b2;pdmx-qmvkjfzv2fhjqvau5gd96mdwjx31nqssybyr4u4ydsgmda
d5c63941f7f5783d01c5a3be5432f08bf72609941bd134a4fed6ad2121c56435,2,pdmx-qmnbuptjxwzpj4x5bwmoavc8wtfppdhfm9lxtndsngbsyl;pdmx-qmzsbbksreear8gayb911wl114uubfs1rjgrvoxsyahg8u
d5fa093d5f142d403cc46cd0cf299a8fe4a767aa4b84a43b0edc2cb34bce97fe,2,pdmx-qmrkkqmagkxpyzs1sjs9brtfp6wtlzxbq9gu3yylhjnlvh;pdmx-qmyry9y3f8ug69qj55qpbvj2hlkjdmqygcragx7w9udwsd
d6a1c56484e43793aa720f9e2cb6969ea6fd7e5d4ef61884bab5bac99521246a,2,pdmx-qmtgw3ptjqbbs8tr31qdzdfxxgwfsrk39qtrjcxhbc175q;pdmx-qmtp9fnmu226dmhprjkyhvgfhzrxyzcsl4urh35dt6fxro
d705ec9b8a3c83a552660c5e974bfd24a754f50461abba3ad5bd12d037e4a463,2,pdmx-qmcl7pq7amruv5jg7yfekdarfa14hdyftecq7ahvpndmeh;pdmx-qmxjmp9nylcgsa2ntzgxyungfz8s3admsocnpeknmemw8s
d70b7836455c9c5336b2d8b81d8aac42b5bb5e4536b7a4e0d4dfe477dd61f838,2,pdmx-qmfxbrquhutbdjt4tkhd168qc9ny1pjp4f9vydj2vg7bcj;pdmx-qmtjeysbcju1ckc1hcqcfzpj8x9iqzqrecdpmpl5pa6263
d710e199ba8c3f4035ea1b579e36637590064cf0a0b4327086d0a5720178f4ad,2,pdmx-qmraamudbo9jfxqvjwrjcpnsujhqexwbswldwvnrjnteim;pdmx-qmzt79rbzyqbyil6wwqchradic1rnwulbuxbym6dkfxuck
d7325ae7dac93f32fcffabfc27571216249808070df2d7a0c820a7cc14e5b532,2,pdmx-qmaclwveehuqwegnndryzmgg65mvm2hs79y2thmaezdjsf;pdmx-qmwc4gtwmtk128zbzeyta7tety3vpbcpdt5fpdkfq7t9st
d73b258b908e80892fe394baa9cd24c31236d339a36ffd28c24da5ef57fe4ce9,2,pdmx-qmxtwthtftdmyvbmujghjtt34tan5lzzbvmdbijnjugkgv;pdmx-qmzhu9owhcevu3fqkywuekxnuajqm1weipddmtj12wamkf
d7b6eb378cc0a5be5de85e472ddacf1aefc50c048c9370037d0b595f1e510152,2,pdmx-qmpja1aujkvcnhkx7fphujypffnwfpfz6qtpdlsvqbsxnp;pdmx-qmvghtotvuezwrwvvtsnucugaqizdmhbm3zt2psycbfhbe
d7b863c447e4d23c2b9fa276384912067e0b4acbe4006531ac300d4fc3352ff8,2,pdmx-qmeqn9wtga6wkpjf4mh3hsye3vbsdwb63z6jtwrm6igghw;pdmx-qmzcdhvx5et5uhhp2h3ubaczcyadhmdpglqwoo1due7kjo
d82ed4b92d93064cb07d3220b08e87465b0dfd5cd6a73e304ef071c4c608f2ad,2,pdmx-qmshenh8ccyksaomqjsxypodzi2giuj7fxjnnzwgayn6hr;pdmx-qmtjnfx56gtzzvzkfe3ooqa31j6dw7lucqgpegrwomdzy6
d87990ab1e9093d8b7791b087f6c22f3aa5e409dbee6fd3005e1d31d65a36fa1,2,pdmx-qmnyeckxktq8qfnse1pkgffljuttafy6hnogj4p4feutov;pdmx-qmsx2myf44ymgpb56ejkrvyru136ay2ar2td3gy6qgwq66
d8c0309bd804f22e5ef02780470eb5902160bd8d817b5fe10da7245e84880f3c,2,pdmx-qmbg2j3cljhsrs1id2pzm7vnckztvccarfxgibz7kpmnru;pdmx-qmv7pwimwsrdvxst8q8o4ugsgxjeptk1o1xcftnlcdaxfb
d9dcae3e53913d264df34eb9952f3ba9b5df1f2794763a4479326f701940091a,2,pdmx-qmvap7ebyvpujpp4e26szqmm5crtiewplef2ghwhtisjdc;pdmx-qmyy6p9jcjrzt8editdcxxm7uekcrnfpqecp6jdjpwwtqp
da727b3bb166b688afe7b2b1b016e3265e21279b13c3a2300cc4a966bdd071a6,2,pdmx-qmydkuzxgbnj2oek2jjmnagveujujaulxrjvbxec7tf62a;pdmx-qmzvckbdcslauwwd2clqpzfm987fcpe9skodlhqzwkkxmk
da8674d84ef4b7e5e36df316bef34f209fdeed775fd3cae18c25bed2f0cfa1fb,2,pdmx-qmd5hiougmyinrg2el77gky6ahn9fxw8vxq12nnzvfe1yv;pdmx-qmyzr914nnqbhdtzyet1wjsvzd81xqcjqfvsr5zft3chfe
db3f8fdb64ac12fddc45f133c78c0bfaa761f8c7414e02ed29927fc3dbd531dc,2,pdmx-qmf78nurrnvkoskcnpxafdxngmdstbyje5uqxrta65158l;pdmx-qmqr44c94mzbywoqfg4mrqtdjyj3mserjkq47whjsufvo4
db9a6e5060afd6aebabdc9f44c6968d94bfcb055787957f336171eec736341c9,2,pdmx-qmwidnvtq8tqgmulosys1eymxsuasxfwphred94ka1y1k4;pdmx-qmx4nkrotekwqdbp2i3gw1h9nbqb1ayvghpgpp9b5379ba
dbde93cfcdbc54f9cd50c7cb6ac413c766edecc93aaad1a358571b5b44b7eef5,2,pdmx-qmretukkjvsugxuiof5txggbgrbt3syhhugqv7ysmeb6pb;pdmx-qmvqrzxxxopbjtdyzdwvhmusegfvijxzz68uwt9gbk4nk6
dc55ddab43d113932d4b03bdb5b1c0092876ba56e70ccd688f61a32fcd246686,2,pdmx-qmwezucipigi1bcpaemwkretcq4386g1y5r9jguss5k5dk;pdmx-qmzpoc3m7rf1tkzwec7hw82dr4f8um5rmwr3sd64cg5whv
dcabce65e6dd2ab23a6272162c43e0c4bb0f7536532e8f8905235f8f66a7909d,2,pdmx-qmvvkzgr9jyhmvyqp5clr3cucu1jejuozs1jaa88ruvepw;pdmx-qmwctzd4snk85gtce8b3ywqzck6ympbkt2jklwq2remdsd
dcad4a0226b2778c38e4ef8aee78c6bd93f8ff7651ec31c438b95c40441a4221,2,pdmx-qmdrglzeg95qmzz2c4erkecguses3t2et1svrngcmiwzbd;pdmx-qmf57lhaay1dtpakk43spuv3b2mjiexvvfuo1lz22hnnci
dd0b9e7a32104f2ccc04a29f34b0372c37569f74a64ed6d5b48fd912ecf92280,2,pdmx-qmcw7cgegwrfleivljtf1hje2njxhczevw4zdzycaxymcq;pdmx-qmwt59mjfbfkhdde3x655fubpwkcwbeyabr5nj3cbnvvki
dd68afd280eaf235df5110f467cdb002fa519f5381585497b49aa41354c26fb1,2,pdmx-qmdynirb58sbnb5luhzqeqsoqoa1d2hbmxaymezeemkuzl;pdmx-qmusbqga887zncavkd27ykfu4elgmkeywvpfmad6wdl5f5
ddf49611dc784595c6b9b960a8ef778c55f5bf3d0c5ea2b227ec0e73f7141ece,2,pdmx-qma9lkkg3phqoatsmcw3kbatm5qz5d2yvkznbmhujjh2kl;pdmx-qmwejswsqz2jgut16ikg57b9p2jkcbshyozrgsaci7kmdq
df073e1437fe1b74b475b70e0cb0908f145303c57c6f38e5044969f2b45509a0,2,pdmx-qmwf7tq5pnza3l4qyozrz4vcbml1gmbaxqyyypn1cph2wd;pdmx-qmwlwmgblhm8vk97xuhz8oe4v96usfbdvs6efkhkv1cjxx
df30e3141f58570d1598a56ef32e88b9cedf26bde0ec777389be25fc0c189540,2,pdmx-qmfcfemzvbnm68hnkmfqqgkjlvsaccm6qhzx3dv8mobww3;pdmx-qmzsigw1x3mea2hnyckpiq8aeyvqpk8azhmvstfz1pvrz2
e0d23e67a2ccfd13910f305e2831f5c16f669f361a7754c2003bff3c70f14ef9,2,pdmx-qmbk53mgakz3gcghqk3vxv27fx2a4lxhnkj7vsb3rwxftb;pdmx-qmvesbnmtsnnh5vthdjcdvogbnrenikb9rxeavchsgzzje
e180cbbd6f8be668f5bfd6b8adbade54197ffd60c992775ed236afac5aca6c53,2,pdmx-qmnv9gabyyfk5utd27xxu7xbv4sd6oroirds8vdifhnyje;pdmx-qmsdnhdybuqnxvmmcdgact4lsiozzjtx9tbgcursatjnqb
e1a01fe0e9d6164231f0e74c19c1986fa237cae30dfbbe8517b4626c1dc7d283,2,pdmx-qma2xkavjhmdcrgwixu9nfdtc675zcrwmwztr4nrcwghbb;pdmx-qmfp9vwymfyryhki85knhejwy888x8inow783butxrq8ez
e24db806c98c2e7484c1c6bca2e6916086a761846e905e21499b00524c8d1dbf,2,pdmx-qme3fycwaz6o8zuexbva4ry23w37bxffahxubcdzjgdkhq;pdmx-qmezxzzjwq3gb7nz6zq6ydybwap8lbuejatmkx8xkpzwau
e2a9fcea1b4eb917c4d1644c32ea4f22a3c52a2bed17bfae8727444953c9f0be,2,pdmx-qmtrsfhscj6aaujy7xeaqjdfeewuywh762ezfmdmascfeq;pdmx-qmuzqaydxncws8tgp42j6due7xnqqorh2eujrmy9tj2552
e2e6f5391c4dcbfb6bdab856fe304f1a55e723a327f98b3bd1e5070ee1cc2702,2,pdmx-qmqavp3wtstbsvjka4gswwmg1ask36gsu4cykusycakw57;pdmx-qmyebdpccpqabeppww3ubmbk5r39kdear1jmdnwsjaqpbt
e301dcae4c0d0732c6c9627b08fd872a7c8910d82c9e51d21b54c29f59e41890,2,pdmx-qmntztf554fsn8wgzshp4z59silgnjupvc2bpzywmxng1x;pdmx-qmydujomkvx4rqsjz7p6f63mvqttmysiubtb91mu8fgyep
e36bcba263ae203c991a90e4be4c492319fca1fdd4161863c3506285ce40d3c6,2,pdmx-qmbsq3fkr3j8u9ibybprjkvm3ph8xwk18uyppgh9uhqiwc;pdmx-qmqkjjsbhutrg94nkmkc7k56lywxhxjpikhqukev6jsgym
e3df95fe7e95df1ea630903f534ac4a43c9bf49d4fa8f93b31bb5101d33b23f2,2,pdmx-qmdjynelq3ascg6c1c4waxk4se6uzws9pxujedwaucimk1;pdmx-qmeg2by3b3zgz7sq2zojrh3yycwckp8sncjliqcikmhnsn
e4ae476fed5fc211bab9a839fdd0c1d1456c1f1c422bf37bc37874b5cb888cd7,2,pdmx-qmpc7iytzvosn1ib5hxs41fs5wnu46msnvtgnkafu5gadq;pdmx-qmsd2wakzbgthdrsxslauybhswrpgmxd4e6fk1m6x5vnpk
e4d3793a3c0934af3baea2a4e16664095f350f8551f46d809ee0196ba755a184,2,pdmx-qmceiovmfc7u2nzdgrvkalzhuzjppnmxw4wewocdrmpprn;pdmx-qmttdxpswcfctyzpts7b3qbrr6jvraasfbbc6dp1t2dody
e4f401eb254296c7887eafa6d0e747756ae4802f79e31e530eda7110b67ca53d,2,pdmx-qmtxj4qy97n3tmfrgoucxrdfmnbi7dm1bnbtvigpe6pkp7;pdmx-qmxnwjg9yiprxdkyylm5anxmudykcdypvkqx2ywalda6xt
e59a7b23be7ecd29c60bae41f6783a84c1f2a7ef9efe5166acc9c8196857d49b,2,pdmx-qmahduaz8bmndcojuczvmnvljmnc3eh92wqlkndwql7qwm;pdmx-qmfs7jsdeqo8bwhqdvzkxm5vbku2pvtxclrvgppzxbfpsj
e5e6a58b319604b261f7fce79ac6e2c460cb6ca6dd2a70d4cd5c5adf4df9a4f9,2,pdmx-qmvjcoauteo21bnsxgwmx2cwbcjpgpe4q3o58eacxjt32n;pdmx-qmvo6rdcme3f9ynfazkbkhasmgvushpppnbv4nzjq9zn21
e5f41f1b2eb5feadd04596a7d012578ef814255f14349619b606e9e5599053da,2,pdmx-qmwp7u8ppwsnhxxlad5magi8kt6h4fcy9yqvp3832pmkzd;pdmx-qmwzhvjvayqejiy1tgttmgx8kcstuf3mysykjaxzpnk9un
e655b519fc217ecd9ccdea2513596a33494b696a01530feb67270d388b1a5a8e,2,pdmx-qmejgbcjjjuelnfj7gfd5x4uetcxqtns8wdskdwywgudmh;pdmx-qmrzhg2jgxlbjsgczsftd85bzwt7mjy3nfkjktjb9bcqyq
e6e13448a14d1408df1414d8a48724238538ec5a81fda2bd224599b8742cd422,2,pdmx-qma59thy5ygx4uun3bk6hotrfbp3gkdadnmff6rvgqucjq;pdmx-qmylwswyn19mxbmwacf5djvp62niflablf7z8vxapmvsmz
e6ef2d243824da115f4e604822b48cbbd3faf36e672e2e53d680435437e56a05,2,pdmx-qmcbr59i59g1hmatvjssgpu2gffm8cvqhd2zftbue9yvim;pdmx-qmeuk7dk4pfebgsdb1xrdcobvnn1dr7gz7g2ka4wm9fsmm
e6f60e755b47a7f7182f2d60398f54ed9ce9f9769a775891b22bf59d2a84b2e6,2,pdmx-qmaoc19zzzihsiamyaygn8xupm3mwdcq7u8kfe3ujqsrib;pdmx-qmdhnyy8qhm9yozvwjzjxjwd16sarnc7s2lufqwqkkxigu
e75a637a360c3599a4fe6edd373c01cd46bf40a793f91e54d2fbe3fd8ee12880,2,pdmx-qmed6xcc583gvrzxhpuozpds4g3baykdgz4hu9srmrrkca;pdmx-qmew8xhvjipzxp6rxihuoesquwcngwf6dwq31k51cadmgr
e7ec11483338bc6dfe4522abbd1e3c90744ae37f9629375b05690dbf3b929ed2,2,pdmx-qmy2wx8gytmqwjumvccdsjxt4gjkzq8vbarwdshphzmtm2;pdmx-qmzg6vop6q9vxqmhlvdxejnafdg1znfdmkgmlyv3hrdgvm
e84ff3f6ed591065478156d4167ac452aaa3260fbf98c6cf0d192e001927ea2d,2,pdmx-qme6cm9rgbzsw2dydt98xryeaygx8lpdj2r67kzkgeunt6;pdmx-qmyyth29lz4n7hbnlymstajanuzfnbofmsnxqw9pyv9y6v
e8a226e698b32617508731c998f6f12b54b47b161e3a9265dbf086b69c5e71a8,2,pdmx-qmsagqoq16cdfl3bnnkuetswdovc8maigbv6dzccjpkh4m;pdmx-qmscaqaqwykutbit8indkceweffe7mrar3ewbvssfxksrs
e8d446018c2c60b80d101651c3272bd5f3f301e2d90884748652fcfa60bf87f9,2,pdmx-qmcrdjh1z7nzqutzwcjpynjuugxpmwy8mndw9gmp8b4ntb;pdmx-qmpb7rupis5arus24zyyet2iefwcjdrlvq4ejwrzpkrxnq
e9066113effe9d1307f77764555faa503b5562bb4b6f63b1e29cb9ba6477493e,2,pdmx-qmanl54b6tvcayt4rrgujbsjfszr7qc3ft5pehkymehwg6;pdmx-qmyq1rmj3b6hpae5mnh5pmm7ukbhqekhd5ai1csadqte1d
e90f446d98b2abcd3a6e7f919194295855e94583ca6edca96b6370a13f4cd76f,2,pdmx-qmdt2z2zeb4ihkxnsudyhpkygw4x3wksqw5ssavabb79wn;pdmx-qmurzy8j4kiyvqwxetcesno79nvcypckkbksy78blqdsrs
e9219326b265006fc3b4a050f5e462c477504ac9e4f354545eb2ee164f76a17c,2,pdmx-qmsnbn7kv2gim2hya8tdeeht7pzznjcxnjzmyvgfjptqe4;pdmx-qmywqmakbfvxspxomzll87kqgv6wv1mone5syewvsioqpd
e92ca9d28feaa4eb30e0b59ec0c0372a3db98e384d8686beaa160ccf02845670,2,pdmx-qmnt8ubxc4nmu6gaqrzwxta8ueb5capzfqzntyfc1kovpz;pdmx-qmv4xemumdwtg9jjeovfjdc1fqxyn4jjycc54kgopoc5ej
e93e4b1ca29bd82c0c7a2238fb7034c138b41e48fd298a1856db7451a373d482,2,pdmx-qmpnvb5c7ebut9zms72zmwgu7qhv1gmwy2pxsffdbje19o;pdmx-qmwi31atejquhvjea31ahxhlhmned4yz5hthpqzfjxhp8n
ea13785c977750a52313cb1d6d66e7cf3742a1aaea9e80f2142eb3f3fd4e89f7,2,pdmx-qmfcphg5kc6na4yvghe8wgcu5rs8brka6vxdynbt1j97my;pdmx-qms6jg6fgxvs2bpfrtz3wvwkgasjzavsrn5twy2rvgsgbf
ea761afa1e2e1eb67bfccec7e6130184d0294a5c1ad57526cd627827ffe7b78a,2,pdmx-qmdpulcrd3gekk78joaahaude77cr2t5mzgpatrmpsuly8;pdmx-qmecljtaeoinayi4weah5dozfjcftfzvphim2yhr7w2fb9
eab38c8f752b387e2586e079564d9e0c03334909055063bfb892a3c2eda382d0,2,pdmx-qmpznxjaqphx7apwbobxf9e16avqq39jukzngq5iex3fqj;pdmx-qmxkysny6442tb2btsvjbhsps7zwjtmvb2y37cughbsbyp
eaeff406ea8fbb554da88bfb9d7fb4671f872010bb4fa80a37c061085d986d86,2,pdmx-qmq3nq85fdx7hvpwg7bpmlv3hhrshc6kt1rymzztxm26c6;pdmx-qmtutvmvr2ngxdejyafwh3ywhwwbfosu8coedsmwj7shub
eafd3db1ddae18a2b6f7d631c1d2fb29302a910dd45bef1746a51f4094261764,2,pdmx-qmd4gxfrh1lgvfbabbutv6ypexgtjkgqborm8f4yf4rgkw;pdmx-qmppr5axhyjzrb8hbj4hby5f4ajcpjskerkwhbufscrs7v
eb12f698c0d945a2721b710606a6f9214552daa7efe151ccdae6ce3c39c43072,2,pdmx-qmp9s4fjnvytuksrzyajtrcjtcdiqbgfu4m8d7e3deknhk;pdmx-qmwk5bweihtkr2bftmbfwpjl2wzflequeyj9swyr6cv2lv
eb1be555a5258cdd7fb34730e51854e051d3f7664463d25caca9a5ff40abf4a5,2,pdmx-qmdmzbntfa1zq4r4gyk5i8xz3bpajztsdthrxnakzaxdwf;pdmx-qmvngb86f6rzf8a5uz3bxncm9rgagswgtrpewbtkb2jgso
ec2433c9188a786d9da74e5683ee6d204e4ac1a8403ada1010c257c3d623ca00,2,pdmx-qmth8wbb87qqjyd8fknpkpqpeag3ghhd6owcnuu2mnhmd7;pdmx-qmxariswkb2ezomlgrggxck4phwgmlyqwpsoepu6obr1wh
ecbf363697a9575f40d4801d68f98799a78fa7518841b3d81f35b6b876ac9b4e,2,pdmx-qmwiclvcpyhxubaemxk2xkycu7mrytiepqukdzgqofu5nz;pdmx-qmzntgsxdo78ynee6n9dmqfnxyygm1ajkjpjbgbdfu2hvz
ee2440f5e82689e95acd3e0e07c401265d206d18654a51ba6e0cfbaecf9bc4a0,2,pdmx-qmpu7vcrdyguii4kbravmbxqufqqhuihmmf8ceo8cgy8i5;pdmx-qmzx61n5cpzkdfcpgfxjkj4pyrdmp96d5w7cccmygus31r
ee3b96787c3213fa7ae090d31e9bd043592412287c9aa754fa6f38b4008eaeb1,2,pdmx-qmx14pj1ca5j4vvs78qjreispr5patfdiemxbsk75cgld7;pdmx-qmykfzpux3rv2kxkjs1ahbh54fpngxgcfnbgeeiwuzsha5
ee8f8d5c29df633ab90c6fe8646c292ec443944ee3d38011e503c482dab7dc8e,2,pdmx-qmecfxtammneupvlz6qp9ldg88vngvkkkxvfk4otpifc9m;pdmx-qmwyit69ptrcdrjdpb3poo8f7zzh82sequ8bqsbprr7cvq
eec3333bcb088fb6fd54287e88a2d12a83c0b33e1867d9959928ffc3f11cf28f,2,pdmx-qmavjjb5csjbguuvampenqpyqxqyri7rx52qnlkjbausha;pdmx-qmxdzx31n2tpaoyk97hj59rtxcyxda5olrkkemjbwtrgvn
eee85496c52f79461b4b4c83b475c1e373bf8bfae16f58fd560eb60106e0dc29,2,pdmx-qmwk9uq5894jrsdcyks5xqhz5wdvypj9kme8fxtsvy162y;pdmx-qmyvyctncfwldcmmqdd9hjrpyrfsvjojr1hky2bcysfmjb
efcc25cd15837e9c515500d13fd27dfbb40146c13005e9ba8f25094107ef1200,2,pdmx-qmrc9fxi43zr8q4gexi4hmb6bf9vfn3htevjvgzijowudd;pdmx-qmyba6ycguegd5mnxxzh8mzcue8qy6f3t1zwdzt6nn3j1c
f04ed4a76ea32b627d2137067ed67da52128a701200156a710e085331ce0486d,2,pdmx-qmyabpzqgjcstpuvocghlfnrojqcepcwqxktostmyphq76;pdmx-qmzra6wabm9aaainyatdzbussic34eqoc41jucmetsy28a
f0c228c19e62d45ed21b19ed1da0e3feb22e9793fbffcb86711d42f93b3b6a5c,2,pdmx-qmej4pxpk2z4eses8vstq2yzab1qmwotmgjoga9jq8c3d6;pdmx-qmy2l9a44uvnb9vam5ysm8cw2vdxrqnobzbkexa7zywryk
f107364e7629a0053c07150501a1cad02c2b6ea70f33ec3ecd59a7bede103665,2,pdmx-qmsdt3mmj7ccpkaknkuoiu7wd1ehr7y5ic31jgzbnpk6tn;pdmx-qmyzk1qefxbt9hanivrmqwgdfiovv5oqfxtxext2kbw5uc
f228aff245a8c462f9e307db166ed510e6df21aa2a7201340d40ca449e0b0273,2,pdmx-qmxvuyjjtbrp457sspuu2rdo18u5vzh9nya4muvfbrfbrq;pdmx-qmzwnnkctxkcyqc9krkby6kqjwchrzxqv3kcpa6w5xew3h
f26089b9e593524d4cbb506d70b9e1e42082f165ca0496e9e7274bde06684664,2,pdmx-qmumec8s81gtq4ghrogstwa3ch6whnyogaeuwwucegjfl5;pdmx-qmvsinaypt4w6tpkv5kqx1ghhuhq2ajmdlydnryadvqbxz
f2bef28ebd9009acf7dba1850e90c6ba3f46d647544dcf5883e9c65b5e8de78b,2,pdmx-qmnmyfgqcnxsgbldcjnf2a3v3cynvjshuewgt7xzgrvpbv;pdmx-qmudyyofgcvmsuww1pqb2fjivfhafd2wupeppduxwyuhwu
f2e654317b0d98c1d516568dad33089ae30d6fdaae869d386e5710b84e196a74,2,pdmx-qmuesqqrfapqvxpabmhfugty2wy1sxdgtsyiu6kneyky8y;pdmx-qmwlsyp3kkoqnu1wd1sx7mlki8aq6vdpcnvplnhc4uc1fc
f3889473288733094199c9842fa00bbd6a69e0fa27fc86d4ef2f929a108d09d2,2,pdmx-qmd2yuo6tf3fppkd3zomjwayzqp47xg8ef7qncsyxnjhab;pdmx-qmy45ssgdegta9gehlpf2ijzyxezz6raz6scggxe9kkvkn
f3ede3efd65c20fd0082e11c56b79197e7dddeda7b86de7bbb604758cc0d55e5,2,pdmx-qmfbsyun4qxbxguqkbxk6xzt9xsnjlwamrjzklh38y9fp9;pdmx-qmuudwhqtjawzpju6jqfiwyuogpgsmrkcdubnty8eay1wm
f4ca2b9d8cafdc152beecd2e887c38fa84e10d453036550640153627232081bf,2,pdmx-qmdbhgrp6xny1xtfbnmxtsbbnaztsa8rax4x16uctwdheh;pdmx-qmeuhynmxqatvaf7mpkmtpansqk2mxsc3kwagewdcyzjth
f4d968792c72495b74519cdde9f3f4b9f30e7c421c7895ca23b941fa1452f7c3,2,pdmx-qmrc1naor5zx57ejer9spar3ncmrpncxjcngqkqvn2n9ub;pdmx-qmyvg2jzmcbxvkvjunthbyyn2cq2n9zmlqvnb4agc6dq6k
f4ef2ecba72439a6dce331c1aa790290f51d088dccff86bc97ef8431dc22bd49,2,pdmx-qmcmzns698ho38unoah64gxwkgmpg1ps7jwgyeqoundbnw;pdmx-qmvjc9qhhrhsywvcwgpdrycgg49rndkfmxbohnth878puw
f5233a8cb915d3d05f3211cab0ef56a3f95756a57d5d8ab938ad0506e9f3a430,2,pdmx-qmnduaygbcisppwz5nm5dhdh7bddk5rujcv6azwkgmcy3n;pdmx-qmwzhcc7tjd337c5wty6oremlj6ekuwwfhwhkmepehaavy
f54a82254a6661ca195ddf7546722df85659df90c5120eb86c248fea67427fab,2,pdmx-qmek9fdkxmuzbm4vtpfq6l6zcgdnu1iwgxyuj8lgovbyb3;pdmx-qmxddtafkrxepeuy7k8t5f1chkra1mvkqe4jy2dgbgilqz
f63407053af72714a9a818c750c2dff89d7a52b94716809f1e3dfb092de5d1a5,2,pdmx-qmbchuu6bhhnhilxnmlxkxkgdftxqsbr93kg2m9dp9tkfj;pdmx-qmcd9kc4myahertyqwqg86vt6srjcuve8tnosat8wlmabz
f64372477cb7b5e48c10f42b42cabc79116e202d454f9fe008b6c986b394e04e,2,pdmx-qmqs9kcsdq1me8bbyvaupgbavc9rmhk9p7yc1u9nmiqs7j;pdmx-qmsijj9fvlmo1zfm8wegzr6aget7ex68cq15nucoqves8n
f663c4cd4e9181891ec82bc5b8e3a2610c4b0b6988040af1d49a2eb29587e172,2,pdmx-qmflsfsdpvxhvturm6fvxcgcpugbnisairg1x3e6abahhb;pdmx-qmxnyiq19zvsvjjscdhh1yzshkf8zwbpdondkdusdqyhrq
f66ec1788eb5f1b6abfa6bf2a57a3fcc60e4e358b1757599122f45d8148f2059,2,pdmx-qmfaxfeb6sprxcj15bttg9tfcvvbjkeatfnebcvz1wpmer;pdmx-qmqwbufxccepexcrhw5ykgjfmrj1bgku9dlcjfzbpbfjp1
f6cef261084963e89bde5ba92c73bc0be6036a876fa2f69cd4c561093f2ea8b9,2,pdmx-qmfq1jd3zvqse629t4zh4tjnjwky8ole2nufchs7psgiqm;pdmx-qmqyce4fcqrscetjzq7ddfp8pp9jpewjfm3qjerkrgaxkh
f7a07dc62051cbecfb456e912ef5c944ab88abb9a354fd30d0ff860165825997,2,pdmx-qmasfe9rxy7bvbzmpjh58m3xedlvajzafxpktlvustllvb;pdmx-qmbrte451976kg3dxhg4qkgkjhb3munv3twqrsgu1scyty
f7ba48e9f884749fcf457ae0bfb86b8d6dc1bab30d0be362a59aafc03a7c0c20,2,pdmx-qmcqjbyqvgmub6enhfv5pyaihbxoqc9warcd7jn9mi7rba;pdmx-qmpb1xbvlpkmrekul9znjql2lo7ehbbmugz8kffnswj9cx
f7f38441a8132abced13743a4381b4f745c5a04cd8542d35ec0e05222f0cc180,2,pdmx-qmuxddza63vrw58mpzxp4ygj89zqvmwgturvf8x96cqqyq;pdmx-qmvistu5sddaw259c6bwwpythhgp2a8vnbtsmfsapsomvn
f85ca237513520f5b0e29cbb74897f63954ecea9ccefd52a1508ea47cb00822f,2,pdmx-qmfconjlzu5npn4awovphqgyna9uzu9pzzpzknmxq5yiik;pdmx-qmumdnebnztubxtxhoxvgri5bxqfszgdabukhewh5fklvf
f872c9b8f13858ed617fbfb697495bd95ed9e672c82eda48bb3a3970161a3b28,2,pdmx-qmajdpxzicnbwh9lhw6slkl82za8immpwykfhizmd6wefw;pdmx-qmvj1ghmgloj5laixkcrhscermn3wfmfjzfidgdpguj8lh
f8fabf2513e8ff6a890cf16c142cb39c4edb3ddf3a6f41d1f758eca95be7957c,2,pdmx-qmf43pxtgr1ppumajnsts2nr5tmzxwyppksn5daf8baxs2;pdmx-qmxfvh42cmvkew8eazwvc7kuaxy8u6axkcklckzxf9qey3
f96932939473e1be29c1f7bbbf9467e91f3c25ff48a5facc2e6d1e0c0b1f0eed,2,pdmx-qmaibwyg1ye1rr6ygscpbxumgw1rafkjtfh5srdbxgte8a;pdmx-qmdrjnpxgurrgbyc2mveixnbz3wwfknzpgl2hbbkqadefh
f9823ebd971d8cdcb81eddb7fdc91f4d05d51cad671613bb2a01c427816165cf,2,pdmx-qmexikwxjcl6myjsmqmshl1x88ydtzjedfaxp7jjwvu7ac;pdmx-qmuuhqkwwjcfb8x8kbcxugt4y7vqonu6yi3lm7n5wnzzbg
f9e5e3d74028ee6dea35cf3ef15ee4ee32869f40bb57100d859831dbfe9b199d,2,pdmx-qmdngot9wycqknxrdy5ccvqb1l7aideif5itspsc1dnefg;pdmx-qmyjvqfjujzqgnm8xrjgm7hhfy2usgy2sq9blw1xyqmq4c
fab5c9ee3b497d1c32ba8a5c6e9936ea78dc2b184836e1891e1b3dcb5b94ddf7,2,pdmx-qmqmgxna7iq2r7rsh8am3jm4iage69ugcp1ab8mffcc2dk;pdmx-qms3xwjpkcj3bvfuekwodnz9msdehnse97m9v99wxd8ujq
faf7cad0566f158a9578375bab108c5824bc11bf80021c66ade6219ff9464ca5,2,pdmx-qmdqlvghc4p9azjjsvesqx5mxrggbq2gzjyujbwu5r9yt7;pdmx-qmuwbvtfqwkjxsry4vnaywv39xsd63qthvqx7zrkbadcqr
fbd9b84fb6faba64ed6fe3675b915691718837878a121926e393bde90999b25e,2,pdmx-qmrsschgwvmntr2atwguq2qvjjvm7y31jxdffarulrsmld;pdmx-qmvmbmg9518c8y61hdkzkpt64eeggh1ylai6wm8kcwumyb
fbe449ad093026be958df711bfeb4b11a5ede41cc95d5ac297a610395b9f87b2,2,pdmx-qmcjnzs8vxzft8sraxkluxowetdv5shrjn3g1gcnnzrwgt;pdmx-qmw474vmognuxvccx1r4ebkosleeos5t3jvfk4mbwrxbvk
fbf03c933b65ee1acb0415fe4765f3ee42be96f81c014fb824878c11a9e069a1,2,pdmx-qmb2zdxdmvzd7lrr67vt6jxgvctu7nbumsvawiwpy2chw3;pdmx-qmfjj18s1cc5khzl3sbmn43nynmxpbulfhyjk9fkjuup8a
fc46e8c114b36438642f9d59af457af0a16307a65848bcf3414bec9015bc986c,2,pdmx-qmtkevgt8cynch4gwudw9dheykfrqxtncv8k3uwn9hlqnd;pdmx-qmtp6ctwu8lnjyyayjstqd4nx5ddfwsijdtzkazngkjhjo
fc767d1eef2a100c255219884e83d99397371ed150a920fa2534cfb564d2ade7,2,pdmx-qmcvswuuxh3ebzacctkaswfzrgfx9ng5brkbrsaujlifzu;pdmx-qmxdyb6faapzuvpjy6clmmqr9tp6kc1jfzym9wcsdn5qth
fd445d1d201ab5e86f1a1386473113076392323c4313fbf7613b006f3f64c167,2,pdmx-qmafdtvrvnu5mqb2gkh4r56jzc9uaccug1heorp9xahxxb;pdmx-qmxpurm1uuq4tmyzmbp93weup1238z5kq5jjxb1dyiivum
fd7283ca13ce43032878a316b77bfbe00423da249bee97df1661b93899bc89cb,2,pdmx-qmb4gftn6xhcyoher9uvybks6vevghjs3risz6t5txx7qb;pdmx-qmvctugj21gl7wzhzyfht2bnw1opng5rqbfzlamayh5ohd
fda67abe20e92a2610bc4d2fc9849b9ff42b62dbfe5bf873a620154608d78873,2,pdmx-qmdzaa7we94zncmyvjmhepfk5pwcqbw5m3mcpbkk7cua8n;pdmx-qmwhephbtjccws227ehah7khdtsstrokzthh9alceb9kkg
fe8e1195f8ec4cbbad0eb9665d145e46d29fef9e0f667b53903724cd12e4ba78,2,pdmx-qmqnyngfgmja34quv3xyv6s5javemj5macejp57tg4uoiy;pdmx-qmt35cz9zw1xn5bpwldprww2qsylhwtcpqx9v4w2rrigsi
ffa9bdd9126a726794e3d9f1377e1cfcf7e2c7464d48dc3b89157c09ee64e1b1,2,pdmx-qmngh6g9bftekxbuouetxbyfryovk6gfps6fyesnzongt4;pdmx-qmz5fzhunvgmmbzb4yk1burmb1lmgfvywsyim4xyf9m9ad
ffd4c4acf8ae3dc17663283ec5345b072365f990c56def51b51229a2605f02d0,2,pdmx-qmt46zgxmhru95thba6ziohcpgbsxmhknpgnadyjchd9g9;pdmx-qmw9zfrzabtnag3b5nrmjvywwynff4uv2ksh7ffcu6jnug
fff704064779e5b692ed0ea4d1e4a85820854f057771f17914db2a10c26797b9,2,pdmx-qmdophh442zcxfjju1ehhcv9fswxs85r7r44hjceftyfpg;pdmx-qmzph8cspwu4r8ioe2ux3yakn5mmugb5v1myynnxjti27w
