fingerprint,cluster_size,record_ids,auto_merge
e3b0c44298fc1c149afbf4c8996fb92427ae41e4649b934ca495991b7852b855,13,pdmx-qmamnfbx1bqmkshrbb1wbdw7e9faadtulhwgw36sop5dj3;pdmx-qmb3cvh1wkab68fskgrubdkgby4hkyiasee3hw1kxcdqwu;pdmx-qmckwtabddyhfron3wme8hplfj4axuh7tx1vbthrdlzhfi;pdmx-qmduw5clmja1gnyjvj9z7gqy3zmgaiugokmwgz5ryueasc;pdmx-qmewpazufhy3mejzikxyfpbml5jcwhnhynxgngptcwwchg;pdmx-qmft3r9or4rswuymtgp5buscfeqk8hf64nkujmsqrnkehe;pdmx-qmqlad67a71eia4dvmu3gw3arnbgolmwhakr9etp4cxujd;pdmx-qmru8czvbt2anyqjuv1bgwsqjgcrce5mwgjuihqvpd2ywj;pdmx-qmsqwzwpbdchqs7mthaq1vtsrdpdafpzrfztmj3mcuphvr;pdmx-qmsyeaxrk2rw8uwg9tlnjou6bnzeqg9wp4z9lt6ecjcuvr;pdmx-qmtvutcbjaekbzkrvwebwp6zqzbithwnaercq4zjsatvgq;pdmx-qmvy1jk9ijiwr7gtzmrqywx52xkqrvto3plskvkoink7dx;pdmx-qmyrheizynrnaxtljokf7kjguf2virarnvewo6zgemrnqv,0
f7febb684bfc16a1a2a235416ee2e1f89026bb28afc58cbf29bf0f16e26091ad,10,pdmx-qmazeco6kbbkvft17dumnznc6fglyl348lm83ipetr1dvv;pdmx-qmb4wuvrhnbjipcvbbrqnqikcfsnpkgd855epocidr1axx;pdmx-qmdntwrejzgcl4xtz92ks2wh6mpjem1f7pqrswd3pt69tz;pdmx-qmeckfr6ubx3niu55neo765zrkjjhehybpmgre9xbo7cwc;pdmx-qmpe6eetoruqqmmuk7qabvkxxxss4yi31jv4wyr4db4pyu;pdmx-qmrdqw17caepo7kmo3hwpppnpqqfhdji7jsrfb9qvrjvge;pdmx-qmu6tufb9lu5gz6grqyn4txaoa3uddkk1z294a45joumje;pdmx-qmviryy2anmla28iqvhzrsmkqjrkkh7pagamfnxeb1znyg;pdmx-qmvstjv96e7gxfvves2vrcr7cnhowvh7fte6sd9igwjyqv;pdmx-qmyy2rliekpenopbcnjjxxvgbo1dxxksi97j7rv4vssglb,0
e8bbc32903038c0ab06d4903f12d5908871aad6416f4b19177896984b295e0e7,9,pdmx-qma2sc8pdqeph9vinmq6gsi1okivtvrhd1lj3dpytrk7ep;pdmx-qmbz5smotx1rkzmbcjbtf2nbxc8cw9uz6q2rpm93q9ml8x;pdmx-qmpry35crltqp9bt3wijiu8yvw5mlfgzt9yueub8knoze7;pdmx-qmqfil6iy9xcubpnhqegr78r5m5g1s2xzbpmb94dmxwo7o;pdmx-qmrcywm8zaot73fu7qspgfzuh8azp8jx7nxzti3guwpynh;pdmx-qmtxdzmec9ahihxwmugcr3fjkyicefrtsglpmqd3fnube2;pdmx-qmvkmszls33yekhaspucilzqw4t1svsdvjalsvn3xym45f;pdmx-qmw2pfe6fddbolf8kj4ssuymecktk65qekkup9hnhlhhtr;pdmx-qmzo9rt9faxpirf43g98kxy27u3d3lfbqo9ugltnzgtkmi,0
07ea4cccb8ba38c04077fc503f14f8118ce938f584fc4d8a544d6d31937f4703,8,pdmx-qmckopdke2zgvdh9frfc555ei1tyjxhg3y4rsj5dkhcyku;pdmx-qmrdkywu69t6e1txs2ssjxpsfvhqmmqneelklyoz1q7cal;pdmx-qmru3vn3sgpkreynb3h7ybkjziw6wbprxvkjcai6337ggs;pdmx-qmssv5sz2txrb6yfyqtdafyzcunelyabyvjgthagm9wuzc;pdmx-qmtbt9bb8gvgvam7uab2ghegilmueechnfebs6u8nbtztd;pdmx-qmvnmurht4vbeuwjz4iv8wvwx7einxgygn8edzobiod4gt;pdmx-qmwqgykl1obdinvfimpvtfwyup5grattnskyhvm7twantq;pdmx-qmzettatideppwzip88dhfeh1dyz8pjqnssxnhqcbyctpp,0
080f0141825318edeaace0e8beea1cc66351f2aa08d292fe449ec6996caebbfc,8,pdmx-qmauaqwhc71wy8upnm2b73tt15uuzkmuxwst99zdnnra8j;pdmx-qmdo9mnzcqhcfzm6jrzcpkltegbcdhqjhxtqzld9h49njj;pdmx-qmeiuj6fyxffhwzxgvawedo1ly6htusy61zuq3rnfjkrvi;pdmx-qmtzk6wcnayz56fwhvtrpkzulsq1ar61cmtykkc4tdvdhc;pdmx-qmusxs7ptjbbyfnwaqktc45ritfsagre5vm2jmk4p43ruh;pdmx-qmv4nqg87x572bqg2ovrn823plz1xhv9z7odxabtnk9tm7;pdmx-qmwmxyttpytizenewequtkdhz6w9wlrkbpedydeuvrsn9s;pdmx-qmzqsmzkdirutbxnnhb3et7jywtqn2zhyguv9wuudabhip,0
0d0d8de7a2bf6d1930a9b572309bcff3486f7bd07b78a75b31b36edb9a3b8ac6,8,pdmx-qmauygp2hdoqobveybm4yg7aanq8mubjrw9b1zrh7sfbai;pdmx-qmnhhjjvsazksttmn41gx8spc7vpv7m5pe9fe8dugfgwtd;pdmx-qmnhnhfxweq3lmrff9ggdqgfplq3prdh36zdekfjgnjgqt;pdmx-qmrbnqgfjszunxderhgk4wbsa4wakftecwxajarvcfgmvj;pdmx-qmrxwb6dwhnqtaizz6f45v7trsefp5cxfju5htgz6s1wzc;pdmx-qmxpsayiq14gbn3knnrqvivdyn8okrbyd5sooj6kpyvkzg;pdmx-qmygaxtbexjitattvu3pazyeajbosk2899vxyp8ccqkxzu;pdmx-qmywf3nbc3nngxrsx5zt3exhbrzwk3lkbkhftz66xw2nem,0
5274fafc54333c1e00fa3dc4e6115415c16543f373d1c58dafdd46588818989a,8,pdmx-qmdveeche2w32vcixnr2b5qzlsxgqme2aaanymqtyckkv3;pdmx-qme2lzmjbnyjsyryfipk3hkjwsxyfhpbtgfu7intldzzwy;pdmx-qmpoymaeyq3amt9xhpchbjqpnngkbmy6cl4vynw9tzireu;pdmx-qmpppfws4yh8vym7jvryoa1vhkni2rsa1ru6apqc195hzh;pdmx-qmqsfzvumgjtbsv38wvvp1uyju1tdh8re39hjzx3bnez4m;pdmx-qmrcrzmmgkfb7gnmtu6xshda86cjpjfxlcaospsxwclzjl;pdmx-qms6whvwdgd9tgpzzza7idtkuo6zw7eqe62whuxxjpetki;pdmx-qmvrpv8jgmw9nydht9tv6z3jugxceknyotcnlafyru2xga,0
bb6479668c1e41fd16979675f0826587cb4f0a7f7861010d218a4b6613748119,8,pdmx-qmcskkyvf3xaybvhxtrdwvtgabyqedruqnmu8kgycdrqkt;pdmx-qmdn3woxi5zbabt4wqraccpw7rddwl1frvrcu2kekcsjra;pdmx-qmqpszcetgxdhjnkjyszsbrhjh4d67bezkfmnmabdlskwe;pdmx-qmr5e8gjehimsscctbt5rhjfn4lbagydux9kauvxhyddc2;pdmx-qmt2wewzilkhc6ghih34mtszxwj2p31vfs8l7yecjehboy;pdmx-qmuzcwbcp1diy5e1jvjihsxcb9xpirkqdbadxddffqthtb;pdmx-qmwdvtvgtzqbuxyumd4bdt3mwzyypbhtccku5dhpdstmqa;pdmx-qmxbpcfddf6kzz6axaauqey5m3zk9eptimuhxsttdtbb6s,0
f3175c14549bca7e20364232f75287d9f7da04ce702188dd50dc27e323c777ce,8,pdmx-qmd7hf4imlfwfanfwjr9gynzy3vwuqqph4txbnyr18lxad;pdmx-qmehyrc7y3sd38wvztqbm7qjdcgbtcpoamtwo55mwkgezf;pdmx-qmf1czrpsbmtxk7vhzmrlanzh7yoqzgn8bkse62qt7zzic;pdmx-qmf1npq4aaeg85wcaemwxleeeya2uehp2upbqvn7vqfmpp;pdmx-qmpop8cvgjwvetftsre7htmijbrphx4waykvxnddnnxzc7;pdmx-qmtsvwsjfcakxmgn5oc5bob1mouhg9jyruqubz6qnq8mhj;pdmx-qmuvrf728nhk8sthbf8jv3n2sjerqxfy1rxd1j7qo7vrmk;pdmx-qmx6sffzfxtxwsyqznbyghtxktwgf2xfd7wlrbvet2tqcx,0
4711c5bc27efc2f030eadd5bf21ee8951888911daf5a38386efa340871a3461c,7,pdmx-qmcgzvptbweyqgtsaffuv1uivydxrakmrjfx8nxjhxughq;pdmx-qmcjte9arrxp5jckhequwfil5vzym7xcwc7h8wmes2bbab;pdmx-qmddshtmnmkc9hzgfhhocaoqhpnk5vgnmms2aenz1maffp;pdmx-qmqqgtxhffkxsu1sykacmgtfc4ngqip3p4kiahcskfc54v;pdmx-qmtyz9sumwlubcc8cfyfsfzgvz5dwqqhv1hnhnnotdxvmy;pdmx-qmuouiqs2jssq6pmxavebqjxyjuov6evjud4hjxezp1zv6;pdmx-qmwrdvyckk1dtnsi7blpouaoucrdtjzmgzqcrevyeqgkwj,0
5e7d15c9ac6877be624786f91a448696ce2859d175652be9091366a94a095a5c,7,pdmx-qma9tx6nztngkkjd343nvexmvmcpgdx2pvmpnd5mlmumu1;pdmx-qmd6jsgixwqcxrcjjkr7wg1spvcewgf86yv3fmnfqexr3k;pdmx-qmew6xtfqjm4hflkrujnmgqmc7x66umb3zxd7nyhv9gtf2;pdmx-qmfdhg1fsdftzucpohp73lgunzrfiw7euxywfulkgusktl;pdmx-qmqiqgzhoznhqragjrtars49yagownxwydonklmy2crfnm;pdmx-qmsrlywvhqdpeinuphctozzdteyt35ysosox2uzjvp27yu;pdmx-qmwsqeohz9x8hpuqvninrkt8a5jvax3h6p6mhgsq7httkw,0
7464bd6c8ac3aacd75692258cb1c29bce3df78209385379f344574ff82c0e310,7,pdmx-qmbnyysnm66fncx6hnmap3xrztwjswcd3ppjxcxlneexqu;pdmx-qmdk4hswk6h71eldt3di5r3h9qhcyw7w7fehksx9uxjzya;pdmx-qmppoo9fleichsizn5zct1crxd7fnhihfcubwq76z273j5;pdmx-qmpwnudhguhg7hdp7vgkpdrhapx2gmjnbj1zvufmbapqwu;pdmx-qmskhpqguch8cns4krggj7wknrwa3zrjecvocpxddad8ux;pdmx-qmzrwkuswwzkgqk3kkor1ldj7utuz7arkrsqzizdtk5kws;pdmx-qmzuhsdy43gzqkvdu612oxgqro9suf2qfjgd9x2z1yjf2l,0
f608e3bdf4ca9ee31ce40c57c28ede6d9fa3d0b3ddc24ad41396bb4fd775da30,7,pdmx-qmeudgn3jnrd81vqgz1fi8jk4toepoyqpn1p3cdt8zwhm2;pdmx-qmezdys2ruhf94vknkmyc9nynepb4eop1vpjlkshxfgucm;pdmx-qmezszyfjf9syfdtffyr4qjupyocljdkjfnlfqzdmcuhtd;pdmx-qmpdau8ywdmaovtz1w19uv76vpqwrjhvgasg5j8j6dbns4;pdmx-qmqkufpepyh8h59u3pvehgfc9y5hhazabtb7gqgfnrgf6m;pdmx-qmqq3jfetdy58ptnj7epp628ljkdrizgyfefdedwwdakfv;pdmx-qmtcj6m1hg6avamqzawb3axk1eoc3gsk4nsyxmvql6wqxn,0
213f4570ad4efec5815cb081927295d2f02c69c2a92d7109250ad382d80b9607,6,pdmx-qmcolh7cdnamc4a26ekmlztaig8zeqnyjkkvr1mtnyvqfe;pdmx-qmdyunuhf2ttdq7bj1f9bvmiiee8jtx19ed5i7dsni2dpg;pdmx-qmnha6xyzd5xut4wydrbjqaymtqfd75xr7zivcqy8kdj7k;pdmx-qmqehegu72aft2jsrb47m6jappgrqappndbjwqkjxacwrv;pdmx-qmsyrlxlfrmdfzbpsxu6tf1zffovaewyuynkdlhzgjkfsh;pdmx-qmwzxek65jrfxqcivxwwujgmlvjcyycbayj4r81gyfswgu,0
3bcc060efcf5b2ba70a2a037f30aa8e3139392ad9e76e93b5e387fd10dee3e25,6,pdmx-qmfhqtumhy3lf2b3133vjjss2xgnwub7rtnq12tpwaglbz;pdmx-qmtg3xy7n9cxdkftdcwrrdycehkctk43pp1ychkez89rug;pdmx-qmukfecdox88vf8xp5l3tmrddhz8dmnvtphwwwrd7fjwww;pdmx-qmwnhlk5sxbrn9tkd3nr5xwrga1gjj5f7qxcqjhsvfq2la;pdmx-qmxznlez9rgkywenbtnjqsg8k29vma4whdydqebmc242up;pdmx-qmz9yvxeq78khkyg1ajstaabpm7mgx8byneldbbfeqzmdw,0
57e9dece4354fa48ae11aa49e07fcd30cb09cd4f85d339ab3b85640b1b8cd870,6,pdmx-qma9yg8se1tqenykh5s2s8haziscgr3ce44uyaauyhyrsg;pdmx-qmaagrcnngk8nydvuhybqamn9bhesinknjccujenxfdqfs;pdmx-qmrc9fxi43zr8q4gexi4hmb6bf9vfn3htevjvgzijowudd;pdmx-qmwcpeg2brqkkqqmbqzjmexnvirtklggk1ebzkaxn8mvzk;pdmx-qmyba6ycguegd5mnxxzh8mzcue8qy6f3t1zwdzt6nn3j1c;pdmx-qmzev5gacpbgmrkwgrggrn51x4rbs24ki271mjpekyxlba,0
59c70d2f8b48f96c5fce05fa0a7f2add0e18fa7536eb20e38ff624b6fcf9ce0c,6,pdmx-qmawuvdqb24f6hpkefvhv2ohgcc5uqak52vt2azrpqaz1a;pdmx-qmraazaycehubxiup1ugbmedqnhnncewptqtksrvbqchnm;pdmx-qmsygm6xcjwcvovxe33xeyjnxjjfltkyvaqbuydcuehb6n;pdmx-qmtglz3qoosrmrujf7nzamfhxnx5ht899x7wyowcpnslmm;pdmx-qmtz7w7cfgjmewyqyz1snw2gp6aujmkgvnzws41mopuxx8;pdmx-qmvmh1vb9mwyrme3jqmmzbswvriwrfpj9iav4cqhddll4y,0
69a81c877cce212674c7214f7211da7f4bb4f599fa095d3982d2b46fee8f6ee6,6,pdmx-qma1kqcdsaeumxobxkp8aerlilyzqsmodmomhhjmvdnvks;pdmx-qmctgtmcwwcen4rp1yacgdvcaazjkzpeunjmhgdtuguoqh;pdmx-qmf9xwselntlr7xtwd6rbr6qlcrd2gctms8jdawj2r3xmm;pdmx-qmfapxybuhkd5ukd3ombgjjxmlejqcpdzmuxnwxdum89ku;pdmx-qmnklkml3yjpmddru4bxrwsymss4mfxa6512ztpwcjttfg;pdmx-qmqwuwuptafzi7heqngppu4hd8luwjfuz8supkv2gwdwda,0
917895c905637ec1de1006b8d38eaf667247e8b903d127fce6b4153dd3a32c1f,6,pdmx-qmd21sxec2agfhf4ne5fmv7suff9lxucnvvu5y2r26kms4;pdmx-qmdtkhgtxwuhu3pljmkdiw5v3b5bxcfuu8rc7yttenmsam;pdmx-qms25ieffeqnsuwgxkkey38krsw3xermdvs1fa9xtxrhxr;pdmx-qmsabwcvgxny6jrg7h54tfptagxavffkq4fslu9vt7rgak;pdmx-qmyfk1xpskcnqmztrmf6rv5zm3dw7bv5bwzs5cwjm79htf;pdmx-qmzlk8tqxrrue9e7sty9mcyda4nfxzva837ssm6raxiaqw,0
ac9297f4256d3905d35564580251a7e00995315bfd1291bee72ab66c1e006075,6,pdmx-qmcgys9m9vz3uxjez8grte7y4n6gyymq2xft2ec4ktix9n;pdmx-qmcuhucrw4ayzbh7nuwynzmekcmhjgdfv1wc4afaftxjwm;pdmx-qmfu89mishprp7sjdg6xf4vjyqghph7jfsgcqzglvmmajn;pdmx-qmvap7ebyvpujpp4e26szqmm5crtiewplef2ghwhtisjdc;pdmx-qmysr1ejvltfquzruykeamminn67bfuu5z2vzecdnxzyov;pdmx-qmyy6p9jcjrzt8editdcxxm7uekcrnfpqecp6jdjpwwtqp,0
c095a464c6d6e2091234a6129a80d302012a2c54a56c6f7bf7c8505bc25faf96,6,pdmx-qmnfcq8369xeks91fv7svpfn4wxmbots7onr1fgydic7sn;pdmx-qmpwoqjd3upsdfesvolhqzvbwpdnaqaia52whpvpjgisvk;pdmx-qmtf7bqktuumm9s42llxdjfc3knnurbkvplqvquzhzhpr3;pdmx-qmtqmj7ovtbfi8ycw3whu4fh9m7kicpwx37ptdp7ejrrm3;pdmx-qmwhblnl1wtv9jpq87j7tzujcgv4pwixusstrkbdc4fumd;pdmx-qmx6udvxueyh9juiqwbztpyyoyebpfcb5tpnkcfiv79myf,0
c3bdfc147741f5b956b8c7ed54b446c42df5ce3125f19e426ab1c18a24419417,6,pdmx-qmqcmcheqghdqmt6oqqekjis6jurusxsj77c9fumaxb3sv;pdmx-qmrtkgysfxsbntgonkpfrkptf4p1lfivdd3hlrribndfvw;pdmx-qmsqbctggzlruzfyx31mwpncjmjt9ewbxvmpwtkkftndkz;pdmx-qmusiqugwxtj9fyzs5nfmaftwwsff8kmd8ambpsnsr45gc;pdmx-qmvtktmr7kfntxax5vfcdw2xjuqb95w6hv5kj8hlsxjeci;pdmx-qmy9qlgnt2sgz8xcdbyymhsiicggutqaxxlkynvao4clfn,0
c6284b33a5a6f777bc82130dde348e57eb3272d122f540406bacd550af35971e,6,pdmx-qmbsqsbp5t2orgydddnuh5ovvgkh5qrfygkmdv5egf8snv;pdmx-qmqegwfuhisus2q8mcb63xycnygrq5zzh2q6ei17wwgknh;pdmx-qmv8j93fkmxxz3xab3ubgx2f8qn72ec7igyuejrdsm6xfc;pdmx-qmx86mmlwrlkce6erymdyp1cxprz6sl9havcjpbyqeees4;pdmx-qmygi6zqyxpuewyg3kpozar78cavngkaurdk3tnm2kvdgm;pdmx-qmzzh9vuucj6tvjn7qfatywv38vrajnv7kzhii4msqyvud,0
00a8798e2d4e6eec7259e5f5293cfae5491e9698c88664f4ed1acafb7ec89576,5,pdmx-qmbv2tfddjtdsmup9tdc4k3ldk2k5cxpagszngusmcjaz6;pdmx-qmxfds5adkbtlbaqga1m8jh6g5hm2djlujhotcmcbhy5kv;pdmx-qmxyqatyrmevzfall45at3vxdyzr1vukwtzfzh79cptfpg;pdmx-qmyvebj5b3v7nwwtlxpveakdz8uhscjcghsvjjyjbjdf4p;pdmx-qmztrudrqcjetzrpxfq8ipwhskuzbtr4rxxxx5a97wr76j,0
27a591309211e52e023fabcac4580165df9a7ca8c6ab25a2ccb3ba8eef429717,5,pdmx-qmbp1wwydym3wbqnpp89zgzwhxp9kd2qmnwghrdkw1egus;pdmx-qmf4yuxuebkeroqs68ocxd8y6vyo47fvsrjjlg8wthebgq;pdmx-qmwsxyqyiuzuydbjmcwgvn9lwmktjfdvduhdaxjbbb3mzp;pdmx-qmxasvg1wvvewouwmv5h2nw9dpmtcpjbjdwqe2lyrzymne;pdmx-qmxp2bbbwqccuvewya56mnaerkx4u2rodaqebvyztxjvuk,0
4c93af757d43b54f65363588bbed1eeae1d22c10301915d5f432a4e88b5c221c,5,pdmx-qmantphn3ikpxdj59xh4u8hr2iqkwczqi3ugm6k4n9liqr;pdmx-qmezumc4zxxr5f79mfmdxeupssphyqarvjix8tceyepqfo;pdmx-qmfrs922wzmj99ye6bbrnqtgsszlzzua3nywmkfelkifbn;pdmx-qmprkcddjtfvbp8xjupbjk9ceduqb4jyj8sfwttfvd4txs;pdmx-qmrnar2dzpmeamnqcpk8dz3ruqbftbl5mecafaar6edztw,0
5b00e138dea26bc287b124905a87843270f095d314653d92ed6f2ffa2e2d40d4,5,pdmx-qmddlqzpscbfzdpvgwmsnqa2wjdnws6pw6l3unkgnjajtx;pdmx-qmeo7z8ctlufo5n3rjtegul1ftbjnvrntbarje1sxmmfa4;pdmx-qmsqolkrfmnqxxgjtsxzkq1hwdlnndl4anh79iynq9zbzu;pdmx-qmxpodznfhy4n6t46sisdyzjzkoao5qfvdhxcgutcn57cu;pdmx-qmygtrhf8qhmjyz5a68fvtqabmi2915mvkgvmmclanyxe5,0
683f027099f3f0661f3b765c18623437a575d087a91e70b68a6117446b796429,5,pdmx-qmb2dutypjvhw1ranjw3vavuqce9xgb1dfhukx78nadwu5;pdmx-qmq8lgl5dpp2bihfx3xs2vchxuysqsw4yhrz8wfr1conj7;pdmx-qmvyxleu2cmxr11clpm3hkxfwvg6eamrzz83wbcfuj3lwb;pdmx-qmxup8i1yy5xxzwhltkzku7sqfn9vvddcozpcexyrvd64f;pdmx-qmzpcryh7wzgdfhx4aky8g7sx8sjwvfkb9avjsssstf7jk,0
7c203124493d51f205a6b97240be98b8bc2e10b42ef0e1aed72816366df2c3e5,5,pdmx-qmbnm1hovkgjxiiek1ndwr1mwczpgiqi3wq9usyeo2weis;pdmx-qmraq5jlwy27rkvrda3snw4leruz1qtksq3xcautazczkh;pdmx-qmsx8ouhhghqbs4htkdpkytdcoqekxuqg93kfnacvykdyt;pdmx-qmu3gssea7q1y9nwv3szdsylnz2va1zicuidcekwft17mr;pdmx-qmxnn9xe3fcdfd4k3yccyaifder5wtbxf6t31yfyarkkk2,0
7f52bf55a278cfc9a48840381508e66affb99736b0aca34e8a3083151f3da28a,5,pdmx-qmca3xnldkmltzjlxh3nt3jiun4qjnhnzxbhgpm7vascup;pdmx-qmekta5lnawg7468xrssxiz2ymbjsr65ky6xykjnkdhgps;pdmx-qmrjmqbjcuqvkpggdpshv3orfsu84mvcez3itqdm19m6yt;pdmx-qmxauzu2p6lhladdkcgvuafqzxdfhybujyj4kw9knkmksw;pdmx-qmzhjgq6h2qqxcwehcmdn44gjvvlgcreakvkcndspib5g6,0
8bc6164a4bf294c71c349c8ed6d84272516d45f1987e96351a046bbd14473269,5,pdmx-qmahz8frkukvucaq761q2qyjd2apwbkwucpqqjuhysp6jl;pdmx-qmbanmeqv5ygadje7cdkzyexxuhpkga1bpex3jwibbdlqp;pdmx-qmfefb69dk5ti9nabksaunvrwcumqfxc6r815jljok7zc4;pdmx-qmtuhfkgtpg5rxhu6pprsk6oxf9n78rd7wngewibm3r5ev;pdmx-qmuolcmy3aijvafk6uuo1521jctdmintnpslfzcbguayhg,0
9204b84e253c0d2f55bcb0a45c609dbb1b95c0bb795f6ab9e457201b177ab40a,5,pdmx-qmb4ry7xsq25knuafbdydzmewglzhztxkg5p5fiecpk6s1;pdmx-qmbmjzywitxhqbif4keiwfr86paswd9rag4gptkx7ovdyd;pdmx-qmevakkgyarxba2wxzrujdkpfzkhkc4wbbknka4teiwcz3;pdmx-qmeywtdsuedswbwsgbqpp1mchjklkdvatinpojhehjttyn;pdmx-qmtkkza8vryyd1mkmuxey44d5trcqo5wtf9xhg2xzsmvqe,0
955392ebb9156a45a80955caa5c6deaf21d2c16492172e09c8ca3cd6830c3a89,5,pdmx-qmduzqdftuy7demwyx7uuwa9zwdfngyjdkfvukg92zi1oq;pdmx-qmpg3wtavgnl83qlmgbdysfw7g52d2kft3rmhqycpxqwiv;pdmx-qmqx3ezhair6oz8aqmsxup67ufkh9cthjhvpsfh3ddnvih;pdmx-qmrcrz5d5glea7tcegiymu4vjd1zyvikvqhj4anyfff8m8;pdmx-qmvee1adqurqejs65eswo3mkcktlrsgwtua47tc5ssofke,0
b14ed560f6eec0293b705a7dc6f0d31d3c70906008a94dcb1b8129cfe2925847,5,pdmx-qmbv7yu5ev2y6g56hidylg74y46veesun3wcwetgcrrzys;pdmx-qmq7kjeqxm2hz8kz43kgxpgvbjy34bcqvcfjzwvp8te1ag;pdmx-qmqexubn7axbvvyy9xbuw7taddchw47bu1flq4qvf5jrc8;pdmx-qmrcc5mcqm1trqwsdfhfgxnuahvbf2vmddkz26rxk7ad3d;pdmx-qmzlr5te8emmhxgwrzwgzo4uriecgjtalvzckcdcpjtzvb,0
c64a95a0b595715b0868557851dc9b34a9b596d132fab85aa285d6421a5e377e,5,pdmx-qmc6xl58gcv9cf4tx2dxsink5h7udle1fh5u3ykkhw2dxg;pdmx-qmq9yjwuydc2yqqhz8mdvweak48btrf4kxpf2facoleg8z;pdmx-qmtcv2nyust9lp5pafhdjydczh67t29pjqcmhfd4kxktgk;pdmx-qmvchtfdkpn4de7nd7swgsk3pnyjc8yverdofsvqvvvqgs;pdmx-qmxcsdfyncgh8upqwhhfqf9guadxxhisoknanyv85ovxxq,0
cd10c4d24442625890c26f424e8bc81484865f1af73627553c313d89419e9806,5,pdmx-qmat8uh4bqmdrxtrv1wyq3x5wqrmatbgcw6jquufaqr92f;pdmx-qmbg12ocnwwxatb7zafukmmx1lqyqvyf6wqndyccqmmua4;pdmx-qmdxbctjkuxxufw2qz5onqlhpmstyvq6raaenmvetcpnwd;pdmx-qmuzcksd1cxve8fgeapsyht4hdmss6bebdwkoev4ntpbqk;pdmx-qmvgt7j7nnr3qh5tjygcu6xytbvmx3kucoolnqugwwby2s,0
d31857246a0a3ab51efda661ab8e3141aca7468849c6b9db3a641e6b4b455fe7,5,pdmx-qmrb27sqm5kwz5tdinnj44upwxzbimsgj9dxhvqdgueopb;pdmx-qmrcc9d286fn7nwrokdt8espynnr6wpxn8akwxjgztykqi;pdmx-qmvfyayzvkt1fim8kv7xno1e6e5kaf98fdtqnqmtegaqfi;pdmx-qmyhyppauagtq63ygdktmsiz1zc13djrsmhgdnngi4g1sq;pdmx-qmykcbmsybqjqeeygfhy2cqx3wnd98nxdzpovumysbu6c9,0
d3367b2459127f7470f20f297761305cfa575763ce79748660dfe597c1ff60ad,5,pdmx-qmpfvznsxbyg8taiqyxwhcmfdktftvglhacjhxb5ar3cmh;pdmx-qmqz9wds2119gt87yrjpkh4ebrcrpmamtqx3kpvdnr39oc;pdmx-qmr3c4snnkjnpn3hefzrefzqq5xemq8vow4sgmvvu9xnne;pdmx-qmrsfkyc6p8mub914ntn4by4mmroz8wxxynaejzqnukcys;pdmx-qmw7y13ptnfdutcbfdshxgfrw957dankickfw6wh8knr4m,0
d5f0450d7280c186929faf581f073b8d6a07a93eafe51f6ce041d77a46928beb,5,pdmx-qmbxmwztaantj7qt7mbhcdct4ykgb7bhzftuz98xwqujja;pdmx-qmpn1bzahvcs5ki3rhdbzowfirfnra9ve7snfzf6xaaoq5;pdmx-qmqviqtrz6adpvhq1xfjrkdtdtzjk2psvzkwrknyoy6nhu;pdmx-qmw2rcjpagkn8i2advuznaggmuxywwmthawkhe3fjmrfrs;pdmx-qmxph2pqyqpmm5afjpzbnsanaer9evxta5njsz7dwitk1a,0
d89083af4c9c28d260492b1defbc8a4feee96e6573ceda88dc6db0d6b3120ab1,5,pdmx-qmackhblzpjg37v9ghkjgbfckyjnv8rl31l28rcjnw4jcy;pdmx-qmavzqnwyfngnrhhmwmzjzdiweblyto9equryrwnvz2tvu;pdmx-qmcc36xufxecq9dqwzgeotiwkvvzxji7ysf3mukhax55b1;pdmx-qmeulq8gcezoqxszmnegstvw7ec3oblujgyhfph2pinj2p;pdmx-qmeycczhzfgfceykhcchakhfc8kxktgghuqthxqk6luqqd,0
daae2e87be5dda77243c8e0d9f04a075c529e8d56417efd4b7335b484c65445a,5,pdmx-qmb2rtbypqv9qmi82d16uaaf1rr5zufkxpu7969pccmvmv;pdmx-qmb7vmarpzaghorxq8n6lqmneejmqgdbqnssfuthjmkemi;pdmx-qmerux8aiddc6nk7d57hqddmei7m2sz7f5awir1nhqujmd;pdmx-qmq48p32rbxa4mtf3gpuiqjeyl5be83m7zxzllf3pfartm;pdmx-qmytgnwttrqjocdryz21rmwc2cpniecpeq3thfv9yzxdjk,0
e0ee59ee8bd4fb0a20ff9a211663dec8be9cb84a343e35ce9b0e97f0f84978af,5,pdmx-qmaaoagptpxas4k4jpytadrt4f3ffuribmjpponkcyxkmi;pdmx-qmaxev9qfyd695uetxcmsx2vghbai9vjjptpwsiyuxgobt;pdmx-qmpejvhgqa4u2vsymwkg8bqw97ilnzuppdjrc4lkhi4vnt;pdmx-qmpzcnkjsz8ehxaqct34xs9lx5ygfrbgl3eyhaclfxr2jk;pdmx-qmwouqbperhra6sohhdr4ebrznjqjfblfdyfvbnjydhyc4,0
e16a5012b3783d8bb6f5ab5bd2b99f74315105dd8e060e7507399e05ee68b5b9,5,pdmx-qmbcbymuudvyeja8fwijqgsu7tmzn3qs8q6uxx8ukx4znv;pdmx-qmqdq2avdad5rt2n4cgv9w3vdjdc9fks3hym2oxtyhkxsy;pdmx-qmtw7pwluygcjgjawanojhjjtn8djv13fjs1svbxcz2v7d;pdmx-qmuzwfea8iufwlrsbrqsaxz4kcrxmnmpxcqbv9dqvkn3tn;pdmx-qmzpcrpgtugaklewwbuqsqm5t2e2pmhg8ruddwfzzyhyf4,0
01c88d6d11225a8d94e4ce006e028aad898233bcd9faff7458713d605a5cbea7,4,pdmx-qmduzzwn5ceomcbhjugwpoqvjsa53xpbki7pges9ualycn;pdmx-qmtwgqqpyjtjvhbadrbyzdk4r1mjcwcvzrtgnis95nvwkr;pdmx-qmuwrb3kilmyinlrpzfuextwpqrc7fgubpm3iyre2t9cw9;pdmx-qmwgsyp3hhv3cy2bqsugqze2i6ejk78bfypkmci1xu7qdg,0
0335455f6ef4e2e92fee49664ec8a75847b6b62a8d3d780cb555480d70de99b0,4,pdmx-qmrrid8ku4z8ibbmjbcvyh38gequdlunszyrdnickr8xvm;pdmx-qmtbzihhqajt4krm4c1gbjsp4puj5s4zp5yc5dyscuszen;pdmx-qmxeroxcpx9r4guuzb45yxmasmvzv9n8t8cr44zuzxu3ze;pdmx-qmzbecaw6zdj6vwa7ldwq1bxbbyef5sgahjuaf3ke5gtgq,0
05f8c782f87d76288771c00ee4dc35098764049bc0d566af9686b3ee2e957ded,4,pdmx-qmd8gd46exi6hhz98ahwunx91a3nm2dp6bx2egyeq7cctk;pdmx-qmdtbytuzhug9phypqfdnry3yktpiywaepd4jh8nupisj8;pdmx-qmwkgpednpeg5rsbuaeste9o8rvnxrbjrhjbo1rmczbhh8;pdmx-qmyjdff5rybmahm9syubkf8pp1gduitbzalvtb5kzxrpo1,0
0b5264d01c77347c629aefa0b194688b65d96184e7000e5942f73580f7395717,4,pdmx-qmaheqekj7phzov3kmqignytrp4otvc6gah3cyccoztztt;pdmx-qmdvl1mn8ouchs73fwxjqostxcwuqhvxayjnaw1oascbfw;pdmx-qmuzylzb9ef9hnq4fwbkr4nbwsj94ahsc94hf7vjn1787f;pdmx-qmv61bwtl1zddsghrqzv8oaknbhuxhutc3xw5vod93hg4f,0
19efb267daa2585574c937c41488c40388e65df5cda4fdbf43cea4af6948a7c6,4,pdmx-qmqghsmkndgk3zjsmnzcnhocdqkajobno2h22f4cyaakhw;pdmx-qmrmofgeaukqggqjwyvbwincbufdqc7gv6hyq7tgph9ywx;pdmx-qmw5ivwnk6jui1v3exw9lsszsdjzkk3eajvharutkfpxns;pdmx-qmycrr6typa7otcwkhgkxgshvif2wa1xgcwyzjpprtnvlk,0
1c923fa7d71301c9b6693ea0e81412bc38ef2fe6ca1aa8b3a0499980b55370cb,4,pdmx-qmc9qmmrrm2tuyfwbhypnnvbbgzbn8kpe9kv8wmxbkc1za;pdmx-qmvlvvj31d7ebm3oisyresqhnykjj5gvjyrcndjxx51goj;pdmx-qmx5hl7beyvfcyterzoqmhywdupswjkrykckumdcmqsyuc;pdmx-qmysyyy9hjhps3eyrewec5do6lkvfvxx6szzgk8apnvnhz,0
22aa04a2f119c13eb0ac63a781fec680b7ee7a9a143a77523dd2ad555ad74ee2,4,pdmx-qmaagxrscgvt1dfpjjjhqfzhfsamtwdmndhoxh2q4wrqgk;pdmx-qmay74mpaid19avfl16pgmi4rnugyf9hqt9y8uxjnbswyu;pdmx-qmcppbx2lc2fsvfhznktyeeqaf5ekybfq2dc8nicgu5zse;pdmx-qmcw7dnb2utbwktkqc9kykbyndkaw1pmswn8vtr5xsdvs3,0
42a95bac18425051be45163f014462c5f01783ad2a6232b6521e6a1a25bc925e,4,pdmx-qma9ybdr2m5mptttoheimft4avwfauugedrlreuystw6lg;pdmx-qmbghe9mwrw5ww7txhp1rxbu6sli28opj5rsm47cdo5khx;pdmx-qmbx5jhjwzqjkuu6abss6nm4ugxpkhf5qzw4j44nscfpqq;pdmx-qmcoeu3pmqsnhhr2ua341ejlgeouvgntmrka8qtvr7nk5t,0
5035708f9eb89b3344deca0c17a1b2f632eccab86b4dec671bdb195bb97a9112,4,pdmx-qmrskhfgjwvhwgxrazs3que6x92sjxvdkvxii3asznhju6;pdmx-qmtjzje67rai7a9fcjtxqs9dywvuvmntyiqt4ahbmqd3qm;pdmx-qmwb282uohefguwy89qd9albzncxkgs7lstqb1dqvhxp5r;pdmx-qmwhdrt2gkpqkcwdbywfmuvzphqknmsro4uhzuauzohsnh,0
52ca34dcb12c9adfde1626c7f3d382064d8ca63b7e759c1231714cc09f33ebf5,4,pdmx-qmbos3nkvg4ijps9nv1qmxkjiwyfqkpf8ce1jp9mxthwqc;pdmx-qme468pcepk2bd3v1kv2hncdxkequcyzsax5nuioon6ati;pdmx-qme5zvd2g5f8mdvjijpaxczzfvjfgu6bkdabtz6gjazlbw;pdmx-qmtqfpwpychnnwfa9syinnbqtkj3hgpedgnyvhkuagvqx7,0
5567ad6f696d20201901113c8946988d6bbff6dc302a19c51687f60d2885a6df,4,pdmx-qmb75bppyhmaahzkbg3l4stwsr55ksxm9wr6ecwk4szgj7;pdmx-qmexlhhptwypztjytdt3epopneepgjuhpxs6mlw8owfnkt;pdmx-qmswoayfm2jd38s8zjbnecqwi73hwhptgazjvm5q3atv4r;pdmx-qmtyjxgoy6rmqrxqg7nwjhfv9jy1qaptce8amnyug7rqa5,0
588532fe95dacdbe31ac1ac409b64d90a7af10cb2337ac0978b48dd0526a190b,4,pdmx-qma4bcow68mmruhpj422qeynvfxbymz4uyonpu6bc7biau;pdmx-qmadpczlw5gl1lz12k5fmm8qf9aektjzcmwtha5wqdpywy;pdmx-qmecwmng83w7xy5qpykbttqbgo4wj9cp8ewkwyr6hdad5y;pdmx-qmnvr5ud7wqpyarppeqetafekw3rufetv7jps3ykokhstt,0
5a29856eb5bf26b5a4beddf12eb6b09594b1ecc536464fb8b12aa568b93231b9,4,pdmx-qmdu6otmukrh5li193whzuiksuvwqtvi5dvzzxpdbxrtf9;pdmx-qmesvljdnd5vvjdaj6vxsex4vxevpld3zhbvp9uy2aqctd;pdmx-qmnovjexanwyujdvyftewdrjtfjejmsbq6nqkwvddn53xh;pdmx-qmuufuf4fleembbvkj2mepw9w9sfygm29uwqcn9rmjwgrx,0
603b23ca77bc412f91affaa48875720e3b4427da019e09370705484c3c744d32,4,pdmx-qmfh1bbqaewzkgdng5mtbxbs8dojeu8pyqajschtbbrccv;pdmx-qmx1fxeacndvfzr6fzymqptahjap3kyhv41djxzzfcnomi;pdmx-qmy8p4ucwg8q3tjshgxg7rggcusfrgwdcs99dvtrcwyck8;pdmx-qmyuum4rdqaws1st4ecmzbcwxhcmecmt8dnm8zua5uzgeu,0
651caabfaabbe60b5100fa9e03738c2efe6ce7ceec4551ec6952b929d8bdbca4,4,pdmx-qmayxqbgqtd1aibnxyejjvxy2s3j8ybkazkxda8zvkcye9;pdmx-qmpqjq2uniaxrddryfqwzgywcwsuy3wdo8lqtnxa5c5ot5;pdmx-qmxmlueeaes2bxe5mnvkgxaghbdbmudxojt33n6py79qwr;pdmx-qmxnzdeoc51rbpm6ngay7hggqp2myrb4859w8r7uvnh6fx,0
73d8c5eaa2ffd8176361234e24b8292a61d5deb0bdb2ccce4846e703606f1b30,4,pdmx-qmarfdpnyqshfpbuta3fgdurn9mvkqx4bzbtrrkhf2pj4q;pdmx-qmrcp79cmkwmgjjfhzruhqwhztvuslanzmqewpemchhrqq;pdmx-qmyrvc3mheytmvav7pspuvbgmwwrfejhtmcnpcvrzvkebm;pdmx-qmyxjyugnzgkju5jubgqdwu5qzwcmdgu9gmjwdjjcpg9tz,0
740a42e69e54f35e6443b3d208fc54940c47c97ab981777e56208c12a8caf68d,4,pdmx-qmdj1gycaglwzpmwhrfjyrrhnsqarva9veyfs7dk9qz6jk;pdmx-qmq7vpqsz9csctf3ufjm12bnjiunygezzxkmx7trdj8ks2;pdmx-qmqb2cmvqhguu6ruwtf468zakq8b1jqctpk12s7jcryssq;pdmx-qmxboaddgkscl58ucf8hyigeneuoubxn2spekxjitbn68x,0
77218422135d18e323958dc5df420d1ea978b129e3d99a0f33d3a471d39f66f7,4,pdmx-qmf1dwbe1k2tv7qef49l4fbvxt4hzrksnz4pydwzhrpufy;pdmx-qmqjbopkzazz9weuygtgv3repggjlckap52jbwgb3hatd3;pdmx-qmree398b4ietyrznnnrzngduq4gsztmqbqcuirtehhurt;pdmx-qmvd8fzpftsmveaf1keebfa13gcbnz4wp2ay29lms5wpeb,0
7be1531a62458e97bb94b54504c1abaff1691666443c6d28f885c89940e3256c,4,pdmx-qmesrxhkchlrkb3twenqia7t1qmmmbia9wsydtuscpsser;pdmx-qmqk1x32cuceach4qbi8ssdpgahrkst4mq2u8tde3hwart;pdmx-qmrbm12qincm42udesfz734jd7jfl6bd8aupmnfwaw319w;pdmx-qmwdbtbleqbskchklhcnkkccxkgkxt6zex2fq8p9bs9ipq,0
8bbbfea2dc221829398c7b4266fbdb2bdf365f18d7d8d595d1c44a623d880f25,4,pdmx-qmau79xyhcrkra6ttgt9jwx36vaqfdam2g3fqfb9qum44c;pdmx-qmbhyljtsqsbupjeuvezpo6cpnby5iyiwlcypbt1swbaj8;pdmx-qmdmc9d9zmdepeqh7qvwbjlrialdhk5jbqaju4hxoflmso;pdmx-qmvyqjdts5xvrsbclsdyur6hyp5anydqye6mcpskjt7eab,0
8bf05f94528c91ad137789cc714541296147e1d2f7ed090bc703cce0bbef232b,4,pdmx-qmnoudlevo2q7aggyjszjmzwghsuwgnyr4upzuystef2vu;pdmx-qmqcdrf2aps8b9rrij3adnk9muh9kdqdyvqtpcqgyo8jij;pdmx-qmya3s2zjz3wsv1udarcy1kcaomvwxgx32tuasp6gukrsl;pdmx-qmz2vkadzjwfxorkvlyirrqxatgomvefvtw5x1laqz3fid,0
8c0e9f8a6cdd18e1b799a2b63ace9de049d4c34966e0f07d66232d24e42fbe9e,4,pdmx-qmp5ma6xpafh4nzmkdxih7u9st8trercz5kallbwwrkztk;pdmx-qmrmjekedzp4yh9prixzyyjbps58meenw322hbydyrrmhe;pdmx-qmuepbsbb8shxjooj64shbq6nbkfrmneewc1gbcznag1ta;pdmx-qmxj3e7xv4bwwumfepyg6wfqanaxsmskgknzmyragfrvbn,0
924f3fb0b327a0c7e33bab725550e071119af9029c8e8a5ec16028a26ccf9f1e,4,pdmx-qmc9usumevcbzyzk971bdrr27ba5yam89ek1sclyekeyej;pdmx-qmrnfv7senimcwnygtg4vnjuuvfytqaewib2cjxenwxiw6;pdmx-qmrw9betwt2nnabwjnszkmj7kpgjyymnivwdqj2pcfjkk9;pdmx-qmvtewvkaxskx3oksjmbj9joq75erwgqkotrroc7uowzjt,0
9a69dfc3f96919f64a59d462df6eefdc8329b8e48b27069a0009b37aa32d2bd8,4,pdmx-qmt65wtygfjhinxgebsqjcebwtpudc2gvx8yaqteok7ma1;pdmx-qmuzeaqzfjo8wnj7136yn1tlim7jun7askq5rteh6xurex;pdmx-qmvhmn7xukp5qgyli7etutzvzpnal8xghkemwz6mgijvk9;pdmx-qmyocbtlxzahkeozjadwaml6ezqnelf6mflzkdmkepaadm,0
ace864c70f9f727f3e31ed0274a352ead3b52b0614f38da4c686ed375018bab3,4,pdmx-qmbyjhykztj9c9ec8xktgiwnnuxbvtbicqdp8nijwrjoeg;pdmx-qmnsqvnvknearvrv9tef5eoztuu9w4yf2gkxnwgrb77wmv;pdmx-qmugckeb6vep9tqrzwwwg14r3la3qynyyyeb8azzpzsptd;pdmx-qmxe6ihudhjkm6tdc7yppjpdnd9sizfiygnamc9e3wsmas,0
bc1f405f87718342030a53efcf14bc4d3a70f23905df468c9644fb7fc64d893f,4,pdmx-qmdmakf88gvu8yxw97tp4p4eo4agkk2sumrwhtpkqemyvp;pdmx-qmtzrqtzfq5fp8xg9qdz9ytbg1zxgxboycqec5pw41dkbo;pdmx-qmughdtfyfthhznsm9cdznprteegjkbe2fs2nbqgvvrxoa;pdmx-qmwfessn8q8bpznd7ut2zrlymfwjnqszhggbjc4kwszvgu,0
c08c2e35a10a57db29635e86542817eb4bdc1e383ae1f09a0015efd2fe7ea0fc,4,pdmx-qmejzlblcu2wpyl8sztapzcpaqng9rumv5l7wjvaslzqbe;pdmx-qmptuuq4yb6jxn54zhwpjncm4yorgrozvmy5v6cujcsjnb;pdmx-qmrrmy1bbsrbjqabqxwnpx1d94ncuwtvunyvi75ahse8ph;pdmx-qmv7rd8ycbmkscahxpoedv9feroeehxojh5lgf6aqmgc6f,0
c2744c55d92ff89ea7f2a8c6e3bebe4dc4ce289391168ad09d60dc232ca05da6,4,pdmx-qmadr5cwl7za2sl2qlptunbh23x1eyehn7nvpuhfpndvv7;pdmx-qmamshvruwpigvff68yv856ji7kbtht4s1v9am9bcftyad;pdmx-qmufbopbpcnsmera7gavnhw6npcjajxksrgur9a5oqogvd;pdmx-qmwjfb7nzpj1ntexzm7qggcqkfjwf5anxwgzsxkxafhawu,0
cf202d904bef96b7ece1f72c0ef0364f3a1504816c0a9d5feca5395a19651a10,4,pdmx-qmcbfba1aqvyzbdzgn6ivoxrvjqhgyv9aynnvi53stsvir;pdmx-qmepnhlsirkemnaga4s5vmjgjjz1ztb5wqeryzq7zk5edv;pdmx-qmpcjtmq6petaw7kiabvcy2ees6bzbmfp3zue1bdjz7g9s;pdmx-qmuanirlqf9tavck8qzaej6x3w3ccak3kn4e6dayamqna9,0
d02d37f1914dd1855c0f326dc1599663cf5017c04ce58f2d64ca1883e2a24e70,4,pdmx-qmaesmczfyihpg8ym7wb38qqdfoafgw6bqspghwzrufaua;pdmx-qmnrarrb6sutt1xm48zwht3hmb7zhvn1ldhmwo9dhqrbpn;pdmx-qmryvudoypqt3fub2vcefunmafuhc1wygyogsa1swpv5eh;pdmx-qmxokeku53adqxd1jmsyvyspqizwymzmj6u63v4h6vdirb,0
d77e68d77d923911169273cee8f9dbde1bd00300ee787ad27b0892d471f04822,4,pdmx-qmcavc9ayxqffeqyfww2xcdvdfeydpdlyqjt6ju7beynpx;pdmx-qmnirbzweyn46s351sj4tapsjnslj65b1edxgmx9ymnu1b;pdmx-qmsjyhmcatljbzfwcoctfyqwx45aszpzvhhsywzvkevie5;pdmx-qmxvjzvhnlq3bo6zlmz6t9bvbqhaatr2ivr4xv9q63lnef,0
dac56e9a58011ce732f3bd021384e7425002f078754d094dfd4ebb60f3f4cd95,4,pdmx-qmpc4e6acf64nesufyq4v2qovyqdvnjbzghxmvtgenwsyz;pdmx-qmr7dd2hovbtkf3zadhc2z8vevhkxi4wvmhxunzenrpwzb;pdmx-qmrmxmwfwwhds2gc2gfqqxtchxephdyvtryi8yzjcb41pw;pdmx-qmswcj5wv88tgpgbpzy6ixumwmwhpauzecrn9scgbnu78q,0
db137612f1550e679cb33450965763e73c8905bb83c0f31e7346c603b6751798,4,pdmx-qmevfizaycscy9s9y56a52fkosxgb1qojo5zhj1rffhypt;pdmx-qmswb6gpofbe2kal6anbzebyzp4de8xsm2fpumstjm3qab;pdmx-qmwvaargnj8dbylc5hqa5ixwpunybcm3ysgpcsqxmkpz1n;pdmx-qmxytqrmvq8tqhmkxqbfwwvzfbmpky56fku4r21hovyc4y,0
e6d4a2796ebaee91a5244d72ee20e7ea3fe647ea695d7a92e60c17e1c5964e4c,4,pdmx-qmndsodfuuffryym9stfvsvhkpckxbvywgb2k7vfcea4cq;pdmx-qmrk3ruudb65vk3dbuz5wusxzyrwqca1wujabvztgfoe8a;pdmx-qmv7xxsbyrbn9p4ekhc46dnib6fpqewivfqtnbjhktect7;pdmx-qmwur3hujaz4zioqkko5vjyzavswh3sczdtauagbtftfxj,0
e77a25a24733c995812bbf9304f01205dc0187261e602dc78f4314497fd0eba3,4,pdmx-qmbmrutgnw2vtnkwntxgn78nsxyd34fiupkr7y7ebtroam;pdmx-qmsk43gfhlz3datevdvpc8xof2qchpbxrb325ae7j1jj6q;pdmx-qmtgw3ptjqbbs8tr31qdzdfxxgwfsrk39qtrjcxhbc175q;pdmx-qmtp9fnmu226dmhprjkyhvgfhzrxyzcsl4urh35dt6fxro,0
edd5f1e312e5157c96e6c5435abe2fbf322ccd3f10d9cab8ad4c2b79d2a54849,4,pdmx-qmaazykgykq9kdcejzel1xp5ekrnfgj54y7qgi1oyrgsjk;pdmx-qmegxgh9nnfkzmqjmtt8bhjvjgh7e7dyh6j2y9qkoqksvu;pdmx-qmpemfwmpoq643zwakj79wsrqcc4obzgvwkfjdbfvwo7yg;pdmx-qmytdj4z4gwhv5lokajjuvh5yprseekaxepwn4bvnhw18r,0
eed9df2b66a225d08e6a26a10abc7398db4757bb3a8dec87c1c7c77f587ed8be,4,pdmx-qmbfnwgrtx4yrk7wzptbtlqjxmanv4rhwe3us5f7gxcngv;pdmx-qmtmug7z1mmetfgajjzj9m52btzp364oz8yv9u8j4n1ekk;pdmx-qmxe3s5nnufxnqc2vdbnfchjfsrvbxvinesscshzxccarr;pdmx-qmzahzv5xaygudvvvt94wksnlenm6vn1dnrb5oncfjbfjp,0
ef99b7b8c1bfb403f3b159443b67045d89f3414c581205433e409d28c202d02a,4,pdmx-qmay7zppmhmfnbwfbjgran5bya2yl8kqqxwqg66lwqgqtd;pdmx-qme751rgjrhu7iwekjyrdax8hnj3zk4rdupuen8u5l8fvt;pdmx-qmfhghphskdwke8jdaaub5vp9gyw6x3bjt9pkojmjrd2ri;pdmx-qmq2iqtvuen9myvwrjnpucwdzcb2btb5qd4ayf1hif6hzj,0
f8a68ff416065a5b26b0efa7df59b38b1bc6e7ef2baf2843865c1c7def4aa071,4,pdmx-qmddvkzkabtbmh1tv37hth34kndnuwkuhhymhzaz62e7kt;pdmx-qmeb5vgstqtet22dqongtjxr6yrsr1q6pyszi85vqtbweq;pdmx-qmvrphsixmbqq1xgunrwcffferqakjkh7lfnwlu7mrcva2;pdmx-qmwuuqwzdmyimmbafgmevkuxefbrowvtbjk9kebvz6fu1b,0
0f22195bc741acb170c00c681c401dcd231b886bcad09df7082f576f8abf2b18,3,pdmx-qmapgxzfl47n2tskxninwjkzzmwzdgqyqbgbyjkkwrkjec;pdmx-qmtybsjotepnqwptnwmhmhgcb33zsyb4n6nk4ziq9kmyxg;pdmx-qmyedzqfm66rrmqzelnbmsjfevzgtjjf4cjeazz8f3dcbm,0
15183a52702c740c901269a642854298621cdfb605eb1db1658319e54cd0457b,3,pdmx-qmun7ctdyfnqmdpojtnxguzcnu7w8zhbf71dl6beepv2pz;pdmx-qmw5q5vwvoguezrtgh1hton1s18amqegypgqbcgpgthnmg;pdmx-qmy4tr4rwvrnrt43ckxkh6cvbwoc8xjujsb3zdtnnhquty,0
18077213ac9405c455d7b80d29f4b870083ab4297ff77d5c063c03c959f7459f,3,pdmx-qmdtakcdtq2xmncbg2c9exv1ypko9r2inwnh7whbrj9zm4;pdmx-qmewm1zsaanalyiknd1xjfx3k3wdtaqf4r3xsus9sfpupc;pdmx-qmvpcsvd33vlvbc9dmytc3tetx4ym4zkmzqwwv5s31iza2,0
18d7cd7673bc4a89557ea9114fa2465d83b74c3b46cf37fe15f3e1a39cc38c7f,3,pdmx-qmamu2fhpteri1twnd6eko5kihqoxku2djeybforbtyt9h;pdmx-qmcynshcj3eaerc1shn2jzf4aduvvrjadk2tv5kxzkvuk7;pdmx-qmfs1sbitmbr2howy3d348xtrgick55zrvzuzubvdr2lox,0
1c14fac103045c39d5a5ac03623642394d087f57ab1bfde5d09081cd3f4baa18,3,pdmx-qme4zmjhaxkqra4yicaf3eu7mvkn4cmgzwfqcwip71nagt;pdmx-qmqgamjf5qzfwxq48e199ptexvdyg8b8cb4svzhty5tftf;pdmx-qmsquaszlabm7hyhsvoaxzsvmvalifh3b88tpho5nsawxm,0
1c2e138cc6b69f5299b7360423a7193878a197421383b126bcb1403fcdefc580,3,pdmx-qmrhfrhsca4ctdq2f6bdcaefdrc1lxdeqbpirssmn62xxx;pdmx-qmzrhhpwmbdai9pmcg58dl2xgfe8nxviwrfgnxttud2pc2;pdmx-qmzt78gnpmhoxbkerpdapugpsrfortqnztwz269fwnecqo,0
1e56dc7f0957b1df296e41477e32aba843df1cf55cfb549f3da5f0d5e8008a36,3,pdmx-qmnh6spuaj3nhsjzecm17c9tiw5cff11oygsklrjjvi9vt;pdmx-qmst7dij3tji4hqgjjxrjku32oskehbzgwmg6z3bavw3oo;pdmx-qmsxhrqdk8sccbpv5rujuaegwfwtspefpktffnxvszqezn,0
26b6eb9352ca7633d0158a1a95f59bb5f6d153f22e61873408f7e7f6d8705709,3,pdmx-qmpxgqysdd7wa6jdbjhfjiducmapwgra6puaznsnyaeptf;pdmx-qmrb6byirgvuimrtqxvnugdncufblqacvscmzzwlwqcszd;pdmx-qmuuqwbhvg76gqavrdsumsevgkkhui7ua4vi4rbjwcnju1,0
275dcff234bb68d6a022ba977e24aa1c2235bac0c5cd1999ef42d49481cd70ba,3,pdmx-qmaysvwfdeeavxgevujvihek9wns2f2ap1v1qhfysmtmtk;pdmx-qmyjctznivamtk4gvu3bugukac1xnboblpqouv79nrybur;pdmx-qmzpfl5tkkqip6nexkn5ecxcpqndjwqjkbrcxjgopezqgp,0
29a2fd6f94c18e60a40b73aa01d3f69634c9b5f62a071c8e631982438b9e381f,3,pdmx-qmd2ramx5ipdfjofg9jkumo5ndksy7pux5r5s1zpreq61n;pdmx-qmdxjmerpzuuj6fpahq79lyxl2xpbvtbnlpjwlm3qehavm;pdmx-qmsiie1w7hvst6dzkjxo1a6pwmztmwhidxvpwmfgmrhjv5,0
2a5e60b435fb2c6f10130a57b3102d4b3611cdcf2ead502146122bc642ba1c79,3,pdmx-qmci4fgdrvuak53kvekqdl26znaiyue8oyprzvqxkzuce5;pdmx-qmcoqsuujwzobobx8kbmnprrkzkxangdvxuymtnnpqqjxk;pdmx-qmzpmwjn2u7cizdvavv89eequykwmjkz2cavdraqkw2ynb,0
3a99042a4e602dd5de5ca8ba4caba7c7bad17c62189ada91a463ef741a629689,3,pdmx-qmnsvwiyugj2crkvqoeb2tapnhgvwwzf63uypy9yn7wgax;pdmx-qmubgwekpogmizfum6qj8ngic7evqdtwtnpd1gffpluhfk;pdmx-qmutcfhdouvcrsuwczjngsyuzjnttstsqf3btbtsnpd2pv,0
3ad04ac8688ae4097889d34c77c01e82475e6c9965433eb092039bac6695b5f6,3,pdmx-qmfmewp5xvvuc7rpyak4fx2826w7zxjevusgakhfx7uara;pdmx-qmqopsv4kum2wgze4jtrscgphu3u6gmg9mnezxhqkxe46z;pdmx-qmruvruxtmmk7wejnmcfjqdwfmdxj4wtqs8qebrf7nxubw,0
3cda805b8ee2dea8edacac65af616ecaa3e97afdfa8bc006d0ad3a5559513bef,3,pdmx-qma4qdmdoargv34vnaxjapztxbku2xjzyogss8yuwgpud2;pdmx-qmb1jvrg2x4tyzrrts5akwke5b23weadcy9qt3qbcve5hv;pdmx-qmxuzp6zqaufs6ke7t3dopal1jd3gdmp6hc1xq5saxucck,0
3cff2929e430fccb8e190a57f0b8214bd862a08022adf7efb3251cf7f1d12aef,3,pdmx-qmbkcfam2hvhw4l6g3d5aydfbgs8rkbyp5xy6aj8ruenaq;pdmx-qmqrlu29m2epessarlrfjsprmevfxlipwbdrch8qcekhmk;pdmx-qmwhrqajf1g2mfkgeqglkip6zgtp4mjun4xbfnvere2ytn,0
45487e4e3baadcc1faf3f0a6029bdc7a8ea16a8fc227e04ec0762527e3fa50d9,3,pdmx-qmehv7jktuhcnn7mq3gfiuncmqwwvagbqoqd894rhxltcp;pdmx-qmpm4jhrg76yi7oajvskhyrwziw4mau4egzoid99acstug;pdmx-qmsmpw7ge6ga4tkzzqfgsuefe9wc9dogzykmfcgxdd6nad,0
45c3552d16a2386bea605bd7813c4f123b7b8d3c0f7b729484efa0a8ffe33fff,3,pdmx-qmajxgnq99vgnrf7ruasqhsq2cs6pscbqdx8fpuc9mhbcc;pdmx-qmrauyx4juhyfuldjyodhbapqiwh5i5lxlhkwtuxsay136;pdmx-qmujtag1gujaokgyvhcfuaz5wjpwm17sqywrvuwshjdhth,0
48d59759d515aa42947c6c1570df1ad0c7b73ac67571805e5b2c2291bbadbfdf,3,pdmx-qmdmv8g6bgbzfoaop4dqgxvjwqeuecopkbwoxeypb6utpm;pdmx-qmplzmcks3z9lnhccdy6zqjcg7gmjzmcrgdqfvxbtfhfyf;pdmx-qmq9vsbtvlnfzryhdkz42b5fw1ao1brkqtxxsp8oag94rn,0
4b9e59250aee8d6c3177d6c48f3d811a8e485b6dfb0fcb1b90d769b8548638a4,3,pdmx-qmb3dsimkwwqgyqaaj5fvaqvme9xux9dxqxwczdfha42vc;pdmx-qmq5ij3d3oi2ubz2mr6ppaez1tp3d7flgidrva1tdtp8qg;pdmx-qmv7elyrbxcwczhk7pczo312d4jccshgmtm3ydyxinojwl,0
4c9b3e7cc9eb9e114b80495a692ee7698ee3ac4cebee15c9260704f77aa1ffa3,3,pdmx-qmahyqmj2bkycza23nnye387efrdaez4tm9yttmmwge9zb;pdmx-qmndvqu8aura79rv2jwm4rxthjghcq2tizarzzfuc7yd1t;pdmx-qmsxh5bqo5hrqdhck3yuwhj3fdtqxkhrdjurz1aceaoxyx,0
4cdbe4bbd6e841115d7bfa37a668f6b203b3c82edcb0a3842984bca967e82e97,3,pdmx-qmeq7veh2muinc2wrtzkaefhdugqzvmssgkjvjkhotphg5;pdmx-qmnzmccxuylcxbsingflypd5penwticwskdgetbjtlqzku;pdmx-qmzd3xnovcmbsuq52wuf4wzk1yn2x9gjn4rknpa3vqbhbz,0
4eade036075ca5635a039f033cf0c1aafea44bbc8408325dbef82c5e9300772c,3,pdmx-qmpe8qft34fyemox1csj7qxzajqkzqcmc2nhm4gqfpjeuv;pdmx-qmskendsuntc87jnq6x2vmuopsskjwrgkch8pjb9xrxzk9;pdmx-qmunth71dftd7qxuqms4puyz6y7lqdcx1zrakw9yfdfmqw,0
4fd36fc2853cb68a36a5e33bb327e445987a1e9d6159dea47d0ff85248a768f5,3,pdmx-qma4urhludszta4a5j4eds8gneew8dfv7fwbmbbcvdwt4d;pdmx-qme43jsjtuxwhosfr3jfywrdbbzk2dkyzecgmsmtuxjjlb;pdmx-qmx7cksq35wgpwzeo1susmrrkas3j5ktotex7gdedu2ahp,0
51124939947049ecce80dc968b6645ba9f44a983464241e75c6aa3f65bbb9bd7,3,pdmx-qmbq3wvertmgfffguugtnyptopwtlwxlnj2wzwhcbmhnyf;pdmx-qmnlycbxmpuprgsyw91wxhh59qcpgvtkumf9m2supegt2q;pdmx-qmsm8m2tq5vwhrbeyzilm1ctgsog7uaggwalrapevghlq1,0
51d1bf14445df1e8c4b51df887e619116ea9fe843c73cb075ed77432d50dc920,3,pdmx-qmwmdenp62pyzh32bdjv9r7jwqoxzejf6rz6hwsszzyqls;pdmx-qmyjusmcbmiw6krw8ulppvjzhujnw1o3j7dldwmh7zd2nn;pdmx-qmywb3trvjhggintaqkxrdclcmssdl6fdfbb3prcfuziph,0
5596d8e2c889ba1f8eca336c41413d3c1248cbc2e96a5db74a0d1fb73fb94e2f,3,pdmx-qmpxbq1va76fhquvxal1dxxmpfk3luu6hz5tst76qbdmrh;pdmx-qmqsrsbdnnt16xt7tjwhqiqvugegqy77umb7jquytwabef;pdmx-qmzwdsm1sspmzssyfbzzsax5yqfx3trnl4ze75yua4sbsv,0
6003ad1e5911d09228a1a2c4468079c55a8462237ced11b37019e1c1bdbe4242,3,pdmx-qmbjavwfqayt7e8ajmql2wpiuj2hgau7d5qpj3rqp3syts;pdmx-qmrhmy1jkn5tpdhgkrgyy3v4j3uabpvrfjn81elnnlan6y;pdmx-qmurnokcjkq1fq1edfjx8wap1djsnqedbvrp2pkzm4y7tc,0
620c2485b26b9efd0d45637dae00877773f456f0a3cea36b26e19125e7c0b78e,3,pdmx-qmbzdmwaaddf2tpfnbz4jzxqpvmh5ysfhxmwjcpp2mqgu3;pdmx-qmecgv6vmuypx95eams6cppqphwhdbqxnv2uezq8fdh3gr;pdmx-qmftp4nnedsfakbjwyvzgjqhitqzfdcoooomb7zzplbzs6,0
62ac3f75f51262409f6267e1e5e35e529346b8fd88284100f6800acb9149b49a,3,pdmx-qma9jhorsbaicfmdgf4codwcpefqxwwncj78cgpvcdqaxz;pdmx-qmrkfsqh2j9k4g69oser6pntujaeosikwut73bprvd6sxm;pdmx-qmztnqyjz8jdbyyrwxo44hrkrqywtieqq6xewuxgqraexq,0
639accfbccc8b15c9472583645cb433346487f185a54095f95bd15e5223e9faf,3,pdmx-qmdzz56o5psmgkey6mzq7pkhhlntpfxoe4yxfjpdaxlzv6;pdmx-qmqg6fqgcp4ifr4vrotksk6szvr9hw5s9ua78pjxdemton;pdmx-qmuljwkp1nxsh6uvuah6iz98mhcphounebfbo9azhrpdhk,0
69910c8fac004cc6a94816f0a47ab723d09b7c867a9d67dd9e050299e45a5b74,3,pdmx-qmpccup7fjdduymiv8wnfhqgmzrucehyolfrjw8xq66uju;pdmx-qmtvx624mejybzntwdshqfbgmjbbkt2j12kjbbf7gdtim8;pdmx-qmv1iczltfeyyiim7dnqjqyta35nrwcnxtpkyq8hqvsct9,0
6b80f3b1bd2383587191d6f8a9c4cd0a6a7c779944485245f864ed2165940cf7,3,pdmx-qme5na37y9gvmjsagzfvyzd971cedtkwp5iyfx3xxawmmt;pdmx-qmwp536zjw5lanavztbqomlk7xve7n8nbltpf6rgaja5wt;pdmx-qmznte25gw8bzsuaagkgry6bvzbfs4ggnazjc3zflp9whu,0
6b956213114bb3567a0636906dbc15b76e2fa33ee2c5e37cb00721e5c8057706,3,pdmx-qmarpunbreyqxphr4kjtd6wdsh4vtao8wtufrlqcsdnncw;pdmx-qmcdp8q8pdaewqy7hc5oeckvzfp9tzwp3gsnjbme9rp5x2;pdmx-qmfd3ccvcdqtzoxgg8vhw8fuz82aeemsvgedq9ouh6bsnx,0
6c7f00665655b3ef5561933417e9035960474282a75cfc2770033efb7bd8f2c5,3,pdmx-qmpe3i9vqwcagxts8hv8lqjaxddcbey3kktmbjuw6vhkum;pdmx-qmumxcmcrnmsf1njsazo9ntjvmrpjvhxlpuycbvo1p3j4m;pdmx-qmxcueypkgun1mmy7erq7efbhfaemroutdv2fmwnsla3ke,0
6d01136340fcc2df4c23fe3a88bbd0688425205d54320b2e2d89bf2380b9febe,3,pdmx-qmesvyswyaxxb5sjh1gufpfma6src855yx3jaedzyqwenb;pdmx-qmpdc51g9dpdksinucq3xqbvxfncgfvqdspjn3jrz1tscu;pdmx-qmqgxefktgalbeyexpnxkiqzgb8lew5s5osbdx2hyzsnb8,0
6d808a0bfa9f4e05934c542c0fd18bef004218e08cce14d2085caa4ae2bd9fc7,3,pdmx-qmb4ezwmci79gbonq4mbdgswx56frbt7uvz91ftjsnwqhd;pdmx-qmdwsqca93k5pnmxp1y1wopxs8pukrlclzfm2mma537ne6;pdmx-qmrhdfmcmapvskppy1uw2jkokv1hinvpgymvjnoxwe6yid,0
6f1c296d5d14080e5ad5af1b990dda5385376512199e8b30a298da48b69b6e72,3,pdmx-qmritpttrfqaxgvhlhakhtz4zbusag31hzzhdxfl8txpjs;pdmx-qmwygnki972xrmn2swrn3cfjrnbmpdyjg6mbtfdq7cn9on;pdmx-qmxgfxppqvqrrsxy7e6s2hivh3hqpedqswofnivn48m6f4,0
701334f7a01b5841594c748f8f52382b2aed05a3df3baac0d2ccda9e1a7f9a45,3,pdmx-qmcxniekezgcg3wlhowf5sh9tekz4hrjvgxusdnb3dik15;pdmx-qmunzcygfcwxeinjrk1e9dynlqtbxkcvgjcu85k7necwnf;pdmx-qmvsageht8dsq8jdjrtuwzg1lfhgmcvwep4mrkzrjfqceb,0
7152f80b84db6d123936f4dfe099d013ae65174b390cc57779aeb340c2338551,3,pdmx-qmnxmnqubq1hwjcxrqszpmz9ryytkknkgv3tf9t8hddjev;pdmx-qmsljvgyu7heenbet92ydbx5wv5ysyn1elrqeqtakyhpew;pdmx-qmuej8bgsu1eye8rvxntw5bq4xpwyt4wuevyug8judu5pw,0
73236008c961fff6c6c2c694c69120abfe917196dbb18797a5c3cd5712aaaff5,3,pdmx-qmnmfzptj16l8kwf2be7jg2rcy7evsnxic6vr2vcmtpyuk;pdmx-qmqhxujcotmd6xeehcjjcnvhnogjzjtgi1jtb3a3x8k6iu;pdmx-qmudndzveuczcbwvfkivcmdgyrg3ngrymfqdopnpxghkmj,0
7903a0615670695fa49c6ad8c4537c48f0c58c6eee0e531dbd22a75f6c5ef1e2,3,pdmx-qmdgbi5xxwxupj9v7bmtu85wzffahdnecqhtxjqecuhjwc;pdmx-qmrkbhkpxcy4wc7n9kdu5zzteyrwk8e4f7xztg4mjedywj;pdmx-qmt3quioasmbzvl3uptdmjz4uhahptavtdzsgysqxzsew6,0
7a50d9fab6ea60203ac6e02c12a2be862cfd3dae9f4823e283341a446c7bb810,3,pdmx-qmeiq2yrfe6ecdc2dqupz435pgncgp9seer56ncvqzfpam;pdmx-qmx14pj1ca5j4vvs78qjreispr5patfdiemxbsk75cgld7;pdmx-qmykfzpux3rv2kxkjs1ahbh54fpngxgcfnbgeeiwuzsha5,0
7b05f443e60d900e0f6f66efd0a6a678c90d659917e8b6d2eab85dd618e65e7e,3,pdmx-qmnqcxjvglswwhksjybtwt7hiyseaby624xvugk1ujxdhd;pdmx-qmvarb1nx7t2ndb8iavdutf3ltfabvbwezkykagvdipykm;pdmx-qmw24x37ipnoswgh2p3jdzyzbqgu1nfvcuxv9jrambpzsn,0
7b441bedd1d6c27e7b616612b5061bebd01d054518949a5c8bab679a0bca2570,3,pdmx-qmp5mrqekesjcpmbjsgrqblmi8awbcgkefl2qzhswneoww;pdmx-qmsgdvya14wpew97cxeesbpht1uyhqiqdeuvtrzowl4n4z;pdmx-qmxjrlwh4wwarzljvwcfrfjpttetdefeyqbdhnnetkgoz3,0
7dc36e0b6bb68680be5633f33bc10ab7299bfcae1a5fe6a121eb1fce191de6c7,3,pdmx-qmfswd7wkcgszqn3b4uac27nufmqyj4kuk155zxkhbaugj;pdmx-qmv67ma1l1nofu7bktyw9ybz8vhbwbe5vq5swwn9jyjfgm;pdmx-qmydmafcfqhyaxmhdjp2or5vcnarqhmdgmpyvnpcnhjy1t,0
8095fe1265512da3bf98256cc9c541a3e001be58fbc0d6221dc8f96234438814,3,pdmx-qmegpm9bmpuynrp3aulvvwrkl3e6zum7ktqyely25zzc2g;pdmx-qmpyvostr4wwj4btlouuy29rezbvsbvtclge9b58jrpfbn;pdmx-qmrxnfcw6kojltcm9f6csqz7jva2x7vxwcpgpyqqyiadwv,0
8572a009abcc80be67d59e2995274c70c4351dfa981ed0006a06dfba7dfbc794,3,pdmx-qmdhsukfbszzqxl6aafbq4xn2hdze8c5xp4peqyisnzz9m;pdmx-qmehslzxjawj1k3xw35fb837ztlgyugtplmkxc9vbnrpvp;pdmx-qmx5bcmwx41cdb66gmztuojokygtjzlw7eqnkubjufpvqf,0
89b8d5c4aed15ce40a88df120cca3ca580394f4bb26ada6dd5393d6ae030f1a8,3,pdmx-qmascyusdq8ae6j9zbzlsdhmume2rwflerttz53jib49az;pdmx-qmpu9iywmlwhqsbekrm5urd9vpvty5bbvoiuyhvd84plkn;pdmx-qmzu8thpawrg3erhpm7rgremxr2p7yuppfzzpsidksq46u,0
8a70e68790d01d4bc295eccae1ea78d761cd90090c86ad2f6ce5264ebae1ca26,3,pdmx-qmra9yfuenmrtvu3hlq2wgkira4yj4hosagvkukxoqhkzu;pdmx-qmrbfyqnjpmhsbmbtpbez4li5y2bu6a7gtu4wfv3bvfakt;pdmx-qmswx4disyvlnmbxlecqzfhksqn7hquyjslc1zqgpwurjy,0
8daca39f85c8fac6f86a1646be6b13f361eb5103de6ecc62b09e824c6b7b6844,3,pdmx-qmsgefzezq64rzywgk5fkjc2kmnzvgdkvzzwbwhlzwn6vm;pdmx-qmxvuyjjtbrp457sspuu2rdo18u5vzh9nya4muvfbrfbrq;pdmx-qmzwnnkctxkcyqc9krkby6kqjwchrzxqv3kcpa6w5xew3h,0
93ffba8a64df9b358b6c54f90421b5d0d719230df124ff8454e06e198c590750,3,pdmx-qmsdqyox6ehlubbjcdyvestrqwe3kjehfjbwcgfsezgemv;pdmx-qmsupbhdyceywfwhnmtwjyf3fwvsdvtvgkvv4y9g3lwwp3;pdmx-qmxhxrphlzlftjfuzine6wy9nqpsm7k8uj2agsybccpyuh,0
9748253374f8c896efc85dd3f859131aca994285f95da0975444852ddd6b8fd3,3,pdmx-qmajyufvck7cest5r7biaupbzag3r9pzxeaz79hmw3prtq;pdmx-qmpqzqquxnqhhbczagnapm56gcqijveml3pxtkcf6re512;pdmx-qmyofffzmrjwvismw6bh8p5aczueaiwqavpptuufeqmzi4,0
9d9200384116af314aec220da0962fdd12577e0d4f8dc44f60a9585855e37743,3,pdmx-qme6bhuyaykytjgwm7xhppuqcfpmyz9smxunzvxz7fjoqc;pdmx-qmprcvexfyptt7lctqwgpfqa5jkylynhx6tbrzy784keqq;pdmx-qmtedcnmxxspjjjsvtxqdxec21evj6hahircak7tvh4esq,0
a683a53c284ba9e5ccb751d67b478777b74078f7052cebe581f95bf998d52db3,3,pdmx-qmcgqnowleuecu5ebyygvdwxmmvc1f5971hfag8ywc42ej;pdmx-qmnqzhbmnyu8rfgbvlyswykawvawn18ti9i1bsywiicow8;pdmx-qmy1czosemncvuwtbwatytqqy9znkasxa2zv5ee6bkgrr8,0
a795fe3c96f1ccfd743c260063a9ffe83a3b91db5f2a35a10adfebb7fe22be6d,3,pdmx-qmv29vxe1q25pozvvfwa59hgqcjvxtehzppamjwpskfwqf;pdmx-qmwrv5daehky5czo3xuwy85zudrsbbzbsbbzys9feprjby;pdmx-qmxhfihyvtejxwrcy9mrobwpac8ggrauc1ncbznou3punu,0
a898a006c383cd890f0cbcd61c4b951184bbbd05231dfda1d3ae7dda554ba950,3,pdmx-qmeujxr2a9he65qrivuxpebzfbrrbdurnm8jnsnym8blg3;pdmx-qmuh6kbjtwktn3siybpfkumbvtwqjaabwd7udjkhdwhdhy;pdmx-qmxywjtmpwsjvynfwandgjfwwml1g68ggvodzcjlaxnfpr,0
b1417b5f24ff2f76a3c5eff26dc41e33c6bb540f6b05187b5c1e676a271e54df,3,pdmx-qmb8snf9nnleab9bqmndlk8bs27d3vvqxy4xpa7vrhgpdt;pdmx-qmecjk1r6aqswdxcasm3jftnlvgak3pt8ltvfygeys4dzk;pdmx-qmsgrwmvyksam5sdprwxkr31kq8q9x6ya8cefuxvmrjb2j,0
b36aa251a2429050a5d7295ed2e820767bbeee145b2b4c936d2319d25ddfe189,3,pdmx-qmbsarbi8fiboqd68hffysdel77cz5auekwlq3npihhfik;pdmx-qmrzf63ngmhtn5xoncuq5nkjiynnkelyhcj2qapgn9mq1x;pdmx-qms6mjkv6zrxgide28ugxbfupifbdvbuah8wbtdteq59bb,0
b3aab6c6e2c81758af807f7c83048b526887ae373b06464f92dde27d8d83527a,3,pdmx-qmd8ayephnffp2s7mhtwdzyxxtium6wumsgovztktcrqym;pdmx-qmptv81hmbb1zgwneadreojxaetegdh6z7t2geyuda2yah;pdmx-qmzarqyr51chcypeebbp1juyslcxfgvl6ru6cfdaey11jw,0
b415c8b0c3d600a3c645b05f7b8e3ca5c81fe31be1128d635ebcc605bdbe77be,3,pdmx-qmqthqie29jrekfl3bs9s9ebjohsojlcoclgy7akwbcaai;pdmx-qmug6hysc8v29vgoh6qngv7ykuvz4xpfar35km5rn1r2to;pdmx-qmy8rrbnuveag7tjn5zmhfkzkg6z919vzrjguchffxjdjg,0
ba759306e43a4bb19e3a0efccf9d5846ad4867516e27bb3b7ee11295ae3d5fe6,3,pdmx-qmfztrmtjo9d1fykqhrfrzyj5t1quao6tybo1cgdy6yilm;pdmx-qmwcgkhbdqesg2cgrzrupwkkdyruyhfxrspdfhymyx7zud;pdmx-qmxhdmvrmlpmma6pszqzrpxm5p3c8zqkxng2tjg8lc1yt3,0
bce0f6bb38373a19ae3b83bd1963fb29fa865e6f354dda18d6d776bcfde8586f,3,pdmx-qmnchcjuhdfvkwl2czknbkz9rb8ng5ny4xwupzyhq6d1ae;pdmx-qmpwdwiwrokgnfkhaz1bnfss5x99xwnnmahxdrhrxa9smh;pdmx-qmzn1wkahburuakvv4knx1t7dwemzf6zq3hm5qunrrtyta,0
c29a118a3bf2980db1f106a9560c1e1bf7f9398a6073e83893af93bc3f4b899b,3,pdmx-qmbaeiedd8nstjnjdvpgr5vbdokbdbdcdjkdx8t3bd3vy3;pdmx-qmcgwwztnkcg9qnccds4qwuamrexrkzjpxx4fhkwpyo2xs;pdmx-qmnrastsu3pukglbzexucx3kcnq3u4yohdbjm7fxq6ugyh,0
c60de66b1ee00dbfb3446d71862e82df4a51c93e0fb2e51dbc9994f39f6fce37,3,pdmx-qmes7sqvgkkioacswpuu3xdgegmuub4sovyz2ngybvddtj;pdmx-qmphmwzpjhauw5v6mdzduvwrnossm5qwwgnvnxortxftxy;pdmx-qmschanbsmnn8slu4nukjbzkzxuqq3daa8o4gvufdjfuzc,0
c9a3ab585249e44b36c08eb2021733d10432a5e2a840117a84ce367dbd0b6bed,3,pdmx-qmcgvxpgxcz2bi9usrzwvvi6d134mczdefmawi9wzctyoj;pdmx-qmdiiasbewrhabhjbgzghxdrtnzpvqd8mpdfmvdn3vc3s2;pdmx-qmzu65p8bp6wtczeha5hd94kmyb8pxuma9u4xef1owrdfa,0
cadd0b4db1358ceeae8c692b9540d7a584e1df3905c5587dc41c2dcd51f65847,3,pdmx-qmcc7pptc8mogk4ycpo1ldoqbuwnss4vbojxojm6r2vxza;pdmx-qmevnadjeqkxwyqswm1chgjocuebdmcamf8dyd1vawtxxv;pdmx-qmwtirkfyhxstmumh4kl2jyunz5eu1bm3pmczyrfmdzxsa,0
cc6964cd1048c2a6449f3b5fb820d9e25e6887419a4f8eea6ec7170e6616fe2e,3,pdmx-qmqgcabtfmjs78pthknq6k4fenpmnuzsklkmwfigd8z4ks;pdmx-qmyxprfs9uf7gbrwrqpwmrpv9hkkccsessxvq9w14eexse;pdmx-qmyys7d2madewtdzwyjtm6fugurefcrunrmfndljfdjjnz,0
d3af208ce4aebd12c28fa5dfaf61e552e398cf4787881e262246647501ca85ea,3,pdmx-qms76siqmeogldl8fpvdmfbd45tzxrjlrw9fsgjam5yhaw;pdmx-qmy8xr2e5iyvwadxthbj44uromargyel9cmkxzsbqyt7fa;pdmx-qmyt2ehctsj5kpl5op4kwojrvb1uvpi9uk5ug7dlsjmahk,0
da508a2b7cad1eafea9b578389ce972e46abcf40cf163cf7ddd02d6bb5a4dfe3,3,pdmx-qmc7dacuducq6cmkrj1b38bnmzqnjzk94wzzg9vsoqckis;pdmx-qmcacctyxb8hb4qeqcnlgxxzycsjglnxfyx6udbegyhwtp;pdmx-qmtk5chwp6qtmgycexb3j7v9qjzhcimwtuhkj7xrxnvfxr,0
da5abb2c840a78e9b524f8eb88b1971914ed260f0fe00611b8c7226be1f7c57b,3,pdmx-qmcq9vhsjzmr7qytywnnh5tngsde21ypvw3t6bacmryoj9;pdmx-qmrklydp8dhzm4shugoa6qluavfanznzmfkdtmrzjrmg6a;pdmx-qmvl1moqhudwybhcwlbohztunxiirr8zlqx3ujkjbtvzpk,0
e93e1a8beb82b1bff582091862f9de45305374fcc696dd8275810eedb4fcd9c2,3,pdmx-qmekgjkikwgywswz7xmstrdppqurgpczbdwa8wgswjdjw5;pdmx-qmpo1yezqcs2kmrgppta75tptyde6u8uezdqjrfpns3tyr;pdmx-qmuulywkwb2iivjz1sgbimnacnghvprnfxxnx5bh1xlfje,0
e973575b28b84af3037630700825b11f63cd1c4d74be7e1aadbbfef009410487,3,pdmx-qmf3yagtitlngqb6kntgqr9hauwk5evxifnkany59ybdks;pdmx-qmwdctxveh5o5g6pcuaihhv55mid7h7hd5yu165ez2kvaz;pdmx-qmzdppu5fufjjtphmzr1haqey5hpoxp3ow39hf4dwmsedm,0
e974659c1a18cb5b78539f5ee4107c683eae071d1aca7bf1beab878aba16a59a,3,pdmx-qmpbylcjtxi7q6npdnzpskvjtbthu99wqtrgu9c4jhxuwl;pdmx-qmxra27sd4nd9j3fe3qcrze9mcnu11q1etf7ihsk3z5bqq;pdmx-qmykq2wffkzm4c17xfvwnir1dndbtz4jamfh7gwagspnfo,0
eb7430057d1d2ddbff3eade5b1bf63215427cb3cd4a865cb086d1a84a4ba383f,3,pdmx-qmqmgxna7iq2r7rsh8am3jm4iage69ugcp1ab8mffcc2dk;pdmx-qms3xwjpkcj3bvfuekwodnz9msdehnse97m9v99wxd8ujq;pdmx-qmtgh6scvzecgf3gkgm1t9lvievz1yduieebsadde79npq,0
ec3cc2d288fcabc0b63b30cb46b7ed5b7cccc24e2a1d9c5b47e7454c50a2e9d5,3,pdmx-qmcfdwzj3cnd4yvbc2pgx2jwur1g6fqevffjbzf3nidzny;pdmx-qmqmhnxzktpvwrmfq9hyy8qyygknrhukcwfr1mkuwb8ngu;pdmx-qmyfdyxjkb7vft43py7xjun3ydr9a2idndxtlxgopbg9tc,0
f01c874b5b292e69dd62227c450fe0e60303255247a5ca587e4c23433fec4bfd,3,pdmx-qmppk318tkezkyjbgd4vzhoewidu8dqw61mipzopugxysv;pdmx-qmwcgyjukbtguhheisawhtums5jwulqpkw34xe8yynypre;pdmx-qmxrfjdcfnsuwgglighnbdlhhr5mkzvxv6c2ql4xmcu2nv,0
f047469b0c1809e25c5df606ad79d40a37bc163f6e68874fe979fdb599e802d4,3,pdmx-qmakya7z3z3xifb787wvj4o4kdmbncurg2xqjagwh6vx1q;pdmx-qmdhbdtydqjpklaf66nu7pvlucb7nqytxdecxkzirkrgrk;pdmx-qmplha9bjhb4b4pgprtmldakgikskxkukqrbjujzy23mhb,0
f2cf96b869a4401293995009dc6f3a012f40bc83d4e3bfbe5f36398f199cfd70,3,pdmx-qmvbhbvqgabvuveg6r4c3brk9nlcfixeaokj2oiubhi6wr;pdmx-qmxrixkqen4zh9sxml3odmmufcbvemweerxt4sbgezbuzp;pdmx-qmzvfuyt9akuvgctdmykt6ly2vbpv5xsin4j58q3khfxm4,0
f8c4de3566168ebb2da1fbb5ad67ef3b7a02d4fdbc72575a5bdf298ff10fae54,3,pdmx-qmf7qnxjqzpsp2rgfh9vrzynvisfzevyusxkwuw83hzafx;pdmx-qmzgm7bhseurmmlwpigex4sfyzbv6acj8x229fjb9u76qc;pdmx-qmzhrrrsrbzpbkezfpbysdthcdsxsqqh2lwpknl5nlm2eu,0
fc940a4f38daad132813be9ae5deae09672a7b7d1078afa015ba8dabd0274f33,3,pdmx-qma1jdnobfhuafbrpksvysaacxdwpxtocm7hhqfpctmxdf;pdmx-qmvfdyaxpslewcrh1tolnde8bbvsvh4bofcf92mmdgorcg;pdmx-qmxmfz81jkzk2pi9nzjkmpk2fzm8zlr4yosbpfcah2eu2u,0
fd60e17082faf326afaa8bb63254c4838c9b5e8bc75942dbad9bb2c21347ace7,3,pdmx-qmcbjgmw3sxkdqawa4ex5v1czydfymctg4ltxgrhkc3fjh;pdmx-qmtmyl4aissunvsrawrtaw69avnjqrj9baquvhqojdzsk7;pdmx-qmxcpfnvxqgxw3fk7kbzwfqmhf3ci2ykf3e4f8s3qzjp8e,0
fdf4186fba179ff3ab288d4450d0888c69c986891c717395feb3de0d5ada0729,3,pdmx-qmqgzfayredkuicuphvr22tmvav7iav8zxhgc6mjisfmez;pdmx-qmqir1xuhtijfxdlrfvqpyf6fjzwost4pt7ohegrn3eevs;pdmx-qmzhyrwxxvbjtnp5j2y2jxb7bm5zr8nr9atyxigfjzzjhx,0
ffccff5e0b8339e8d1a6700cf6d1f39f77e30a11504cc3e0b21b58381d5080f4,3,pdmx-qmatfpuampzpvegfejt29g8awjkyezgziubl19kc8xxhqg;pdmx-qmrgs5xntrw3nnibfe6kcwjuaizphrdckhj88zzgda8k89;pdmx-qmsfkxns74vehg7n7ygzxdp8d9v4arervvpn8h6qfscdmt,0
002ff69e8e1bde0f4025abb31b6ceb867b5cdaf595e3d92135f4da609edd8c99,2,pdmx-qmc6pk5ib2b38kpyhuwjzxqqyjqy9mvnw6rgjrzvxpj8pu;pdmx-qmyxrohtot6hhqfovrvs1gbef6stdducgqr1fpu93kpzrp,0
009624055528610209b426adb351fedc9f7f93b57313b7d1e45b7af97a26e0cf,2,pdmx-qme6qaygbba8b7a4xyalccjfpeca5uiep4vurls6tmjqqv;pdmx-qmsecu7zvn5mgds2r7gxuvermdtlzg4kmfqkjapv9xffye,0
00fb5413707f15a0e6ab097cf1df4ddbeeef5c9d40e02e81921f3c310f615c2d,2,pdmx-qmcuttx6hpn4h2r7lfxhzdqgwd26g7kyiygjynnwyviwvf;pdmx-qmrpkrtabgwzoi637zdv7o9qahkrwn7quycbuzsbckzrgt,0
0178386acaffb303fd39180fb35d791f02d3c690efca3226e830d3b6541938da,2,pdmx-qmcxy1qzorv4fvv79d48cqtsdkzjsdvg9kjjc3t8ykrgeq;pdmx-qmxobaaenpv4qpfd74qmacfrgwp3szgwmy2fkhm3er94sf,0
0184975dde570a36e3d227e05b8f4ee5f943cd786e666cdb4cf81cd914783a1c,2,pdmx-qmeb9ywtdqamklh11sebwnm2xp1pkncrh9nwqqfzauhqe1;pdmx-qmxmb2fazxguq5qhbx7ojc36gdfsf4bkrdogrjysx2ikep,0
026a009482165388dd1dfc6297215d895d7c634a64ac06a6e2deb6b0ab6f15d5,2,pdmx-qmumsxum47neghqnqlsdvfjrpjm1ctmjmwvtnfbaj8gdcc;pdmx-qmx23ytjyuqgkzstruq3vvqniav6tpknpvnjcthlfcydn2,0
02a250141669f1b69ba55931c4a73395fd8c228fe1d612066cfc945b734b6106,2,pdmx-qmftkxchsaea1k89bdkygbtsv8qrgguumv1y4q3zupek2w;pdmx-qmu78qexyx7n9hdwfe3y7rnj7jhxcmzqlyyosctjdrpwqw,0
02c2a8e2cdc56f1c500f22abbec3f3f606b78240419601debed2f2b388e78090,2,pdmx-qmtha3ucpdlzhfp5frbo65ujli6z8gjhmrc6rsqdpd3yzr;pdmx-qmtxzdrpcaec9zfjkshq499sfkhstyagiv4epajdfpsvru,0
0324f2044383fcc36a37c25daf84a4ef1b6898ff5cfba83adf2d8367759de8f1,2,pdmx-qmdsc12yvdqaeye2rmvyjx5y4phknx7cwve5ljv9wbyhfe;pdmx-qmw3dkrxbwgoq6tppxqbpznezvighfrh1zqfai5njuhqlg,0
03418af86fa38f3c335c8c67baa28024e789c2080bd48569765c38cdc4ab8c0e,2,pdmx-qmcbr59i59g1hmatvjssgpu2gffm8cvqhd2zftbue9yvim;pdmx-qmeuk7dk4pfebgsdb1xrdcobvnn1dr7gz7g2ka4wm9fsmm,0
03e6c5c3f753ddbaea599aee6d49e142800ee98baf5f5609e3ae4c08c97a7379,2,pdmx-qmqsy5hc9jzpakdxsspcygpzdy3hnfffpabdwgrphblfgt;pdmx-qmxfeyv9uw9l4zhs9ahldz5sahim2oaz7begts7tncxgt7,0
04453747de5fdeb35ab3710d75e82afbbd082ab72f764222574e1c7730d0ed0f,2,pdmx-qmajhjdtfgg8lqhwtxwrdy3vahjfcnqmrwkwacybfsn1v2;pdmx-qme9wcxudsb1zf3mefgxqmberwhcfv4jfxd64euvymqwyc,0
0445d83e77e4c112995f5f098e047e4bdb6ae89fa91d099cc391de59d173dd5f,2,pdmx-qmwjzsz9vtsqgce8prjnqmrmtwct6yuvn57ajnpjvkxtpe;pdmx-qmyctcavcwxxtw1ljefuutcv5r1m9gzfxjjib3ssmvzbsx,0
046e9f4fc38008c8e94841a388e8d4f7281101342f28eeee63291b92c16a6e75,2,pdmx-qmnwgmxhigizahhyxvcreqn4tnhrd9z4ehqrdmusy6o5xs;pdmx-qmubcsgfbdhhtfdufs2ks1dbzt6o9bkmc9zkveag34inyl,0
059ffd75a28297b95ec462487958c7dc95382076b33d1feede418b1bcdc153ed,2,pdmx-qmtxj4qy97n3tmfrgoucxrdfmnbi7dm1bnbtvigpe6pkp7;pdmx-qmxnwjg9yiprxdkyylm5anxmudykcdypvkqx2ywalda6xt,0
070c11577050e12bc4e7b085c36db8e78eafd7cc2a2097ee42c10a4df62d4f9c,2,pdmx-qmcszdbgjpstmnew31smif7vyhg7nmdevh7qkahr7wvsjf;pdmx-qmdq79r6ccscvl3cyfvxkdgycgk9y2b8c5pqkdhcwcbiir,0
0828e03d98aaaca29d0f5d65c104a3fd1810043d1091dc4d71e952e997ebb118,2,pdmx-qmegbmwswvumawlt2x4hot6k74zuo52tv6kdgs1wr4bgzk;pdmx-qmttdjciubma2gshvosjgme1v5buw1rwppd1uakz3ggscw,0
084e2ff1ea173f925c2175a11f7d7d4bde8c5bee8be7e675b2ae896e83b553a6,2,pdmx-qmszgadyd3qnkdc4tjajzdph6lgxcdum7x7ukor35ono7y;pdmx-qmw3r3ma6as84kkokzgzofscluepehlzwlyqpcmtnfzkic,0
088765ef7383a1b663ac2f5c0288f2f6a482e60de31dafdf71640a1e0333a7ec,2,pdmx-qmadrqn7wrxvd6vehsv44rh2fk7vcxrcxfvxkj3dzl3mhu;pdmx-qmew9gugxfjhwr9upz1ztd3prct63fohpff9qj5ls2tawv,0
08abb63bf12e97231786e4f30c008bd83fe597e029dba301842cc033cd4a674c,2,pdmx-qmdngot9wycqknxrdy5ccvqb1l7aideif5itspsc1dnefg;pdmx-qmyjvqfjujzqgnm8xrjgm7hhfy2usgy2sq9blw1xyqmq4c,0
08e4b6e5064d08cc7054d24b2b5248e231a62ad7779451f24c9140d3093d5f17,2,pdmx-qmpzavrtewkcskjxfcrwewbzbmcqfer9fwaqusunsq9uyk;pdmx-qmuzexuuy2xgqdaad2yv2sjptg1tbhecppshjr7cqidhxp,0
09a509025f6c9bb799dd4fa03a2bf689b575a17841fad85524a84c9810db88a6,2,pdmx-qmamngol9cza7szgnyxkxk9rss3x3didzogo6am8f2jqfg;pdmx-qmevv1mu6kfvhqb1btb4p6m3qxawvc8eztxfyv8waqsmxd,0
09ca4c053f34481b1e0d6f0f706afee3544a078d0c435306541eae4b1234319f,2,pdmx-qmcrafpgsskbrmic9rkbl1ms2jxqwwu8a9exxwwqu6nzkk;pdmx-qmykfhal4pn6bap7fu6y7lmmdlp2kg1wfzjzq5mx1mg7ih,0
09d36b2f508dc413c805975440b31cec4d88ff5b6d29894bf6321a5b79f05bd9,2,pdmx-qmdpulcrd3gekk78joaahaude77cr2t5mzgpatrmpsuly8;pdmx-qmecljtaeoinayi4weah5dozfjcftfzvphim2yhr7w2fb9,0
0a312d6d135d66a9e5999ed3f184b4b7be359cdb64a936c536f1b8c6bb74e5e5,2,pdmx-qmanl54b6tvcayt4rrgujbsjfszr7qc3ft5pehkymehwg6;pdmx-qmyq1rmj3b6hpae5mnh5pmm7ukbhqekhd5ai1csadqte1d,0
0a9a8f44f7d4439a716027b4a490d3b18e8028af45a66898c7b9e1d09b803a8a,2,pdmx-qmcba6vehoxhdplynlaauvuisamkpav4ljsubmqokqe6b9;pdmx-qmw7tv9ugqgjxmx9l887ncxalgtuzydtzsh3la1jec4vbg,0
0aa7883befbff534352ea538dd3cc1272154bc102852d89dd99c32560d87352c,2,pdmx-qmajdpxzicnbwh9lhw6slkl82za8immpwykfhizmd6wefw;pdmx-qmvj1ghmgloj5laixkcrhscermn3wfmfjzfidgdpguj8lh,0
0ab9f3fdda69c482bbc2908b14a6c932e3c599a1bd730d39d9dd883e0d8bdcc3,2,pdmx-qmc5ar3hjsel7ouse5o5ruyy4ldnhyzbwrsyr9pqrad7bf;pdmx-qmnifknheesjtosviudhrzmivmtc5ucnbyg99xhqas7awt,0
0abde79559beafe0db25596b24208b109c1bc374a364cc2cf4371595353888ff,2,pdmx-qmqnyczn45tp1clbeqrsgkcrraahb7cq334nqzg2p17hxi;pdmx-qmsqr7rgd88bkkfxq6aanhz1taqzdhr2axde1wkdxt7fpt,0
0ad5dd92eab8ca0e38f79dac4be9f2de73fdfdd840dd46126528f21e4a7e0738,2,pdmx-qms9nufy8fvaega6eyxiu5ocndafeeyx2ajy6knhhfbyuj;pdmx-qmxd9xx6dvnvcq9mnjmpucx2fcaaf8uhqtiun9v9achp87,0
0b3bca033281eee3b4e3fd375dffce736b99125902886f7b0e8d9362ef1f990c,2,pdmx-qmthnkkvmg4jolzx3qc33ebtcbubigsashgncyh9gyby8r;pdmx-qmvuzw3irwclnxeo86ztsuqjtfwcer6f2vh6rudgtm4wls,0
0b48bbfed4ed9c53cd11d82ba025d16f93b962c15d9f3ad506bd8c806065abbf,2,pdmx-qmai3wyng2cudyzhdfw2bxfnjaat9fzynw7kvgsgrseekn;pdmx-qmv8m73tkaoy2dtmjbd9jtdgpynbos9yqqygqbf7xmcnyg,0
0c96f68ba4185a6c6fc61db1b8b83d7727678c17a4390e267d5ea53db45b7581,2,pdmx-qmahduaz8bmndcojuczvmnvljmnc3eh92wqlkndwql7qwm;pdmx-qmfs7jsdeqo8bwhqdvzkxm5vbku2pvtxclrvgppzxbfpsj,0
0cc61d0d77922f4a634d863e5f49691a7e11f1af2635ebaba4f81b78c219e502,2,pdmx-qmnja3vvgdlx9wd1xl3jeap7ca339axti1xs3qtmyxkfmf;pdmx-qmsxmck6cw9xeq9uyfvx9tsujzchaakekrb1ncqvnhtdhy,0
0cfa62e57ff82f45c96f92c87cd0a4201dda42dd3625b027dd04f90b1c7856f7,2,pdmx-qmaqikypxrdykj2ktn1nqwu1hwkeshhwgppad2cnaiogyz;pdmx-qmp362warwjdkmgmv96ndohih6gp9psjahrf72u2rjqm9z,0
0d85016ff0f2637d52d58c3dd374f7231a9e083eb80978d976c82d13fcfe90c7,2,pdmx-qmsjwh5xkphircasxvscehd1piexxztv8fqfkh9sujwfck;pdmx-qmuhkdspugn1mmara1pqykjbyylantuv6rnbpfchkpdaru,0
0e246131c17aa82735a5f78223219539e0f2e0081ab7e55a11872d6133d01f07,2,pdmx-qmdk4cifb7gkb4gssgfyljeu4wdydeqnfk7ndojvcakjrc;pdmx-qmqlkkhixugtb8nlxbtwclm23vidhitpeprag3uvea2nwx,0
0e37dd19b648b036d9163e309148277706657e4026be42442dc76d687ab158ce,2,pdmx-qmed7rtnh2bqpthzdyiiwol35fdegljw5yvnztswvsbgzm;pdmx-qmuskprz9jt7zpncinuvn3ade3tz4nvgzh21wwf1iqr8xn,0
0fa5803d321162541a154bb856c09a6620b292d85074a76b84ad2cdc427aed95,2,pdmx-qmnrtfgfg6yx9z6pfw2f2xptpxxqdlxe9wvxnxidstvm1y;pdmx-qmuhwpnwkbprdrjz2hvejp5cwt2pnnusl92wg8an8k7fmx,0
0fc0c9cc3b8128846e4621c54f7b3f1c92864d2d652f5626e4a23572fac23539,2,pdmx-qmusfmubsjduwxxmjfss2csuzav4gitv6uzph3d3ezgng5;pdmx-qmyyc1g6vgzvorp5p9tv7w57dknx2xv9lax5lnjx32vxgy,0
0fed2618bce74fe2df5ea78ea6fcae6dca07b93a507e76ba2ad37464133663bd,2,pdmx-qmf8z75ye4scmmtesejzp62yu4mzmkk7r12zjtipzb9eby;pdmx-qmzgacr2u6zq31nr1liesbl78hpwdt7okhc2xpaz6ndxzb,0
102b162b2c098c2c647b1b98e34e6df6f58656e76bde151e398d6265774c5e8d,2,pdmx-qmttmkxwcastjwcqmxlgihvnbgp8hnbhfdag1mbbj19g5w;pdmx-qmu3bgzk1w37klhou37oleu3axlft7benhjg8xdavbgxgb,0
1042c6e1b146659d933250721a38e907c5f7060e7da428fab88a1b194e697063,2,pdmx-qmrwkn1ygmj6nske9gp881tcl6xf5yva1r2ylgt1emwnrw;pdmx-qmutsosczw4pznutcfqsqksd7acjrmiubg8ghynwv6v8ng,0
1053fba103a4d526a7c325e8b97e00995f74738c512c9e91cbffd5cecafb5646,2,pdmx-qmq4ivbqsvvyqpuabq5bp4jcubtptjkczrdc8y5aorcyjm;pdmx-qmrwvsjcrfjlmhxik4obp2c75mdmmjvheny9vacnndsqtm,0
11117d931336ee64c4c69151fd0b41651f15fcf9af16c7c850b070b3e9f80df6,2,pdmx-qmp9s4fjnvytuksrzyajtrcjtcdiqbgfu4m8d7e3deknhk;pdmx-qmwk5bweihtkr2bftmbfwpjl2wzflequeyj9swyr6cv2lv,0
116afae01b558c7fbc555b0257fd11c30bb4e207bc675b37c8fe7a08a470a00f,2,pdmx-qmf9hxdouuvbtopcobfssxzk1wc25j5x8qogby2gm9vjgx;pdmx-qmzvh6w4nm8y8e418wnct1k5sxdqeubuypsxdnpshrqgoh,0
11fd632fdc8fb6ffc31861508e0d49f55902fb38cd9a5d264d48ab8bfed6836d,2,pdmx-qmcv5igqmh9uuapkinhwfdk3brq5v7l8nutrt7qr1o7nzo;pdmx-qmzzvey8nhu1cxdxxvkha4iaphieo29i1k9nfk7ghc1hux,0
1214fc962d393aa075e759e02da89f813779a58e2022130296ef304ed5918cc5,2,pdmx-qmrb7h5ioe4zra5mlfpdsuhyg8kt7vfhomejxvguygx6xe;pdmx-qmrqxrjaxrervcqhqgzihemospq8w1f7cjfh363cwm7vdv,0
12524688a637cda9412349e08fc093571becaceafea36e50d8c10555f3aad9ab,2,pdmx-qmd2tqd9jryaahea1r2pectlsajkzxfh67t8medqt4jdhn;pdmx-qmeblaerfwmnwgnkdpwxu2di3mi43ictwrg3otw1mgrrpu,0
12558592913b20bf20ed87242e072ae9659746c9162c99abb820cced0280ab04,2,pdmx-qmaclwveehuqwegnndryzmgg65mvm2hs79y2thmaezdjsf;pdmx-qmwc4gtwmtk128zbzeyta7tety3vpbcpdt5fpdkfq7t9st,0
12d553bbbe9628f45d69429f8839f3b17087269503027b5f14a1b8714bc84b1f,2,pdmx-qmdvbdenv4grrsqa8rvusjv9rscf67zy9achr6nurtye9h;pdmx-qmuckvprvkar3ohhr6ifmjrhbflqvrnzxwpzgvmt8z9lbl,0
1323644af2e431337a1a428b0a10d9d2f8539b294ca999ee1d6c1cc88e220977,2,pdmx-qmdgrgbrmalnxfhxv7rt2gxbblxzv99qb3xzbmndctdv8d;pdmx-qmzwp6ry1aftzqnmpdvtifqftsfnspmdc4qszeywntaeae,0
133e30082eff87a44c1210a7caf752e5a488a86578433529310f1cee85a68bbb,2,pdmx-qmcg4rtccx8wj2ywdy9bkrwd3fkyjbzmelth69nerryj28;pdmx-qmzjc8u4cnzlcavc4ewqhwqw6hpykbkvrhvprn4rsfrvvw,0
137e6b067a4efc8325b3967a4f7a437b6321728847319585f77e63d64a5a603c,2,pdmx-qmwidnvtq8tqgmulosys1eymxsuasxfwphred94ka1y1k4;pdmx-qmx4nkrotekwqdbp2i3gw1h9nbqb1ayvghpgpp9b5379ba,0
14162543f9332d5926e318f8f22ff905491f423afc0cf28de0a4eb770241b7fe,2,pdmx-qmawnmnpnv72z5qxrkrdeq4nrcud9fwekc6ctjiedubdta;pdmx-qme42thtoipyboy25cv2npfwp2ee6m8nrgdwecjdpta2bj,0
141919abd3d3b9547bddf7f6381802019ea4714486cfc7ed88add3a775170794,2,pdmx-qmblbgugw5isugbnqz4gtrpu9htad2iwxlfhsjt2vykkme;pdmx-qmrssstztws2kmsxktswxcv1fus6qt1wnb6t9kk62wa92b,0
14685cd7772ad497dfdbce28c8332edfbc4617fcec17a0576ad71a365941c714,2,pdmx-qmfxextcqnmahdsishyjsh9nkyoebtmstkjfhfhcz6bqrj;pdmx-qmuajvv4sqxvkmhqpzy5v7p7qpda9yzekr8skejzmdat1w,0
14abe2dfb3470f11487e0b90bf53b8c3e6b6a9c257df453cd50e7081e219e869,2,pdmx-qmu39w6z7vf6edkdkbzkaa16zfjwfc4hal8ppqlnfujmjz;pdmx-qmwewyuasa7tvlx2qhscttjarcw5dcaqcf6k9v5127ygvg,0
15928abbe27cd0561817bad26063fe55889e17031a24531095bc49f81221fe0b,2,pdmx-qmy2ja7qpcade3k5wbmjf43rzcmkyminjlgt1v7o9wkgwg;pdmx-qmznvbcf4mhxd2zrsqfbzsfyqjmgovzkkbkage53uco6jz,0
162a38782427d9437d964e8f7f3472c6af9d1b8b140fc63c1947b45128d2488b,2,pdmx-qmd5u9pmezcvtzpiikbcxtwuyhamft2vcrzsibzssvpmqh;pdmx-qmejyfqezqubv8hk924jplf6bddxddgo79tm9nw9dqavam,0
16f90439c19552c1f0c65d7c1eec9523d8d66e7e0cb1d243ab7121d19e026ac6,2,pdmx-qmet2eplujxr6warcemxutp3i9qkqnqnddharjrr1rbnd5;pdmx-qmu1sedg6mmhv92hiu263wt42figs1w62etibggu6orb2w,0
182476880018ae66cf57a850ab6c30615b9928a48b4cbdc0983526653cf0cfc5,2,pdmx-qmfd5zzy8rbdztykewzbnsqkhazswz2uti8aby7nq55kux;pdmx-qmxuzuhtxgncuv7nxa2ekar38tffarf6fatm6emx3ehjre,0
18c7eb318ce38a5d4a4613a89e0e1aa69e907a0a378082f08ce1b96b94d7f983,2,pdmx-qmdmhjpjoigp4dwcwwggxxgnp7dvsxmjlfzcym6jkyq563;pdmx-qmv1fpstgqj9kw7szc8wbgqknuxzctvmqlropl9c3r6lsm,0
18fc8bfd13ef22a1780f1a375baae60107697ee50797ec20dc5feacf825b4b6a,2,pdmx-qmvvkzgr9jyhmvyqp5clr3cucu1jejuozs1jaa88ruvepw;pdmx-qmwctzd4snk85gtce8b3ywqzck6ympbkt2jklwq2remdsd,0
193bd5250bb70ecaef221288af30af712c5019a389d5bd101b335499e5055b4c,2,pdmx-qmfmamhkfbta5cu7ewaa15xywbgantzrsmvznot7tykxqy;pdmx-qmpkjfsqytrq6atwonaqkddcvfkbqkfa5uqhl8dhvtzes9,0
198906a574a794504210769ec968d3afaf64bb38ea38b94fdbd98b5601716c22,2,pdmx-qmf1ejkufhkyhdvjxvfnkqaxmzizmpn8dszna6fevsxq4k;pdmx-qmfhsdb4bf2rbmtryras63kw13oaffsuzhkv5lonq7ca4j,0
1993e902c2820917a623ffec05be8b2b43f7cd32df619cda262d3568c1ea36a5,2,pdmx-qmb1pyrfz4wr1mlck1i1gysuvqpsqkmtnsfzjg7wtjvnjq;pdmx-qmwzvrar8laaayjbp7ymm9gdoryw3ni3hszjzbcevzcvcn,0
19cfe70bec4c338d82c3a5b327794e883b21ceebc966a6681c8ee0259436cb3c,2,pdmx-qmfggezwvjsojo1wd54e9kfcs7lxgjwvmvwmnvv5co8zdb;pdmx-qmubbfyzyznmbhipb9b7yogmmdl5szm22gxokyktq1agai,0
1a36e5550c08edca2b910c1ba32317d813e59f8ba05c17ac20f9e1dfadb98e01,2,pdmx-qmwk9uq5894jrsdcyks5xqhz5wdvypj9kme8fxtsvy162y;pdmx-qmyvyctncfwldcmmqdd9hjrpyrfsvjojr1hky2bcysfmjb,0
1a7923af45f26623089d4aa710daaac1f0c005a49987844650b397198a58af81,2,pdmx-qmfbsyun4qxbxguqkbxk6xzt9xsnjlwamrjzklh38y9fp9;pdmx-qmuudwhqtjawzpju6jqfiwyuogpgsmrkcdubnty8eay1wm,0
1aa1e3b8d737fd426be5c876f19cb99d99e4c974f2398706ff1866420c23d213,2,pdmx-qmagwxkprbfxcolc9zyxnz6huhewdodsjrj9cmuqzge4gi;pdmx-qmtljhnmy1mnm1tfyswnxdp5tdkbd6qwvivvjnzpfnshzq,0
1aacb416be53e08207107b7416dc62c83c182f623d2dfeb77434cb4e9ef311f7,2,pdmx-qmvmj6htamjcicvu8qu159wwkka5gghyrdc1z6pkqq5ssx;pdmx-qmzwolre88qenwkvfakzcx22uknnphmcaca2d31bzkntr5,0
1ad4247c39db5aaa6b486a22027ce1989eea046947e7816f4b20bac7910b835e,2,pdmx-qmnq9mywa1ssmiuigoputbbbtzw5t9pfugx38bcsxbhvft;pdmx-qmyhucwa8oshnuztynmdkysm9kdzr3sxjc6j99bqgkhl1k,0
1af798d4233464ea38e60ddeb1590d2e7b21641aa0d26c2f722dded89bb40075,2,pdmx-qmcqcvbmb7dblppww3hbvzlrq99kdecqvf4vtdnplqws2f;pdmx-qmes1e8alud3bdnkf8wbuxt7blu7c21xrqmspegxbygtqy,0
1b0c088339635ce6d26052b216ceb273d005eaaae4b34a45df0db896ecad3d6a,2,pdmx-qmdoqnvunsn6ojmxoclypbef8jwv4lzrqdbt6tjs1ee8an;pdmx-qmrkasagprv8csziizkcbm5q9vmz8kuoevxlvsfdbjxuao,0
1b5e3322571d24f0e21f9e1ee8f71c9c9cfc29d9e7b73130d95ef4ce7604f4f6,2,pdmx-qmaucdxkez3bl1bnw8mbhmvjksusgr4fvgfxystfvqtwjw;pdmx-qmv1q6ehxtjnfudg2dvw3umkdtdcw7ma5eanhgnb7gt19z,0
1bf8348e4927875f8cd8130b50396d898f155f5a482acd7fd7bfa8c8d8b8d11b,2,pdmx-qmtfks32izfzf24yxqfv119xleymxdrqywh6micv24rrfb;pdmx-qmzhop8yvw3o4d6drnussbs1oux213svhknvhyalhdbeat,0
1c1ed3db6f14317d4cc38385ea9c841c59c0fc1e88c4b1991876ca2a006723d0,2,pdmx-qmchkzju41xamikn9wjzxzcbtwrhvyeyhxnkm7vsvkfzqx;pdmx-qmpvbe65r8xe1zvi4xikw1tf8asehm4buuqxw8egcxctyk,0
1c54bca79de76f240c9cbbfd09b34657601e1fb8997e5f8687380547d151f7c5,2,pdmx-qmprsgpssvq8a9r4dswfdebiytva1hfecl9krbfqwaecmx;pdmx-qmyvgtw76szar6gscnfyzmmib4zmexchx2q44wllp1zg1c,0
1c8b653fea80b95c0a2c7c4426adfd3636e520d174a8712954c516b6ee253af3,2,pdmx-qmviyvoxri4amownum4xn8ckfektcxo5wqsxgsjxddkfwl;pdmx-qmzzdapsvbyrgogenfpqqrrdby3zdrytcfkaxn3qqwauso,0
1d38152b3577b1e9d21e15dd4da04c0ba431dda99f653e73fbcb1d8ceab9b06c,2,pdmx-qme5cjvrhuc22ywtyhcpvjpmytf2u3wrxepej4bwmttcbj;pdmx-qmtn7wdlsbvrtuy2qaukezpqequzckgvipybtme63djrkd,0
1d94b94b8a259ad87a1a94029057321738c2511d3336fde4093f9d7e6a0999f6,2,pdmx-qmbsprejceagtp5j69bgx5cs3ywmpqqd2oqoq9rr7u3zl2;pdmx-qmxsji1bqkzeu4xmeuk9i5bkcedoulglbkvbnhnp7xhct5,0
1dd7bd323654a40f0511afa5e02e6d6548578e0813f2a4934c827d08a70f94a0,2,pdmx-qmdefkovz8eld2nsbfwyhphn6iccfuhebabsfhz2mcs8l3;pdmx-qmeplbmgvrpqpjsrqwncujtgbplkb1ozncl9q3edsaoszz,0
1e2131cc2311c32072a29bb87f3b14ef9427a2fcbe331273dfd30f7ce3e5b504,2,pdmx-qmbpw28qa1sczp2fbv32qg1ottzb8wyswkiskzkv1bwaqr;pdmx-qmfjsbunysu6uwoqirmkjkn2jvnfcmvb2slgnmr6jfcm36,0
1e459dc603077a74bacf7300fa5b273e58711b2b8323e91f858698a3fe708072,2,pdmx-qmpdwryv3czuqjqwm8esczqjp1b4ctdqdvmkaqoyu1hkbv;pdmx-qmtnmnypd816twlvrnmk2a3s6ljzuv8z9den7jsxzj6yqz,0
1ea89e9bfd493cd454eaa02b0dd3b69460fe9db44d98fe7d78bb0b89b588c4a8,2,pdmx-qmpqzyxld52uvfnuh1jqpkgp55wr4g7rj7cussxcgagdw1;pdmx-qmvzj5te81ssvmdbgzqu5imnbb8ntzhi3g8yt8qtsrekd4,0
1eff7757b70e388e2cc08d15d822966db4931169821fc8215c68dd761cc08f61,2,pdmx-qmq7ysvzyvzixdtskkccxhury4xq3q1hwonq6zbkvypyeg;pdmx-qmyh9m8qjvtrefpix7a9meyhalislsrbwik2khnvzckfpc,0
1f6bf72b887e6548eb59e8e741386b5eb252d94c7286f73748ce6d68f4d69337,2,pdmx-qmawujclwdqbynnwx84vwv9eyezptxidyac5aeydypjsbp;pdmx-qmz2sfvqhtvrjt3wqb2kvn6rle2aextdiczfqkueej3rz7,0
1f6ce3c23029c2d10780f96b2212c6abf759c45f60e06e60e4fa8387ce0681ed,2,pdmx-qmcjfrscnlbwcqglfbezdq4esdldgkiam6tkzjppzad7s6;pdmx-qmsqgfrq9mhhyhjneba7h82r7p3upppbyx23ns6r2budhv,0
1faee9a0d90a221dfd07a2e76b019ad6a651fd9b2fe97bc25b6ac4f4eed931cb,2,pdmx-qmaju2o63hlcnenynzdgbwkjvuijukprtoagzcjxc43sxi;pdmx-qmvyv3qggjuitdazamc3tuyhqt63arknrbrxk3zx3qf8vo,0
1fc5f8660137a4ed99af66dc96ede0f113d3c5e64739d4586da0bf3cd08e6f33,2,pdmx-qmwiclvcpyhxubaemxk2xkycu7mrytiepqukdzgqofu5nz;pdmx-qmzntgsxdo78ynee6n9dmqfnxyygm1ajkjpjbgbdfu2hvz,0
1fdae92322e0ea2b18ec44afa80fbb1cfc50b0bf777056cbe1d41964afdb60db,2,pdmx-qmbk53mgakz3gcghqk3vxv27fx2a4lxhnkj7vsb3rwxftb;pdmx-qmvesbnmtsnnh5vthdjcdvogbnrenikb9rxeavchsgzzje,0
200e1e48084e26e88518d7cf59d22011b52014e80711dd19436693c4c05cbcfa,2,pdmx-qmqu3zcgyqwbz9otym3mscvpkugechggdht3m4kuq2vfry;pdmx-qmw6vhjssef1r2eex9levkrl3hcrmmwuexoc27peap9mcm,0
20290432b6f351b69c126adbadb621194534193a14f5e7e9e01a9fb9e4dbad2f,2,pdmx-qmtvdyiumrdurjbadmkdojcxuvtcslnpshqykhtudk6agv;pdmx-qmxvmrfgbhukyxc2sqvvejjbaxdupstzxuzn3lcqnxgpyw,0
2123cc829e93bfd56d2d4f6bd9df60c79b244b785e1f9b001e0b78c3a10dc948,2,pdmx-qmptzdrjrjqnnp1rzshq6ryfcazhfuvpcxder2mmzwqpde;pdmx-qmtxecszvugkerdvbq72kgfo6zfvceubaij8yq3eezicoj,0
21634cd2d0c7fbffc7cd8f1c309250085c46326bb5fd2b5dfe65e6ddb6674571,2,pdmx-qmdfokfbkdamka6sbt8blcg8tc95vwigz4xg11iu73gyhw;pdmx-qmpftxpy1ajbkxtdezahvqgaeprvb4pg7owgjsufprdqzx,0
2292f4a2ed278bbb7453832ec2a6bbfd73d3134fc6b9187d7bbfab76440dee84,2,pdmx-qmpcxanbnkbzaebxnatxuhwm2bw7wfuunadnl3dpz5wsmo;pdmx-qmwuztstspp3qpmrcnunknxemrb7qe7dkv4syvmawjtvuu,0
22c52914617fb728c9f437573c0d96a23ed05bfa557c4f85eca9323fc45bbafc,2,pdmx-qmf78nurrnvkoskcnpxafdxngmdstbyje5uqxrta65158l;pdmx-qmqr44c94mzbywoqfg4mrqtdjyj3mserjkq47whjsufvo4,0
237672cad94c840d48c44463f6a7537703893e6759330544129a70d3ee63bc23,2,pdmx-qmnbrwpyxwgd3sz4dcdwqw2mrzmpsagckjfvgwzatjhsmt;pdmx-qmv6nmo7ekgskmukvnbr2yquqajuszrt5gkn6ebuhjzujw,0
24586337057872b4578565e687fdca692c97a9d2184753f46f6c4ff7d7d6ed52,2,pdmx-qmrzej8vvdngsymvrnc5stch683ybthty34m4xjkrsghxm;pdmx-qmzhrzmbcufm9bvhfopbi9ye7qkzn3rxu9okf6klfajaz1,0
24754072a4ed0dfd01ba501200a356fce6228bcf3422deb77fd8f2ea5cabacb1,2,pdmx-qmflsfsdpvxhvturm6fvxcgcpugbnisairg1x3e6abahhb;pdmx-qmxnyiq19zvsvjjscdhh1yzshkf8zwbpdondkdusdqyhrq,0
24c7f4d9591a4152f41afd3689a57bb5dfd8135226cdc72d32dd515c6e12b8fe,2,pdmx-qmdm6vsz18xqzhikmfsvuhb8rprjzimxsvyprt7wevmj7b;pdmx-qms44yvars6jr8qkafkiny4qbg2uppgimrbx31x2clnexb,0
2537795c4fa6bde06c3ee5dcdfa784e80f6b30df43d5828601cf22c89d0ae687,2,pdmx-qmtapwfgurhp24fyxzgqjaksxsued9cuaxkxcmtv98xhyb;pdmx-qmz74egfebo9r3hl6f1ucxzdht1y5dgquktcjcykvkhn76,0
25491eaef3c851cf0eb12d4e46254b111e0a3beb92318be800bb57ade68dbcf4,2,pdmx-qmcr3wfzs4jmmg48cuylswjlgaz9hfhvw6yqng6azzah2c;pdmx-qmw24sdbjqkyobfd8addpdpmscpihs4bfbe3esvhtwkesg,0
255f142f63d8d28b270b85fde61e78e921f9b21a9452f639bd71d7b8b605c6b6,2,pdmx-qmrc1naor5zx57ejer9spar3ncmrpncxjcngqkqvn2n9ub;pdmx-qmyvg2jzmcbxvkvjunthbyyn2cq2n9zmlqvnb4agc6dq6k,0
25828f3062b8af64219f6cc9dd161bebc4e7b098b2c54c66e5b6e0a36f06c3a0,2,pdmx-qmvcngufau6kw2pmpuypumuyk4rgeuzdbpfxfjpqbvrjgy;pdmx-qmzopsu84goopzzqxq9ujkzdjtjwxg1hoftkd12pcouomj,0
25a70383c37bdfa5f5189e95ac56866b157e924789f96c22aa766f13d28a92dd,2,pdmx-qmeqn9wtga6wkpjf4mh3hsye3vbsdwb63z6jtwrm6igghw;pdmx-qmzcdhvx5et5uhhp2h3ubaczcyadhmdpglqwoo1due7kjo,0
25c769c5266b525922a821e8b56c388e6238e7cc3972479fc6a4f00d1fc3c0b2,2,pdmx-qmsiauwuuwzsuguxckyvn2gtrhmmjn7hrk36qqqcfypn1c;pdmx-qmw58zm9sweda66uskcntmvj1kfumajfawyw55nv6rj7cu,0
2621146f8ad01dcdabf049ef5199971f902b79c624b62263b920ca87ba3b85b5,2,pdmx-qmasfe9rxy7bvbzmpjh58m3xedlvajzafxpktlvustllvb;pdmx-qmbrte451976kg3dxhg4qkgkjhb3munv3twqrsgu1scyty,0
26273154bd829016fd424a617ff6117caeaebaaaa32d98cd5ef59fd0cef8f477,2,pdmx-qmvwexzhtmptsnmlx32f7bruzpik7a5qq9vcygf7urp3ye;pdmx-qmxnvd77ivvyywhc2afywtc5ucimm1wa2upvzquv55bmsx,0
26af1d82733bde8a6cabb927980074ed645ae309b0f0be59dc32133d86aca0bb,2,pdmx-qmaabmncg97kvg1wjxlkrnn5s5hcam8fdyspiemfrtricr;pdmx-qmas5nzxxdcztm5frnnfiemh9fbqwubgn4zkezt6jecbsf,0
2717a7b75806ad0ba69fab0995662b2b6e7e376d856ea73e26c16b5c83f34d6c,2,pdmx-qmvbmcwrj8hvpjbpgsnwcq7fjr3ymyrdcdm1qx6umg9q9s;pdmx-qmxua3jpxhmrvb3hfhux8wbbeey4vvj1vavwvankmaemrc,0
272da4fd0c93fd48d5726484f5c8fb87c3fccb1ebc92818bc76026c90c4369a7,2,pdmx-qmar5axbdwnrl7vchfdtqqo1ccaov8xhspf1k1yctglagx;pdmx-qmxav4npxd21ff1v23k2i3vcuyfupv8p4rhzwwycly9gv5,0
274702624a0a0ebc62f311067c2176553f0a178f9a9f8f383dc32bf9c84bf5d3,2,pdmx-qmfyydkxnw8vzhtfn176gdtgykpawzeqxuzazqg4sufnme;pdmx-qmuuhzrefmukifwgyhckgqyayru2ffcu8edzwwam8hhcx1,0
2797add73f03b31e1bdb06a54baa7917465ff7f77674aaa91bc361a6bf52b84e,2,pdmx-qmfgghce1bodrcw2tfzv1pg6ceudrf5wldmjwvhchrzg2q;pdmx-qmscerrj89la2nm3fcthfurvur3p3yrevb4i6tp9nevzr5,0
27cc52c1780d9cef009321220fc79b34432d0067a49801cd1f4827e4485f31d5,2,pdmx-qmfwsizeeyart7rlyedya5zmwhmtylmfsdhzhgttcrrdae;pdmx-qmtljrmcyacs9qqsrc7j2rffddf4smbfjfsvyjrkbwytqe,0
28ae19b8bfd8a09e14d98822604b4545e510e68d53f4fe4f5069469436d1b4e7,2,pdmx-qmf866bxsehcvgynjutck3tj2tog7ptgit9wskc3f1uhnw;pdmx-qmubsreftvpj95jx2oewtfqtqjuwvq42jvdtspttwxgnnw,0
28fd5c448c4fd72ed563238d235dae9306625fc024de1e57476f28029358f223,2,pdmx-qmcjbcrdv8d3v978pbrog6lwdmjmazfseaahqr4q2awyu8;pdmx-qmvfyxyzn9jnn23eeaz1rcqjao93jx3pl4idjaxn9emakp,0
29b22e987263850996754fcbad2f1c41f51dc90a98faf241239ff4549fc6b7cb,2,pdmx-qmug2shjejj38vzkvter8t5sraxxy55hpng6psfsmbzmcu;pdmx-qmxnkxg3cmpgss41rlwk9pz6umntxqselftvhyfugz5nnw,0
29f89fdac21884a87a37a9cae254c6cdee3612bd02501e1ac73377ec940cb568,2,pdmx-qmrpwt6yd8whlhfuo8fjpw4jsy2mdnq7ltxgqwwdwwc491;pdmx-qmwkbepvthsg3cixca4fa1dvk4rcsg9xmyd1d8d8dqarke,0
2a42e75ecf5ff0b665f7195724a93d66193b106f4d08ce1f78e23c382068c32a,2,pdmx-qmdaznkr6bgbgfwbufgatuuoqrjqpsedqllkz25ici2nw5;pdmx-qmettwgkaw887bbdq1smucuyumsyzjvvz8tyvnhfvb4loo,0
2a79ae1d66e3599f0674d03ad965918c48fd3e59245edc7ddd004929c8a6116d,2,pdmx-qmcyarvz4ttfkzaqjzv6tq9k4kkrskcvaq6jtn86fkdb2y;pdmx-qmwmiqukzzps2zf8jkrna8qfnfv2k4eiwwlrzze6wofst6,0
2a88868237dc9b6149f275e42e7421d9970095c40fa466134297d15ada65c9b3,2,pdmx-qmrygv16kdutykwjrqtuqk6v2xjcop8l276ga8at2jrmdh;pdmx-qmuf7mekwmk5uabhbjpnkxew37kfwbwgugblpdkuvl3mc6,0
2aa91dde8297e353eebeddc6d833c6b96bb00bd17a76913ed04c1f2c29fa3924,2,pdmx-qmbxcwh3cq8tzag43yhn1nhhmxrsmmjahlmjspb5ztavat;pdmx-qmphcsw6eqxfddga3hykq16dr8kwnxzla9anv4x1j3vtk1,0
2ab1549f45f10b20084312396ebb7bde906a1490f4a0a18c5f499718ccda2026,2,pdmx-qmaqjxhnaaljnyxha2tlrjybn9gqdctfcpedwgv4gter1f;pdmx-qmyesmmnvaxechnojr8yrlzfgxtjw4jtc44ay8pmr1xpnx,0
2ae04fada5dde0bc708aca050c2839eab1c620aa53ac40e143a1bb8be95aa305,2,pdmx-qmdujx53ikuqoupotbqeggmfr49vbeatxb7zvhcxedzrqz;pdmx-qmpchvgctcw1pmwenngmh8p5yowiimxjntfekajnes5ezf,0
2bf85c4dd8e4650e80512df042fab57698401b898cd2ca8bdc5883db2ffd6434,2,pdmx-qmptxz3zjlen8v33whyylqwxjufcntei6fqamrascbt4ur;pdmx-qmuh4a5d6iu7lu1khmj9oepapq6m1jmkne2dmd8rgnbmxd,0
2c61b567549f2fa6a8f704799f19f66d3de218fda9add3051009963312755cae,2,pdmx-qmvousynelgrcw4gcsndmhzw4bl8qvmx9rfyaybzldbdv9;pdmx-qmx5sxikhy1bgeddhcj1nptc8cah2vfxk6agrqu7kcnkiz,0
2c6acad0c4f36ed5041dbde6713f8f5d7363c63657922a421844ea53e8188732,2,pdmx-qmxvvr2hz9xe78tvcstbzwnbzawhnoyg1zfzjvayw168ej;pdmx-qmzqzvkcfkwu9xe9bezvmakxhizmzcuag68ws8un4mzglh,0
2cbd3a1382fe38ca1e6ee66cf131cc93ac4579dae53e5757e7e03355bc1f0e18,2,pdmx-qmdootvptxfqk7mc1x3iv353txk9gu598c49kacfacqfmz;pdmx-qmpern64yclvplzfjc6lxgbc7hrgukn34fcrtwdqwauyzh,0
2ce1dfbd9aba3f178594dcbead1c7905bb9ded2e41e10c20a5fc3364c42ad70c,2,pdmx-qmdae3immxhvyrekhy252qc7jtdju89qycvmghkubnfaq5;pdmx-qmxjworcpudddpwloj6ce9cvasmntrfhegzq2xlm84yygg,0
2d6448e172503dd8fd5af65dba95776bae6362948b88f26a46362e9908774b2d,2,pdmx-qmpfsqcckxrmgfkexwim77edqpqmcfjk2mkv9twogsyjcp;pdmx-qmq7z64dzxvcfipmv5ludybxtbnngqafntsn1zbf6uyspf,0
2dd514ddc5360d80f6626732be90c91b63b882e1951c5a4449241e47b4fd3a5c,2,pdmx-qmxfhzokbra8hwyxx7fykbs8n6ztch8ny7br3syrgty1p3;pdmx-qmy6d6mnihu9ld8kyzmginp7spt6gxlaxwk7y8qerkn5r1,0
2e0167da61faafb27fac99d6a3f8a850d5689faee5e45bb9661b521e29d0dc64,2,pdmx-qmxf4f5qpaadv48aqn4jct8zunqcgm1qsbgm3xqrigucm4;pdmx-qmxwjymupetrkzusmmv5asrlbxen3bttknqdvb5rcwmkvs,0
2e23d8ef79cf41f9159fd6496fe5c37e7d6555d00dfd46d82814a293dcf187ad,2,pdmx-qmandmoddj2kmbgf9cz21zb7h7gj5p48xtvaqtnj1bezwy;pdmx-qmydpw5j9g9cchdk3sg7yax7ygvvevmhhxjrlidqk8d8bz,0
2e7514b79356178818d0cd85325952193e157858217b3ffb45e56818ed746659,2,pdmx-qmr9wr6jvggjkdkwg74mhguof3gy2wwv8jifzyncnfbebn;pdmx-qmymwlxnweyjnkmujmmnxzialx1vmkywfbfkpjjewoe3pj,0
2f121bf78eee47b3e46aa7b6f96a0605c730bdbbdbf8911ecaa3051322638ecc,2,pdmx-qmc8h9nmqvts4eccncn4rqt6qbs9svskbxleyxbx8ihwvt;pdmx-qmtwgcrpgkqizgcmhztob5mb9prufubzppybbvigduvrtc,0
2fc268f3b03636cc95eefc82f465c0aa100a9915f2ff883f2ceccb9987217b1f,2,pdmx-qmu8sx57nxra1mgvr8kynd7vbf5xhpkbvyp8zunbamzkyh;pdmx-qmxtrjdn8iuwzmnwdzfcpgttkuq3caycciwjgw8tbs5ngi,0
3040f284a015ac42cb114ad28ea4d43286c135a45c1999f207777db783ffb5a9,2,pdmx-qmrsschgwvmntr2atwguq2qvjjvm7y31jxdffarulrsmld;pdmx-qmvmbmg9518c8y61hdkzkpt64eeggh1ylai6wm8kcwumyb,0
3046e82086682cba51936a1a436ede6d9f16fcb5f65b7b944ec630f4d7939143,2,pdmx-qmwyqudfiuy747uvafbsppxrr2qgdiw3wkktszj53xrjsx;pdmx-qmyvtredaudkjoojctdlettrdzt5jnfcbhhvkfzxvwarha,0
3055b78b119ec7ec5f38cf67e3d38076710e05af60e365c73cd69b574bd47b45,2,pdmx-qmd2yuo6tf3fppkd3zomjwayzqp47xg8ef7qncsyxnjhab;pdmx-qmy45ssgdegta9gehlpf2ijzyxezz6raz6scggxe9kkvkn,0
307545d1f08e4f1d581d2760283410a0a41fa0e4e27d8f65dfd4e305eb2e6816,2,pdmx-qmcf9n7mswndp4f6mv5usrvvihti4cpt7csrca6emrxyqh;pdmx-qmtpfdxmrrjprhxjr5o6gtvez73fwekurz4soai6auofba,0
308b027d192254036a40cf5adbed58d89e6d49ce808f74569b743cf4097125d8,2,pdmx-qmcsduj3misr5ag58exxwyldsvtjsutzgno5kcslkh6g3l;pdmx-qmdu8i7kf3eubfiesswt8srd4stj3j97af29wggmcvxkbr,0
31427116ea679577a460abe127e547c05b56072218ca8069e2a6869cf975b72a,2,pdmx-qmreu4aecheehqrafkqn51iqfgty13dewourve9hbcjl6f;pdmx-qmymgt6ezxweaau77uwnyaj1eiofbvvwwmtnhrxuncx678,0
315f40735c4e8bb2873536e0daa4d815b7fb0646934dbf4863170a412ec4cea0,2,pdmx-qmav5lia5baznz5xc72nuncc3rhepz4sfyxc5kwzzddgt7;pdmx-qmwsajbqfeepicg3seyinbwnfqydpn13vd4jymcaqrybdr,0
322d10c092cca465f8cffb6bebc68c59310e4534ab2541fac707100de161a393,2,pdmx-qmduxdzanwyrebypm93z1sksrs8mgoyxed7civbpqifss4;pdmx-qmwt6upbe2qlvurejnamnj5cnkrsuwmuw5bkfx54cfpzg5,0
337c7a40edc2cdfb4242de1a1c7f4de04ed53d0e5275d36b18ef41113fac3b0c,2,pdmx-qmfcfemzvbnm68hnkmfqqgkjlvsaccm6qhzx3dv8mobww3;pdmx-qmzsigw1x3mea2hnyckpiq8aeyvqpk8azhmvstfz1pvrz2,0
33b3026a45a406bd6e6ad876d4a84d8a0bb8105766625f71e604476db2ff3f3b,2,pdmx-qmq4lzhcszysq57r2zgzmhvfopadcdpdhzcqwmh99i2uqk;pdmx-qmqzkqrsn53mlaisza8wao7g5czqweafbhfczzhesxerfu,0
33ee4a5b682ddd88c088887deedc44a4c4c3147d67696ff37ad3febddfc032cb,2,pdmx-qmra1j15fcegkdibfyjrfctnnet7x4vmcjrscj67pt7sop;pdmx-qmtlyvyghdisqhq9s9z4syzeda8v5yjcjw1rrlmhfcg2c3,0
3491d8ceab0f3fad6a594ab1cf7d88848314a8c18893ead1550a86b04a9cb92c,2,pdmx-qma59vqnbkxbfemqsrmsvakpsrmla4vamydvpgibn8npai;pdmx-qmvvmgdmcfkztlajpwh4pgur3ax9f1w7hepcsikoigiisc,0
34bc3feebb6b51021d38da156ec48b287a022ad4967542fc7ed58c777c7c2e26,2,pdmx-qmqaffggoverjpfhabl4ca5poze9tvrmqcbzbdrlyezyft;pdmx-qmsoowi2kxgotapsxhmk46vidd3cizv541h7xcmbcie93c,0
34c61ca45ff32f8b4810c3846f2512dabc5fec5b5949676949366caa82894929,2,pdmx-qmajqamppi2zh5xuv1ezvgijjtfofm2xgyba13k3zxbux4;pdmx-qmwpteptpxfmph786jmh79nzc72rqoeym4ehk8gghbe5rw,0
3501412a520770b96df0d1650efda57c0930e790b3daf22912ae1259aa4b2aa7,2,pdmx-qmbr5sabtggsxiftsn5jopjtvm9nc6meifnfka4cr4fkuh;pdmx-qme7xzgtihketrh9879uu9tk1nfvtotgrvcvjpjbkvvynf,0
35ea966ea4c4eac49257a5f150fffb83bc39f652520bc1488ea1c09a5ac88ea0,2,pdmx-qmdvkmpxy1pvuntchzvxabp5fqsyfvizsrehscb9nnr14e;pdmx-qmx1jjwo1cgh3wpecaykxqcs6a6ghx7n6xdqpsfxcpj2dj,0
360762b6b0eb360e0a070af2d401ba6bbbe772f93e76fa45fdfd0872b130bcd1,2,pdmx-qmfbgytgyxr9hwjv32fndq96tn7bg8kzkbafqwcke9kvus;pdmx-qmnwmgheanjtyi2nw1h53qenfu86rhh7tuwdube7e5qtwt,0
360c1ab25d17faa2b6440989a3ae76b3fefd872304bd3b1f6d18f260a9512089,2,pdmx-qmek9fdkxmuzbm4vtpfq6l6zcgdnu1iwgxyuj8lgovbyb3;pdmx-qmxddtafkrxepeuy7k8t5f1chkra1mvkqe4jy2dgbgilqz,0
360ef20a9b2ebbc0b6ff048e06f5084e695fe629478c7a9e17e8222db6da9d52,2,pdmx-qmpexmvaewzpbyv2x3xpqhtfhdwmkqx3snfnx35qvjc6wr;pdmx-qmuurgkxlnjbqgmjev9ytz5r995vufh4sfk7cechdng9w2,0
365420b3e7cb4ea05d71fca6fba5c12383fa9138e9f5cddda975a0abe6b1dec0,2,pdmx-qmbohsr9rsgfjmcjapyaw518aop4sfqcof6ju4bhrdkdjt;pdmx-qmuzuoqcswpqx4fkmnykc8zjhj3cwdzcicszr6wyd5crnq,0
37ed61c3e47f3821bb50d209a0c7e64a87671f06f103601789ef77a5d1d392e0,2,pdmx-qmd4ntvtspdilbxqvhvpkv9mbw3qcdossrjru6awg641cn;pdmx-qmq1yv2zymukqyzkus5h5kdrbnofumrc9u9pcyktxahtxe,0
3800c2c979a5163baadd470a22cfd74a9d760029afda264443ad63bd41ed4cdb,2,pdmx-qma5qricsnqqsuzzijrq9f5ukepqhf1dpwfb4cggqtf3c9;pdmx-qmbbngxtsgjlnytqzqkcbsu3uyu8mgadqpnp9bxw4oqxry,0
388dfd12d505777027a6ded2aee2a0e056acb964509907428d836d51dc2a8b8f,2,pdmx-qmenfgguh4z2raduicbgdnprf2xuykvlwcvyphhfasnn6v;pdmx-qmpm5rgd8sb8ekzoco74tmrdzvmtd3wnrq3k1nztivkbsv,0
39e7f5c55ce7d5801bb75d5d5baccd7f9680332aa2b2bd5beeb05fd121d8e430,2,pdmx-qmdt2z2zeb4ihkxnsudyhpkygw4x3wksqw5ssavabb79wn;pdmx-qmurzy8j4kiyvqwxetcesno79nvcypckkbksy78blqdsrs,0
39f1e3b89211b1bb52face466835a2815a59f34539045378faaab79a6f1c256e,2,pdmx-qmdp97mnmhyrvgemnqrov6xchjrrgdia7v4pcjchahqxta;pdmx-qmwxahmgwqxurfpmpsjp573gf6yhr49uhsspdh1zy7krtp,0
39f47eaf91bd6bc5336850fd11ce6fb2d78970d42fd6ab3fd6e44b2c47a1c409,2,pdmx-qmuw8zxdyfujytmnqe7ynmwwum6eg8x7cpse6qg12emvc6;pdmx-qmy8zv4x8v2dhzrfvnimbswrxc2y4ev2ygp1lmmces44ey,0
3a2d87e4a373ec5166d1ce49818e3a246c6be5a994130f35fa9beaebeb91f484,2,pdmx-qmf1zdtabuaq1ushzm4qf25ee5a8xfz98da4wt2wlavttr;pdmx-qmqns53slxy7tpow3k3qz5csexf7mtu2udsz2tvw3kp9pf,0
3ab702a6d75ab03cfaf2ccab805329e6f32923567633335bf1d58b418e4b76c7,2,pdmx-qmpc7iytzvosn1ib5hxs41fs5wnu46msnvtgnkafu5gadq;pdmx-qmsd2wakzbgthdrsxslauybhswrpgmxd4e6fk1m6x5vnpk,0
3b0f37539a47c948b5a418e88c7e3a629bad5726d98cc9cfeb1994813e9e90f9,2,pdmx-qmqkpbkzapz6sbaver3s945rxis57hhewkfyxxr4ssgxz1;pdmx-qmwd2ag8p3ycnx14uh6cm2ycfct9gce78icupcnuxjmgyr,0
3b4e33a0fa7b32418aeaf9ac569d04f586805a94dcf8c0b0642af8f2d0b1c2ac,2,pdmx-qmrwpnjj2djmnuqm4uotq6kcdxujx48cab7zcb6hqa2zqk;pdmx-qmy5jhwonuq9kjxqtpz25zueiwmmbnebdxftpagtuhfy4b,0
3b6ed248b4ea0f99cbdd7506c886982612fd94d6481021a12cfe3e404d27b517,2,pdmx-qmcw7cgegwrfleivljtf1hje2njxhczevw4zdzycaxymcq;pdmx-qmwt59mjfbfkhdde3x655fubpwkcwbeyabr5nj3cbnvvki,0
3b7f1f5a4211e2f6b2ec17ae984d3f9d8b7d25c3d92776d93d6ba8925975d535,2,pdmx-qmferkl6oxhvqgrp1e3ltn1rfevvpyzpvrgk32f3eovyue;pdmx-qmpsvhdj74ug3qkcqgqn78wnnjnjwbadptgwymmswrk9k7,0
3b85427ca8614ce406ac9efdd20c3d121626126961b1c2726c2a3edfb4af8289,2,pdmx-qmyvn75zaksel5obpcctrf4qypoir3aplmischqjqtcmem;pdmx-qmyxfanrnr4jxwmpg5c7wzpmvw4eo68gepo6aaahyzjymg,0
3bb5adfb2d8dbbf59885e1c6ec0425d293860ac24e41b3072a59172aa74ab745,2,pdmx-qmdevznuga1vwfkjwjxeyw579qzh13bo9r4emexc8p5pgu;pdmx-qmp2ulfpcrpwqnz5ydycgnx4eikf27m6coywzrtkbqfkbo,0
3be019a3e1e4d090315c7d21f7376c7bb3b0abead61ce2087811c7b8b27597e6,2,pdmx-qmxp9z9xlhhbgrzfja7wvbyprqigahvf1a7lgqs8yg1gok;pdmx-qmyfsxbhhmdwnwuhrfuzznwwemelb3axsycuju3jly7bgv,0
3bf9854fab80c7af0b6dd4203129e19a1ed0dfb4f9f9f012af7646c82b2f8716,2,pdmx-qmcqjbyqvgmub6enhfv5pyaihbxoqc9warcd7jn9mi7rba;pdmx-qmpb1xbvlpkmrekul9znjql2lo7ehbbmugz8kffnswj9cx,0
3c02a1b1b7e6c92bdec4c1eb1f1bb61ed210d671a30508d98bb2edf21784dcd6,2,pdmx-qmvynp5mnoh9zmv3l5y7qrwe2qnszlqqy19iytbn7simo9;pdmx-qmxz1etm7jgaeucupycqcjtboyvkdw8mafd41xi2qvz8mh,0
3c06dfe05b5b500c4e57a81ccbb2b39705b6935b55fce7331471e31a5c936117,2,pdmx-qmcs4a3li3kgzeegw1dyp5wppdhjy2nap5d1bsgk4cposy;pdmx-qmxomkmwg8hagplhn5z6jxey8dc5p76mnu4yuxwzfbuvoh,0
3c48b1bfb55b37480ec1d6a65cf980c034efb59cff855e043c463739bdfe7f7d,2,pdmx-qmtfvgpjpgugwi1emtitvihq9ve8t4j5slpksrgfebzhcj;pdmx-qmuwuqh6vvmh6wgxwren43uugdocmfizeh4c4di3bzzjry,0
3cc00da8f402bca90d0f8fc46a3df1d534584383d03828e3b3332490d30b9757,2,pdmx-qmrn3e5owdfbpgcp9qgek7ws8yexdl5wlgnj677gfkbpf3;pdmx-qmukfwal6jos782gjndztk11ghkkeag8ona4gwxdr8jrst,0
3d3c1da741cb5dc965eba6194c19d0d45421fb6762ed1176f07b7145b8b59b3d,2,pdmx-qmabksnpd5h85wsloo6kwnuidr4nsqzgdxbacer9gzhjaa;pdmx-qmsjrdz6f3fx6tbqxrdg697zsj9huttu58czg7deuyfdnv,0
3d40a729687ebf4f70eee76b87084c95484d586630eae832ef9e01014c12ff6d,2,pdmx-qmqqwcyohagy6mngnrasuz1bbyofjdkxecpkcaktvjgafz;pdmx-qmrtf5brgvp14nae3d6mgsw5ptqq8gdaseb1tjsphdnrpx,0
3d60a68b573a193c01f4ea593828923e6b81a8d886a8d24a50aec8aafe1df346,2,pdmx-qmq3yfqosd8berr5twlyaqpc2htyb7391guohf3muesfgg;pdmx-qmucpdfbssmub9xynwmudu6gdcrbcv1odhhp2h8qcjkkmx,0
3dfd4b5b53e59861d78c4c976dfaeff84e9a8c6e92741daaf2c617362f524a61,2,pdmx-qmxtwthtftdmyvbmujghjtt34tan5lzzbvmdbijnjugkgv;pdmx-qmzhu9owhcevu3fqkywuekxnuajqm1weipddmtj12wamkf,0
3dffd6d55134b95520645e985b310103a81f78af954ef1743fddec2f7bf3be6b,2,pdmx-qmezlgmepmsxmskvbmrtggc5xvjmxu4anx74jp1q7qusmo;pdmx-qmx3omkuu2nm9dz99uesxfyxn6fs7bko13bca92f2mql44,0
3e2bd8e824dcb19fd008b3ee96bd23c0f3895d48038169700513ca0e9dba9b18,2,pdmx-qmukgtx8sqq4dycqj1exafbankmqny33kntrqfwgdt8prt;pdmx-qmvdh6ylwhzegig1wzoudxjwcpvuriczdy5tgtzgkcrgzq,0
3e3942d41609e2da9f98bded4743617f58e3db6e5f35d8f202cd637980c0e824,2,pdmx-qmubudtvg2qerzajjbzzpvhavemtng7sfysroftd5pjbz9;pdmx-qmwtwbn9vxjbaj5eqztqwz33zmi9ryxg6e6abdj8svpmet,0
3e655487375ec238a43fa18b966e3b7f6ef782319a4b20bce2b9ecded7a89540,2,pdmx-qmcpvgjgkdn62odesksy3fcdk733basucg4rjv5u1t5mo6;pdmx-qmt1nybcba2batkyyxqq5zy7skvmfe8anrsu8jpk8zli8u,0
3ef58f372f87f3f1d20c0958fee4542c9c2baa0ed42cc4ff03eb6e609ac0a10b,2,pdmx-qmvfuazgodnehwqn29yso7qcg8hx9se2ymvhpmdps3k3du;pdmx-qmztljkidrkgerhulqyakmwepha1dtwzqv6qrp6nvb7jzc,0
3f7582fce460b35d2cfba63493f1f2f741a219d46c2f54438fb4c12a5169d9cd,2,pdmx-qmajkdwbmmuamfyqfrg7sjwacqaksal95pwv4fspvlkpss;pdmx-qmca6n2crql9s2upbxvscs8omlb7jv4pypdj1afkhscfbz,0
3f97ca814e2265132645fbff407c851ecea67bdae32cab525a96be56ba998e06,2,pdmx-qmeb4meblkbjtgw5mfstxmmbjtgtdpczsj1meljhakn7jg;pdmx-qmsdclkcjvmg9eeq5mqiwagxckny9rhwedr9ip2rzq3u8h,0
4117ebbedb5dffe2cbd27ec3854bdeca744798c1dd92d52b46ad12228f54fd80,2,pdmx-qmpnvb5c7ebut9zms72zmwgu7qhv1gmwy2pxsffdbje19o;pdmx-qmwi31atejquhvjea31ahxhlhmned4yz5hthpqzfjxhp8n,0
4122498e0f79d3cd4808364e20d3b5dab079a4b474f423c95231844c0330aaab,2,pdmx-qmb8wt5xaastfahzc8hnd51wgamvsja6dgsda7p7jc2a38;pdmx-qmeeaymnrvwzqespembvubrl5wpgx5foghxrmhutk4d6qg,0
419d2ccefa53e569a17f4a00a3c9ed29f1bf03b6e7c8bdc51ec1d0a0a332aca9,2,pdmx-qmbecf77pwvr4jozhjd5ig1qqtbv8mimbyepfaxmy6sryg;pdmx-qmdotczzz63znifyhnmy1e2nyt8ykotp67836tfvsa7yyc,0
41d015ed6f580f599e56991064a15caa29ce788208e51c59da0ea5c790e08741,2,pdmx-qmcvswuuxh3ebzacctkaswfzrgfx9ng5brkbrsaujlifzu;pdmx-qmxdyb6faapzuvpjy6clmmqr9tp6kc1jfzym9wcsdn5qth,0
41ea38f71e86a9a126e19802bd1474e6e96ff456ffa7644041cbea14798f4a93,2,pdmx-qmsz6oybicjztjrmefzwm7cpjnasrprddenjaqvdrugr5l;pdmx-qmxjrpkszpmu5ex2wpw1p73mvsy1z2say356zrxdwxnxie,0
4207fe7f44b0bf8d579a9ed567874f356a34fe46120b09246f8221080d6d44b7,2,pdmx-qmrrwg6nhejpit4bhqfs9ctshsdt3y4revmdqvzfkvbauy;pdmx-qmwqmbrebxmqq8i1mj2j8ju13acxwefgy1385r4pudeert,0
4439ae488d610e0d42732930a31d0826a80b983559ccff9ae4b843dc6f649306,2,pdmx-qmdej465ebdxh2rgzcpgg3k754gfcu3mhiertpxoq62j3c;pdmx-qmymsbghgrgflmrxm358r8brkym1nohyv3tyuzk1mmuk36,0
4451cc8e53fb138f3646a5a28df09f1cdea911637ba676c8ae408d98c1b753ad,2,pdmx-qmnduaygbcisppwz5nm5dhdh7bddk5rujcv6azwkgmcy3n;pdmx-qmwzhcc7tjd337c5wty6oremlj6ekuwwfhwhkmepehaavy,0
44984990838db3e086f7b28bbdd3ef437c6a9d533b65854842d417fcc874aa1a,2,pdmx-qmdmnsfcddvm7kvtsbus61rmbrdhmtjnm1tweb5smmcnhg;pdmx-qmxx3y6tdrejbjw213yekbkgavz7tmvqzegplpcarknqhc,0
4553f58f37b92ee8d1b76f38bf18c702b5f1c4bfc85f361f59bdc6647f029d91,2,pdmx-qmt8o5jrcnytvcd3ecax5umcn8kia31fajyrgfqjfqn8sb;pdmx-qmucqdwkrflldtmcgqisbkvq1yfxa23x8fvtntcnq4jogg,0
4588fafa28f0ed4e1b92e03a9334e6138157320c15b8b2dd65bac46237defac7,2,pdmx-qmc5mxgy9bq539ckcsaergun7rq5ocjby68golvyeze1dv;pdmx-qmppxyh6qu4nvahekhrq99xviyw2wvqqojkmuai2nzbg8z,0
4641493371bc213bf487524b90441eaa5eff1ce4763c2391f2f203f6ceb51468,2,pdmx-qmbbqh1m69rkedcgfy4sbwzfkmi1s2wjzydzkejjmehgf4;pdmx-qmvbt2ynubjyjrjqpf6wqkw3mxescvewcxwubxzaxujjt5,0
4659fe28a641a4b92aa333b5b980b74221988719a06c116ad87e2aac833c0ae9,2,pdmx-qmbd1159atphb6nx2vaf8rnejk8hcyp61aunnwg1lvw9cg;pdmx-qmnav99u96qgkaczulltuqjewjqbw62pj3vobjv4tbbd32,0
46e7e7eec937dd2a74224399671a6a5779a26e0b0a9e18171f6a2b7cd632cae4,2,pdmx-qmql8g7nwtyabasz7dtgt5jyte3u4uu32cmtqzprsbjlp1;pdmx-qmy6mvwhqt9qxs6nkq3whkyza4nzj524jxaqvex2itbvi9,0
4730158a1f61fc9a39a34d99313eab096e4d41f30660ae0c60d0613bd9acc8e5,2,pdmx-qmw4b7rfjq2ptfdaev5ndqqdvuu1zg4gxdcxnevqfebgv5;pdmx-qmzj6mjbzxdgzx7q4wvxtrv9dr6nkymxyyjlsheatrsp6d,0
4775c86d6f4c0233f667bedf78289c6be6850992aceb630a840141bb36909f41,2,pdmx-qmeu9jwsgrvne4kgxi2ehn2qgtupdmqjjarrpjjfouwpmu;pdmx-qmvauuagsxckmamronuxiujl2btkeqkxrnjbyp5foh8rws,0
478009e4e849f4bf8ef55f6f7c391dd0a5392383254c5824da43847580d013a0,2,pdmx-qmshenh8ccyksaomqjsxypodzi2giuj7fxjnnzwgayn6hr;pdmx-qmtjnfx56gtzzvzkfe3ooqa31j6dw7lucqgpegrwomdzy6,0
48063437e15b738713954e433988e9f61d81d642e1aa9a227187ec18d2e0bc68,2,pdmx-qmapg6ts1w8sdvnjgxnf9ckj3qfjh3tknlsh4sqdztazxy;pdmx-qmdnbjtu6xiumzueukjhvtmeonugf8x5f9zpy8cyjvyamy,0
480836c644342f53c50bde52a220efd645873d9992f716ce462bc28ac37481d9,2,pdmx-qmntztf554fsn8wgzshp4z59silgnjupvc2bpzywmxng1x;pdmx-qmydujomkvx4rqsjz7p6f63mvqttmysiubtb91mu8fgyep,0
480f1b0b2031038e710ac8e2410615e2826a6ed23f1fb7814c43fb5174f13fba,2,pdmx-qmpznxjaqphx7apwbobxf9e16avqq39jukzngq5iex3fqj;pdmx-qmxkysny6442tb2btsvjbhsps7zwjtmvb2y37cughbsbyp,0
483e86fddc6b238c0997db838442b382c749e459cd0497dd97cd749e4d61f1d9,2,pdmx-qmtlahzlviqvazbm894enezch6hinye3awqnjhrhx37vzw;pdmx-qmz8fdkngje5mjlwbmx1zqszyyp6dorvccxpxjskr7qrbt,0
48cfa0f83350073332fd8520be7a85a83341de61721179cd95dff7bcf101956a,2,pdmx-qmdbxoq1fvd1pzz9mpt56pmtmasjsh5eilivhcidtvrrrq;pdmx-qmsuqv3qnq9ddpzktu8b7cozheqyblcp8ufbgtjpmbxzzj,0
493f5c93ecf9fcc92d0553ad58f8e1c449041a9e127e8717ce0f44ad3b52d90a,2,pdmx-qmdrglzeg95qmzz2c4erkecguses3t2et1svrngcmiwzbd;pdmx-qmf57lhaay1dtpakk43spuv3b2mjiexvvfuo1lz22hnnci,0
4945e4452a44c324b3afa55b29f62b8e912c4a3652c16384321d341fdeffa89c,2,pdmx-qmrt3bwfnjuxsnwa84jgz46tr5krdcbx83yyyw1vargfpc;pdmx-qmz5at6najwrtj8dffjsqugvljikqb9e4grvz4t8rys59a,0
4a51130d8ef55faedb30dc6a0c66d0e7eb87408f64aa1b8a710fc46d92f15dcc,2,pdmx-qmsdljfdhq145grhxxchrqztkugfeubm9yefncvm124hmm;pdmx-qmvoc5kz82mzdtuggrl63skskjlbv6lph4z5tjcfm1b5c5,0
4acf7822d3077ae4c0d373eaae5b7f18e3417f021ac9cabfb58cc9f9ffedbb0c,2,pdmx-qmeglzodhkrfncdzb9qbytyure1kwrweact5kx3pcxjarc;pdmx-qmqhsajqjyr1kf3ugetubjmj6tnt6vjj82o1d1nt5jsnwt,0
4b6129959e9d9ce2e9db8335bada25f0841aa42e12706b27ba3e82bdd530808b,2,pdmx-qmsnbn7kv2gim2hya8tdeeht7pzznjcxnjzmyvgfjptqe4;pdmx-qmywqmakbfvxspxomzll87kqgv6wv1mone5syewvsioqpd,0
4bfcfb405387064d31d5b4ab4c2640ac78258b8453a825ec836457b00f61ab72,2,pdmx-qmch88bbxu93c3jkqpmh1onvgx3kwljg1zbeirqn5qxtxr;pdmx-qmww7tycuychnmnjab7dszvqv5zwysnupszydt8ftvatan,0
4c109f3d4db7b3d81934006c8d1aa2ac7fbdb717d0709969ee09ccdebf7bac25,2,pdmx-qmrumyc9cbjva2av5je7ckphtbjd7sijnehmn45pg4t9oa;pdmx-qmw8gyuwbzkvgkddymzclqzjsry8pkjx4n3fyxuh2pgd3a,0
4c1c5851019ef99d7e2fc3e3458ead8975ddcf9636a650a7148275817aad8fc5,2,pdmx-qmts72ajnat1ikdfiqq25xhtdvqqx2mzsuesvbeyahchw2;pdmx-qmyvkjsdbgprkcbgtkgfqndsnauaxtnxvnuuthfc4hgpqt,0
4c700ddbb2e45ce0918b0ee0b0d389728bea8b25eb823792339d4c31ee24e438,2,pdmx-qmt1qz5fazqdyinnbxnxzdzyoqbf6rmnhazq64b7gyfhcx;pdmx-qmz8wvubjacknekaiwchadhtuexqyvzcizkkrrs2kcanqc,0
4c9c75654902d5dbf3b11e2aa37812a848ed8f035a751c7ebe4b0eef8044852a,2,pdmx-qmcrdjh1z7nzqutzwcjpynjuugxpmwy8mndw9gmp8b4ntb;pdmx-qmpb7rupis5arus24zyyet2iefwcjdrlvq4ejwrzpkrxnq,0
4cb7a4a40eda47c1d1d524bd721a5db7ea5078d23f82bb024b31fccd9501b372,2,pdmx-qmcbhptb191377kvldqjzyp1ywnrxffkcxgvtnvwcvpvto;pdmx-qmz8lxtxpp9cuppaq31p5x8oct3vgh1c8awf1ujtepjzar,0
4cc3aba236b51ed246f06dc77f196b8ff04b4d7a8c21234247de1aad3bfce874,2,pdmx-qmd7vqu1e6otlhcbqoumqkccsu1rfhfvxucsttv3ezeyh9;pdmx-qmnlqrenyodqeqskfmbc7hwm43skbmx2u1jcmjak63b7yj,0
4d53f2451fb700b5480fea9fc1573edf6e2bfb49503a1a2d17abe55d0ca573b3,2,pdmx-qmu3vbdzbekiw2cpfceewx9esosq9hvdg3c2pf4wdrgswd;pdmx-qmzutmvjlg1ceityhftjux1qvp9qo34djffk6r3ijuycp5,0
4d85127b6257050f0655055311b8b94c87b26e266fdd978e7cd1dc44c48b9be9,2,pdmx-qmqcxgvnrxk4utgijoqozxnl4yftkbgu3kmgdf9edk4fks;pdmx-qmxknskebmhdb4f5wfyusjssmwwaygf4n1ebgfvkjbuhm5,0
4f6e4534a1b15bdd05eeb749720d733e2aa8a82cad178886e41d3873a8acc102,2,pdmx-qms7gsfpvzlnlp2qkbqsar23mzxvcecvc6uxjex1pfajk2;pdmx-qmtjdhgr6mp8eglwd2usbwgscisqklcxnfbf9xkhsmfhcf,0
50462a1939f39951db8f60859ad58ec3b8d826629ecd4bb2d43549b2444e34e4,2,pdmx-qmqdsgzysibf6znczpkjvyuah8xecdxe2iwtmc9mxqjjzt;pdmx-qmzwxyeghsksjdxwdsudsbmifde1xpsxiezrmabf3caxvn,0
508f668331a25d6908942da328adffb60a0dd932fa9427275b55e020aadcc466,2,pdmx-qmp3u4d8qhcjn8xrnfumrf9tcwjfx4sng54cs5xa2fi6ms;pdmx-qmupwscvxmxvzdqkgtajdgs3ogjdghajv8ncdfxbeaziyt,0
50f83c26b16b8d40cebb3b6e6fe4aececc7948d9af61596464ea715c1095c010,2,pdmx-qmc1pghbnxig9ku4jwnpfl1dkjcg23fwqguqen7d6wg5ku;pdmx-qmzk4c8soqcquayouyygmxobp1kbptlxfrub53qs3z3tqk,0
510138a517e11cb91eefcac3f18e2128841d62b495a077ae6ae132b28756c16f,2,pdmx-qmwxohoqe4fjhpebzddef5hcwbznmbzdudpuawuomaneth;pdmx-qmynncgzdx816qapfv2sgmyxnn9herqugetg3hcjcezpeg,0
511a356e4a0c93c083d8861396160b5c09f82a738c49378b9f5fc90281b02b73,2,pdmx-qmaym5bynpmjolubr3jpdu4iaov2tuv7hw4jlgekgsbuhx;pdmx-qmqcj239gjqyzldcsq17xi4bwjkei8hjoxkzup2zkkdc8x,0
51c978348b041d9345c1448e013c897984833a8ae4473ab274238e52134077cd,2,pdmx-qmczumljchfgard4tmxb8zbmact6vuh5e4ttjxzm5u6xky;pdmx-qmxs7qezknlp7qzuq1svldwizyuxxaewfqfeopymueuzyx,0
5208c3ba0ec2e8d07d3648d238f622b641638dd8a8d22493f0c0c3b459ee3a31,2,pdmx-qmdvzvurzq8kbhvtnphkfoxqcxxbxs8mgupvymbdbdiuct;pdmx-qmnfanune8vjvlqaffflt7u8hfdsz8kh9h4ek5zjtmnysi,0
524906f97468734de4fff4fe02d792fc3df13af6625be3e84024fd80f418da43,2,pdmx-qmac9yywovkozjwkym9bmuptvezty6zfu492ahg6aoyvdq;pdmx-qmetwto1aoyhatlf1fa5e3m97bhyp3q3q7c2kfqopa3gwd,0
5259ccebfd018596b17fcbfb7ac30b4d423527cd5040ce7ef8fea210e17f7a72,2,pdmx-qmde7zhjpfxfsnbedmmrrryfx7sjdedgqjwrxjxe1e8mnb;pdmx-qmfsfhvycsw95fzwuznrvl7s4qqs8tqmss1ghirevb5fy9,0
52c3c4f730babb5ec1452a776c99ef0ee6165068f3a6dde4843ba4701aea349c,2,pdmx-qme854we7mybzicvqgn5mxwdlvxpexaaddn15qwgefqxaa;pdmx-qmslvaagx7k9c1knta74akmf8atdxtg5tlypd8u18ygkhr,0
52cd1c0b5872332caf5312109e9b1f03730d635eac6e3e909b7c0f9f16864af5,2,pdmx-qmc1qzmxwzeqqlkhrezj3c1tegurkwp6xq3651knyfsvyz;pdmx-qmtfpfqjatezzdz6ttyhf7tlurrhgmym5rq4gus3sgnutu,0
52e537da3b4bcad2a27c8c0cb94d05f541afc5926d62728f87c186851573d788,2,pdmx-qmbf6lmcu1gylr56retmsmdsfrbiqcqqabsrjoqevbtks6;pdmx-qmxawbuhzpbmmqkpqh8cpr8ftvuuwsyxdsrucwe9onbnhp,0
53571fb05991c9821b9cf959da450745559784f221a59e6d10ff12b251cde091,2,pdmx-qmusul4ahgdzepewy4bx1w36azs3awlbeked7xj5zasxqx;pdmx-qmxwjjpu3qjhcthtq9xzrdpxcuf16cswkw78zqmcrxehh5,0
53bf0aaa833bdede58435fd5316d7569858692acb0b3524a194569e748fb6dca,2,pdmx-qmserjxm6bb5butjaduxdntqy3p52us5caylzho57x4kmh;pdmx-qmxieuvjazgyhlaufm9f2pfsp3fdbydsycge9jgreczdnh,0
542daff51fa8c9343aee8f1e09e1ae0964b1b34ae13f6d96dec6adc2db7457ec,2,pdmx-qmadhst3rzd8hthvuqkyrzufgedhyl99jxpvdnrt7xgw2z;pdmx-qmyzq4bkxea1hyd1smucoaq4dseavzt9jewqmmvbdkbqg9,0
5457c94b995024b7836d206c31f5e573207b61ed93af6aa3d920dfe8a7f543d7,2,pdmx-qmd4uve3a91gcxmadp7gsq2z17rsdhmkb6bsvvvo81vf57;pdmx-qmuyoxecygkdcy12hq4pycpuxs9mhtqgeipjgf6qaarcga,0
54daad480c151a9f91911ca2053b2f2724b2b0104b731772c6ab0f6f903a0415,2,pdmx-qmr3szm7dgt5hzsqylknpcgwwpo3ukr116tbcwxsm8t7m7;pdmx-qmwvcma4b9fnheu9czzdbu8by7a2vcydhgbwfjc5ybwjvg,0
54f2eb76aef06397937e5af0bb23e83794b73aabc11f01280c76f0d7b8eb8072,2,pdmx-qmazjnzxtvu5cg33vgyyeuqu2fz5wuu7yijq2sbbh3vauw;pdmx-qmeqatcinayvc1dfwevwjtuqqfvcdnn4swtb7yxmnfjseg,0
55298d3cc35f432058ad899aae5e971bd281ff0aeb7f77f30f001f9ccf9509d3,2,pdmx-qmxms6qtbbbsqyfx92cetvl3za1nhhexm2xmmkykk5ksir;pdmx-qmxqkghd12mxpmuimhvbrsko6jej4txnhdm3ps8cmiqa4m,0
55ffb78011250244d141a22d1feb190adefb74724b067535101ff7223fc187ed,2,pdmx-qmqnyngfgmja34quv3xyv6s5javemj5macejp57tg4uoiy;pdmx-qmt35cz9zw1xn5bpwldprww2qsylhwtcpqx9v4w2rrigsi,0
56521e9f09dacc5322081588327daf345037730170df50ef56942f943a524879,2,pdmx-qmaqpgbkqf4hqp1eputwwzyesi5vcdn5nmnbj7fxpw4mgx;pdmx-qmte92guhij63jdeapsvxe5fueunw7kab2a8acoxhws6ag,0
56c2e91d13beb7089a9d64eccd55a4c87fa049ce659370a8e6b2c3d016eacf67,2,pdmx-qmvnfdyn1qissdmasttxpqmwzuv1iqmxdwi7mafbtyxpmg;pdmx-qmxvdklxkpynmyfvd3i5ffdjbq5whrfkkcv7xa9cl1gy48,0
56d1e3900c0c02fce4314329c3bc8f5c997f79772de6ee5d139a6e6ee8ec258a,2,pdmx-qme537xemmbhyrtgpeh3aikxnomnfiebggcdmngc4bwaz1;pdmx-qmvvnphg5dgiqfomr8dy5cpvwrjt1n7zardgogsfmz3vuf,0
5726ecfb8a5dbea9b6f73ca0b4d436e96e0bbdc93abcdb263201a5b55a9864f6,2,pdmx-qmp7wlz3tdjwn2fanaa7vf8pdyzae44tumyycx6qk1sxsv;pdmx-qmxnhv1inqdzj8t3scb8mtszsetwnpasnrajjkmrxoqqg4,0
5758a2fc71be37ae1cca161165afdde8d6806ea52e8d73e5ff6c3b62e88c3469,2,pdmx-qmna9qe63wjpygbrjk6sgnrbp7ftzeqnsemx7fjhjazavi;pdmx-qmrn3mskqkpppqsyk6rt6otgrrpq3dbbhz5cbpzfw2ze9o,0
5759af26b0420dd287943c1a10c34791b015f9d1272f6f594025380739e4c468,2,pdmx-qma3dqtla8zkrgwxd8ptsv1a2bwshtuxs1go97keaz6hxu;pdmx-qmed6tpr9rjnmhlmu2aqy4ycj7qydlzdr8ygmqmlerq44z,0
5818d576f3f3472f1debd5d16ebf17bd4da1efd562bf576728c6a0090ae60aec,2,pdmx-qmrcz3u6xra6xcpoqddfrbdeje1ay4fs1tfxzwmfqxxihc;pdmx-qmwj6qfxp3npy12g6wxssk8chgnbna8dhpbjybfywapste,0
58451d6b461b92088af719a04c5c6fc93745f8dfedb191a9f0f169789ac8440e,2,pdmx-qmwrxxssuyizebzraxn668ar1plevkw9dfrxg2bmd7mwed;pdmx-qmzeqhdmdwguer2ejlbzstk3pwldcucpdu921sntbw4dnu,0
58a9dd17227f43388d96ff21a9bbe65d432ef18418c34c25e77f6beb1a95acdb,2,pdmx-qmbafwd2kthgsufbqpxmthlnduen85zxije5h9n29cr9e9;pdmx-qmzjvpb2bdc3u2xw7fvfkwemylg1g4gwbgffpuxyd1boyb,0
58acfcf2a55fc614f5fbb4534adb101eaa0c2cb783019822316e93823558fa81,2,pdmx-qmwo8sn63j2wzmbfnwt2itwz9v6tvgaqypxpp7i3eeaamp;pdmx-qmxzie4wsc9urqyugh6xqpfptjbmgp6omkbwz9dlpymdwr,0
593511f20a0b58c7860b3103a0d654f45a76cc5c8659082de5840b35b1373fc1,2,pdmx-qmbkrw5z39b45dwmbrvytzetwjaihss7sflkyahys5sk7y;pdmx-qmzxt6k8xpfpvbx2aeylvlas4g7bzikm1c91cbpmqfrujc,0
5939ff4bd1a7a9acb181cd5003a220f536fa36fdad47a05e76d0fb7720fc8172,2,pdmx-qmyqyozsguawa7b52cigph8zroig4kvucce2hlpur7tkep;pdmx-qmzkc9t9yuk5ccckjs3v8hvplst7xrpo2rnfhnxju4szja,0
594c9a917de13a25b6ae57343ff6bf2891f87249575356821ac37b6c0536aaae,2,pdmx-qmauvwdcqd9dk513jhhuazsb7jsuyu1imuf3it2cqv7wqc;pdmx-qmwtujtmqwxwr8npobchmkyulxmwj7ktbbsfq4xenjczhm,0
595030f7eb2689241a05d4086e53392478bd653ea0865fd748677ab1a400184f,2,pdmx-qmqttyuhmqjhotuhfw63sr9epvoxsqbza3okkvgdtzk5gz;pdmx-qmznieu8hf4ke6tcm5yrb8uzwgd4j9io7n8wod7hqbzzuz,0
59d871ad04e336c5b0a3713ad05b945460c03653a1a6fbec433971f12c98c9f0,2,pdmx-qmnyeckxktq8qfnse1pkgffljuttafy6hnogj4p4feutov;pdmx-qmsx2myf44ymgpb56ejkrvyru136ay2ar2td3gy6qgwq66,0
5a32db94950ccfb6231cb18bf9eb707e3f977762e7564e2681ce16658f97ab1c,2,pdmx-qmecfxtammneupvlz6qp9ldg88vngvkkkxvfk4otpifc9m;pdmx-qmwyit69ptrcdrjdpb3poo8f7zzh82sequ8bqsbprr7cvq,0
5a8f02d0862615509ea070551a1ecf263d391ac426f3d3fad742d3baf15ba6e1,2,pdmx-qmayxqsaavesp2phszmusvhfdwujlhgkkwykaucprjr61c;pdmx-qmt3i3ynhz47d5xmqlzucoltxzyjrwrysxtctdjn2sccb2,0
5aa9c7d9fc54ca0bde1c952896de7022852236a9d8ad8b83d9474ce728697bdd,2,pdmx-qmq6ksdpzgwtp8ouoatmrewgj32crwc5hyiaczan9bn2df;pdmx-qmv2nrd2gvtjuhjr7khzmmjpusyvsskpozycckr5mda8gf,0
5adc943c13f5e335c4af70903d540d76b472e5e9837e58d5ba760db747aa2242,2,pdmx-qmdaxxcttpvzdga76rwaasqywc1fqtjnahdlxpxb1whv6u;pdmx-qmqpcy4x5smzg2e9quwxtealrhh1dspo5r31pq8jtcdomv,0
5b050494eb1e49f77817ef72f97073f2be47033db0e3523f6981eb2b165f33ee,2,pdmx-qmt46zgxmhru95thba6ziohcpgbsxmhknpgnadyjchd9g9;pdmx-qmw9zfrzabtnag3b5nrmjvywwynff4uv2ksh7ffcu6jnug,0
5b540fdc142df9a0a8c13ef349155a07f3e811e828d6d0f6a066ca0ccf27421b,2,pdmx-qmbsq3fkr3j8u9ibybprjkvm3ph8xwk18uyppgh9uhqiwc;pdmx-qmqkjjsbhutrg94nkmkc7k56lywxhxjpikhqukev6jsgym,0
5c4e5d4b86882a3a23a46b1ca6c539f342654e982fbc62362b9e5ba431c24dea,2,pdmx-qmwyszv1thxwmhoyhqr16qhtztxtxrhqxknix68mfyae5t;pdmx-qmz4t2zpoyxrmdu64dtvv9ztymhhbb41ybsbi1n6n8bbco,0
5c6055cd62318539355ccf2db0b2aef45ce18c80fda6f5ad48cf6ec536b30d2c,2,pdmx-qmrjxmqqubvdbw2t2bnqo8cahltspwjsbzbeiyvnswrvlg;pdmx-qmupmpc4qqmof9uzpqnhqkrkyuemzk2vy9pkmnpnhb5qud,0
5c7a382da7ac2f4f37ef9d32184e98c04a1d5fbfdd3a9f2c7d3e020918c2f3ee,2,pdmx-qmvkgjlcnwxrxredmjmnbeia3qkd1hykuespajkj2jyugq;pdmx-qmympw8qjhhj42kshhdmk4w6jclesyejsyx7acfjnaunjo,0
5d8ee7367d15bb502874826cd0168e0cbdbc07b6b2bf0625ee76afed68fd2f04,2,pdmx-qmegq667ck8x2wwkvczqwahbcbnabre1nuljbna1gb8xgm;pdmx-qmsta3ssk81ujtn6nxpcbdzbrjqevzlshkxfdw4agr2sms,0
5e0ca79e592ca94847d80d1e231e3a27e5604aa2a2fcfc44bba9a4d7fdeb55fb,2,pdmx-qmntwdd6t6uqkqs6v1mexp98gyqn8qflgukfzhyy3znh8g;pdmx-qmrqchpr6jlcrapf1s6jqcy97gjzup4zvgshj2asbkr2ui,0
5e58af06931c7bea1211cc0a9e31e90ef3a939b0e78eed0e69b9ef21764262c8,2,pdmx-qmaf9crumeozkcp4fmxuymfonqkku9luhubqokw5mpn66w;pdmx-qmr7tqxpgqcjlp1hkkljzjxt4jbozl319uozt7mkvmmi5d,0
5e5adff2019ec06362addd09ec19cb071cfff0fc58136b8383926585dcab3dce,2,pdmx-qmdnwrmmqpraer7zrryalerxdkcdryk3lfyowu2uoontm3;pdmx-qmeuxxidv6fvnponvakyfeosmz3uahawcwtyhwrpyvpckz,0
5ea1086ce4cc180e78e823bcdca0cc95ecd0b06f6562bced1b52be5a0741d355,2,pdmx-qmqyx14wbsvwsht1zejk1pttz3vustkdgr5tuicnpkr93d;pdmx-qmxwbdjm8orzn4txvytanacom1hi2tdfkuzzayfui2srrh,0
5ed7cb2b34094c51c38fa2a732972581102af91131561039b2c48cd78dc244d1,2,pdmx-qmaxciyjjfqezngb33wxvvmybzf3ffmvdq8puspsfjfzeq;pdmx-qmy4mgl5hyieilnifve65mxkduphwxuv6yep9fkdnujaqa,0
5ee5bc3d8148400c1ccd35dc8ccf4a79eb363265a947ea115bd50c07644baa6c,2,pdmx-qmrfvvgxqgxqpkwutjphtkzpe8mkimyf9roumjbfvrfnjb;pdmx-qmrhdjacs3wefuh2mz1dnqwyyys7s7d5qjnkma816vk2xc,0
5eea2daafdf1a180ae37df6fdc4e6c0775f450f1ba7af33888ab811da44c97ab,2,pdmx-qmak8cknupbsyigsy7swtmedex4zf6hvuphi6ewkgetgim;pdmx-qmcpnvgwzgkmazafkzwmvuc1vcthdxgdj42l9nvqnxk9tm,0
5f0e9e2c69cf05c0df7bb13ed9a33aa418ba18cb7814a8704b345b4d4db559ed,2,pdmx-qmbyaifrgkbyarnfw4q3dkwxctvqvgbdt7urq6hhyvjr2r;pdmx-qmwxc7yj3ng9huhz1qenthrdscdgseces3fmtfrsmgcelr,0
5f102a64774428cce8039512d98e7933a6b55a246c93c0fdc297c8284b453344,2,pdmx-qmf5jf7qc41ect3hzuv2ziiffofjvf5c7b5xccek21hvms;pdmx-qmzy4ks5gkqbggwt2jpzjmht9cqgshva21awv65gokdtxq,0
5fab47fc799e0a6fa14a7968864ce3706164b4e01c7794a39bdd424c807c13b6,2,pdmx-qmt3ihuu8nrri51ww7muhmsuasteqyecpe2hlzgs18ubgx;pdmx-qmybb8zds3nwte49pm4ijkcxbqttbpfyxvp9ukt53cbw4q,0
603864e9e66ba4a432fc9a59cfe5254f5b2f67d232a8278124abf0ef1be9e466,2,pdmx-qmaxybvduy6t2ag4ur9bdlffk4btlcpaibcsdzegoaasiv;pdmx-qms2j6gozlydaw5d6rswxgnttacqszkgt96bxyujn12ot3,0
611e7fee91522557f24aeb729da4f0d0aeaa61026a4fa967c3a035928a13006e,2,pdmx-qmbidurkjf5akm5elyjfsbynmcye1ezeauuvusnbtvft2i;pdmx-qmwnhhsf1ztzrfcuf662rvz3n2pg5ud9srkrayrzvzwujs,0
615e6cb89f38f680ba7d5770bddd1aa0ae075e6e344453b74606ec3a12132492,2,pdmx-qmfndchzhmj8y9fju36lvqhu3bpjpajatkc6jxyw5dfh6w;pdmx-qmypdfuyw2tjbjohavggrnzclnfyh49xh2wgwtd14bszrn,0
61b47c70d743ecfed0ba08a6b1dc0f033af520bcf9e2ed370d9392f2b0572b50,2,pdmx-qmfconjlzu5npn4awovphqgyna9uzu9pzzpzknmxq5yiik;pdmx-qmumdnebnztubxtxhoxvgri5bxqfszgdabukhewh5fklvf,0
61b72ef6f1e3f6430a0e93f864bde9111d00dc881350dfb1e83835735381b50e,2,pdmx-qmq5pp6c26c2jthphcbeutqsngy99vqcu7jjdqeizga68i;pdmx-qmtdabh9nwtmyxagt6mpvdrx4vjwrzc2goi5xoutf9uubr,0
61e4af4c4215d33df91ba8beb6a5345be53e74a6065359c5d6b4da2367b4e73c,2,pdmx-qmwwc89gucwhdb5vvvdkvpk1xjthzc6ombasrdsdccfu2t;pdmx-qmzwjmq3lgdttgfeknxqhrhzfwdcfjudpyyqhjzsw8rhwv,0
623fba0b76dfea17014c88024dd01dabbdcc278a457ae77d0a8f090314723669,2,pdmx-qmntrq9rvkxtjiglzuri2ta7xwp8sumtpsjmpqn51mcvmx;pdmx-qmwbtmf75th9rmfwvnftuiurbyjryt582v2ghbbprx9umx,0
626c045950b9e5366d559c583c40c3afba998973164335d9265ec12e5f528d12,2,pdmx-qmuzg8fpvt7tt9zggzrkhxqf2v7zz56ljsuwhgwp7zjb9b;pdmx-qmwtlkdn52qdxrblfc2afh5bjh76daj15yjl1ncinhgnmc,0
62d528332a50b925831d427977b4ee3f3cb817846286f3692dd15f77569dc9a1,2,pdmx-qmbwzacyqwmkrjesrmrnfaa6qjrcitt7fpvc5acfggmvzu;pdmx-qmqqsdgjf5inia45haftklwwunmkibw3mtf77ku5nscdej,0
63c174af049d7c46441e8ad95add36e312ec7a26232b927ec7f08f9cbb58f4fc,2,pdmx-qmewqy8cmfufrdnqslhnmz6qmyszkhdhuyqsgctgrgdopo;pdmx-qmwxqlrqozkyjpk1ndqcfmajqziz2ckq1jso2clrkhpkwp,0
63f352220f3ed9057aa0ae76feb81a6bc805079dcf27e6d460abfa4f95b64a6f,2,pdmx-qmc6t2gj9n5nw3fgygsbjg8xgccffjugijepfgtfrrdgck;pdmx-qmr2iyjrzppuhn2c7prlgnw3zvpmtrwescjkeyrokcd6mf,0
63fc30b84415b122483d3fe9c1b0138714acee3819adb0a8f5f828a7bbcc563d,2,pdmx-qmehwzesp6vxzvb6fm8xpb5cixyefjotujrhprunbsyxxm;pdmx-qmz53s7qgn2cg7ktnaxkrfhsasgyp4pzgvfntmnv5elrzn,0
646dd4754731531a746dacdcdfaaefde5395c13c8658a77d00f0c197a3606c39,2,pdmx-qmuskyndshyk8iykeo1c7ngx9s5qjmnzf1jpagyvatdkxp;pdmx-qmxbfqhgbw2vqpr2tx1kaq4qtdm2hwtv5tb9oumek2kusj,0
64714b1cf20d216c83cef0599ee63cef9986fc0cad30e119fe0eb33df526c116,2,pdmx-qmerxixbyncfjxfhcadvxhps8mvvsc3jftftjfr79xvare;pdmx-qmr7dqp99tjq61r5973b2argu4ivpvlii1zdmck7oy3tz8,0
64a99d1b52bf9cab97396bb233508532be34965dc38b7ee014e78bb4493e7d72,2,pdmx-qmetiaodpxcbpvimtcnu56gsttbx24qpxjmt6wq8xgsjtx;pdmx-qmyzfffirvfkkkp9db7xfubdnxgivf871vlx797nuzp9d5,0
654eda7965d98e852b06f6e0bdf075c11b43af2d929c76f59616f661d438cd4c,2,pdmx-qmxdeg9tsxwzmxv99dk9vkdapjklgqiqvjhksybltfl33c;pdmx-qmzaxqzs6vqnyxeefpa9mtg9dvthcbxqxpgc2mj2mc3z3y,0
6576e59ca1c5661a4620b565460354592ad245c842484e9fb3c712834eae97d1,2,pdmx-qmvwluprdpg9tsfef2ppbnikm5ygwmqpehmb1ewdjspzbm;pdmx-qmxcakqzeqdsg4pvaajhmaddpqvzas1echdwzmm67gkm6l,0
6577e827a8e20815d2c8b22e7d34f9d8fbebda51da9324743ea7ae3e56261de3,2,pdmx-qms4tojovkheesbesnx3ey75jstcxudpbhx1gfdyy2ujqv;pdmx-qmttqwjuff9bi2qsohrrsxc5exnw7jquj8nspzjhswpsk7,0
657801e4d63adec80b3cec702b89300f67a168ca81aa84fab127d24b8d766044,2,pdmx-qmwvnjupeyeeyfdn6ijl6bo25e47rahzybx7cd6ax89tmt;pdmx-qmzxvgsxtdsendqkfuiisfnkwb4mhggzotdczokenxokbr,0
65f4f51d4ae57a32b3945835c4665d5e7eec4f48376fbe6de62a95f8fe3322b0,2,pdmx-qmtrsfhscj6aaujy7xeaqjdfeewuywh762ezfmdmascfeq;pdmx-qmuzqaydxncws8tgp42j6due7xnqqorh2eujrmy9tj2552,0
66dc7588f7cc4d14714a13ee0a939dc6976982285efa6d7fbbe0138fc98d5467,2,pdmx-qmtyhkyhyomkxaewtwuqumt8exmv4bkfgeus5qpecmhpow;pdmx-qmvtev7lrslvf31mt9krppxq48ujzqmqksipvfhmbytzoi,0
675ba4fe78ba83ecdc11613c11d19d3ec40f02022b2747026ad9335495844e22,2,pdmx-qmcqtkvatvc7q6pbfmuabspr6kijcx3kjomiatxgdurrfu;pdmx-qmcwcbrzbxjh1wtawnycejtiwcvmmdzvdqgzgtxenydjx4,0
677ec3f331869c418c01ec590058460a6bd7e1220f837739c6fcba595651dacc,2,pdmx-qmdjynelq3ascg6c1c4waxk4se6uzws9pxujedwaucimk1;pdmx-qmeg2by3b3zgz7sq2zojrh3yycwckp8sncjliqcikmhnsn,0
6780abca375c8b09d1ac00ad508bf14a9b98f7fd5ae8ae083da3791ad3010a21,2,pdmx-qmpfnzbj3jyvwwzmjbdne2ahbbjf6d2gcr4qv8w6veyvhm;pdmx-qmtreuokoutfxxpqkxdkecufssk3a8xagbncff6nadgn9h,0
6850003a1b82ed73506c678d183117ecd8ac449531821fe79dd9e38d32793010,2,pdmx-qmae3icyf4b8rg5qzudtvlvbkszfkzhjzyaxnjuf5muwnv;pdmx-qmvax41cahhtfcwqwjuzipksfh2skktfybmz2srx1rmzjg,0
68f1cb822085f62430650ece323d1bc6584adc0a34acb0ab6668b8b559b372b7,2,pdmx-qmetzc8ergwdmsqg9h5va82nnemxywrxlqwa9mo8lfdsoe;pdmx-qmqg2kprkqweudkfnhdziojz2a4chkxvgffcwxcx5vj5du,0
69398a01c48ad46b3bbbf3f0bc5cdc7d35abbea39ef7292799f617e6b2cd8e0c,2,pdmx-qmrjeim8pckid9ztyf26mqk8ylzmgfvde6vqyfc3575dv2;pdmx-qmspunughcqolxppsskxam9otkj3vy7zi5lncfw59bg2kt,0
6969eea26ae352afb601d0c740023a4bad6ffd987d63e52c61db78d31ab9ef50,2,pdmx-qmbkjblxber2qzuyquucnbc9t7ypxihhmayzcmgn2tju3t;pdmx-qmpgkypep6tbfbykmtx32kkrymdxsrnwvvpumkehodf41y,0
69b4d4c233f40e11834677df399e8b46d1b6fd52bb4f4deb4a8eb3773be0b94d,2,pdmx-qmdm9sf5pen1p6z8rdfbqtwytkbqykfl5e9pva4guy6wx2;pdmx-qmwkfskfsknimt3fh5xejrlwacsda8fj26xrpbz8lx1b7m,0
69e1afc6be1c59ee8cf5d3e91269b505cc677a8b6adee19e09b47dac67093e2b,2,pdmx-qmeatsvvf82gqazw4b47tfaafqfwjibawjnefke6ifcdm8;pdmx-qmxbvn369wzrsjj9slnh3gus7bcige2cbzdnxetplqpv8x,0
6a1be7a2ff5e7d0f0d4a68c0662ff5c6c9e77486e4248e7d295ab697e6765e26,2,pdmx-qmrq3eoq759z6amk6ujxun1gs1avazfphuyayngxjgsmpd;pdmx-qmsvbxo1h6pvkvk7t39msjzvekokaqeethh9yobvaigowx,0
6a8b822b20de1f43a2fb77b2edf86cce5272948c57b4743e5fa7171031baae04,2,pdmx-qmed8dcnj8dzntb9t9lzjuvugrnaqbjbtgyealxrwxqf66;pdmx-qmzvn3xuvqkatj2jphkrhauj2vhxztibtkx5evbbr5gdoc,0
6aa1b76f9469536d1545eb7104b475c2386542a53ade28e7ac3662458252b0fa,2,pdmx-qmqywinfawvepbrsnlxrtrxn8hgycpjw7yedzearzdrkvb;pdmx-qmydia4nnypqeaidbqcmmpxfxlkgd7ylvxpuztdjdfadoz,0
6af4e986f925b5a21108b74fef86fd63dcadc20aa8384137115b44a4a28437da,2,pdmx-qmduh17uwkgy6h7zpixpmcbrrcszzbxjwevvjgi3ggaq4s;pdmx-qmyea7kjf2jahncvkhsepatidm1raq365cpidlwuh4hqkx,0
6aff91e9ee5c390576324a49c0f79ba149297e22e0f0eaa27fa0a5bfe4956efd,2,pdmx-qmbakx2dfb98dyyv3mkjqv5cxtttjabwefurzcwrhmvdjk;pdmx-qmdygtvavjikghj9yhnk1hurypnkyjatymjhvnvy8t6mqy,0
6b9b73c083b73c2b31ff9b2ee76c5bb8990593c8166d2fef0e7c60a780560ac0,2,pdmx-qmdqlvghc4p9azjjsvesqx5mxrggbq2gzjyujbwu5r9yt7;pdmx-qmuwbvtfqwkjxsry4vnaywv39xsd63qthvqx7zrkbadcqr,0
6bde12f47ee8aa38cdedec90bf9c33e30df761948280ad1877f2bab128eb400c,2,pdmx-qmttu9otvhtfgc83fhs6hwhpupkdjbfzdndkooxzcuns3g;pdmx-qmyrg3gdxpavzqbnjdjka7uzgffsdbbsobrdaawf1phhts,0
6c2f5df97f09274fc5cf711440a26d597167efb00bc3abf8db650c7ed24914b3,2,pdmx-qmdvsxef5dflpjtueo45v3z3unx2knjltoda8qhfzoowzc;pdmx-qmym8co5pcmbmxhdn8hjm1tq43nwub6p1mxqpwffgtfnxm,0
6c62ce2b7cef17d68a14be4f5f6ec492ad5f013ac4022056a6bac0533554d086,2,pdmx-qmuo3ryujinzang5a8gwvceddb7t8cgzgfeejf8ls1cfxx;pdmx-qmyjaukszmk58uqsoerprbog7enu57jxlxn2qqkecutm2u,0
6c6b73a70e950f31ab1ada2b49fd471c842ef45d025fafe68ec3572bed1a8fb4,2,pdmx-qmdmgnspbtrwbzcdg3ffezgp3dpyabxtbkwluhggxcsvbx;pdmx-qmzdrvsyjlxm9wfuym7kvx1a6uneruzlex3gxd3hntukze,0
6c7f3f71497a0f5f9aebd00f926c1347f6e010309a0c3d21aaed5f3af18aaeec,2,pdmx-qmxzg8gxrvnpp6alhjf4bnsyfdafu7iedjdjrim4b5vqct;pdmx-qmz8mim2ipttef7n8dqtiy1l6w4whagusjw821drdhe6ts,0
6da7facc68751a585855b5bb402ceabb59daa768156a3df17ab7d7efcd05ed74,2,pdmx-qmpxpr3ffpzwoe7dvwrgfhhggssjbmryhmnuoyfalkh6nl;pdmx-qmu4vavb5x3ydzqrf4yypukxjcvaf9d3lu3adu4qeaafjk,0
6dad5212ede7566b802a657420ff9c9a46d143ae897b046982766a7f6129d2de,2,pdmx-qmcniwkg6u9fdffyi7r82awuadqdd9mn6wnagb2fcpqziw;pdmx-qmvlg6zjh17huoda3b7xforpgpq4ko6d6wfz9jvqphjjxk,0
6db2fa52a747eb12f10b56210423ccf57044358f1a771ce8f5122675486d997b,2,pdmx-qmaxwwrw4qhpbkwesrwwbspyz6rr3sbrckfvkupkos7kwr;pdmx-qmyb59lbrjlecjpfudjffhyb3eve6qcacnqaqrmvr8gija,0
6e13554119810e8d59ed1b2ddff9a556ba821584faf86b00d40bc16c0aa65821,2,pdmx-qmt6c4kl4ewdceezyjuhjtbjpbzjjydpvizlvt7jpqs8m4;pdmx-qmzbewljbzagrpktijg9tr63ydtcqkgjapv8lc8iqw5fts,0
6e1486e5178abff1a3ad97f853f915e9b769f0d20d147e7769e9a5c19c66602a,2,pdmx-qmdxa3p7xjqyqy4tj7bee94es1jwypyh88hmqamxhv1ndg;pdmx-qmv7t77jvibrwg53hrglrkzz6dutn2m9jtyshmy1ok7vmf,0
6e1e8f7e99a9a15a946fb4603a897b768bbc88329607df79050c56cbfbb127a1,2,pdmx-qmdcbw25dyvajomvy2it8tsrkreg1h5wvnuxqjfkh8ktyx;pdmx-qmpyrd9zv7wuniczeophhsfcj9vkhfqik67ggdywchhw4w,0
6e3477f33c16849d9c4a70f83dc3edf0bcfdf9c04f20e3346fe050a0f67aea0a,2,pdmx-qmbwvgrm9j149sa2cp87adwbmpqlusox2tbeezy61hq7jk;pdmx-qmtpqgozga7ty7annnjdn2fxmkzynm9wdcfddsdojm96xg,0
6e3fd8be601a28cc570ea12a58c95bb50a22cca8ed204219bd4807f0207e55c4,2,pdmx-qmf4xf4vdvtrxulyyqlo9hquy6pdwv1qvs7sbybyrrdalf;pdmx-qmxba3d6ttckoxduy1xlvt1zpa1jyk2qpe2yhfred275ck,0
6e4a19b0b9036347cc479ed9e105036f65c7c85df3e1efccc8c2b9b43c7ef803,2,pdmx-qmpfebyf2oj2uz5rxbesfau9tv3t8ddzdoy5umk14mnbu1;pdmx-qmyqmarybszrnbr3ppzklwomp7upwpgmcodp5pyo6yictb,0
6f019439b1bbc6fe8a807331f270f7b580bd7fa3b6eb503af0993165ecc053d4,2,pdmx-qmd1nd5wpw7awrosmnxbmhge4g5h9wzhxue3y2wfecfipr;pdmx-qmnt4bdkc1cpvwc8nhp9hpdyhufujanaer4dovaebbcho2,0
6f5987fef59c36ee18fbbf3c7291415d2533e7ccbf4693665ead72583bb29ed5,2,pdmx-qmc5hck84kua76eyg5te5rrxytz31cktpkos8g2s3emp7b;pdmx-qmqhvmnebredzqnu1f1gs42tr4hiueuwjcn9w51snkgnvi,0
6fa3a9f22cdc1a6bdba0e540f469cb2a787bfab2ce9f5e25cfc252d114569222,2,pdmx-qmccgcjryg7ak7fzoud38484ts4ae4npaf1vhyizradtct;pdmx-qmraz3sxrxy8cbaqj2yagp1fp4imznh4tu3ptwf9raxfri,0
6fcd28eac8a261336ba7c4b88ac86e9d9786c2f87c747f888c86c20cbe177f53,2,pdmx-qmdjwnfsmyhcecfwqhjprkgwdy3rcn7cyxv2z9pyzos8no;pdmx-qmwq4vtm3gryfjqurxkmcrusg3szuciikt3xcnkxzjsfzb,0
6ffcf35b1d7a99f43b3efac58d4770c4a6184c93e966a429f6ea82b9f6d26eb7,2,pdmx-qmdgpkxvshfsx11tu1ufassdanup6svpku82qpuejm8umx;pdmx-qmeckr8kwmycgyjwlfcxguesob4jdr7ijnadhu6mphfjff,0
7027ef7b01dcc76b4bee819010981f97edf8ec6060ab5ca4e7b942b67fe9fb0f,2,pdmx-qmfxbrquhutbdjt4tkhd168qc9ny1pjp4f9vydj2vg7bcj;pdmx-qmtjeysbcju1ckc1hcqcfzpj8x9iqzqrecdpmpl5pa6263,0
70734950fa31ca6491264a7cf13b459a62d7d4997d9ce99bd17f32b6fe799bf5,2,pdmx-qmt6auiewxk89uzcc2y9eqigra5qas5mz3u972mgcumsex;pdmx-qmxwuagydkqqwl24e3yaonr8kszg5ei1mi9tkcztxpuexf,0
70f13d1b285d1b7f739a7847fdcd578f6ae70c4caf2cb7c88256cc7feaa80d36,2,pdmx-qmckecpcn48787szttkd4cq1ljueqvb1kplau4pngwdrhs;pdmx-qmdpsxfj4nucbtc7tjqcje6heuhesxhxnxaperbgpxspmg,0
726543911abdfd96360ed4d39dc6effcbaf2150c94179db6e66bcb9ac6a11636,2,pdmx-qmpgwmxagpw5buvbjfvf4akqebnikjy6nbze76hf2djxue;pdmx-qmtztungfanrg1luqn1xwqfyefurvy3fxsxrkxrmcjpgc7,0
729081504dcfb5062b11a6209a05b83e1d4b7efbb0b5348bcbc4102d1e298160,2,pdmx-qmretukkjvsugxuiof5txggbgrbt3syhhugqv7ysmeb6pb;pdmx-qmvqrzxxxopbjtdyzdwvhmusegfvijxzz68uwt9gbk4nk6,0
72b99f65a88be31c47923d9dd035349f315f4e67c91567a8499354ef69535a1a,2,pdmx-qmtvkmr3zxdvb4dznpxv8bgjq3knfvtxesahyj7lehslhc;pdmx-qmvya6vokjqusy1y67ohhsjnlovu5kijsmvflmgggsfm8i,0
72e06912efefb7140a27fc21b00dd14ec5be3e6d8ee81c5c36f520df386f7e78,2,pdmx-qmrcuhhzh617ltyxsfdle6qhmzjouxxpvjruulu6wunpid;pdmx-qmvywbdicr5dxggl3rohgquv6catczqx9touprkd7rqjsd,0
730c2205351a925f501aaf82c6da0ec7c9982eb4743592af7e55530a8aa029fd,2,pdmx-qmb4gftn6xhcyoher9uvybks6vevghjs3risz6t5txx7qb;pdmx-qmvctugj21gl7wzhzyfht2bnw1opng5rqbfzlamayh5ohd,0
7310a4a6ac280212ff9c1100bcfca5cd9e0ab39a49cc137948b34fe40f61a3b2,2,pdmx-qmar63whhhbxmyroezreumbdfqxryyuc3q9ablht9fckpp;pdmx-qmuk9garqjuty3ex1vhbecifptny1ercxp4pr7hqvm4fls,0
7330be6bba4738959be99a880d885c171d2bf1d3af777e0b8f9993654629c721,2,pdmx-qmruk7mp3kbqtvyg66eoqhqpvdo9wssggyg5tnw6fcw4s1;pdmx-qmwkzymwquwvhjnjeubkmefqw5dtz5p85nawfxvjpujjtx,0
73a9d5918aa50b9cd840e0ec5e32c77bffa223b6121895c37d5b35b9bb278b50,2,pdmx-qmqllud3hjbex7dsq1wbihd3dwhsevttzktyguh58haunl;pdmx-qmqqbqutjfgsgh82xsokmwmgh1tirw3evvo21s9whywced,0
73ad49754530c65f3ed909d25e04f831b9dd8a95e880085c1524f4fa6076c284,2,pdmx-qmphte6unymig13sgd35rmfp46xheakwp9upzz3npm2hr9;pdmx-qmtzibi2p6f3cf1etx4kaf7dwg8cscw7cnb5f8nuwbpwvk,0
73caf71780b8942eab7f18481659f70636b99e90220f5c6d32976505d7f39094,2,pdmx-qme6cm9rgbzsw2dydt98xryeaygx8lpdj2r67kzkgeunt6;pdmx-qmyyth29lz4n7hbnlymstajanuzfnbofmsnxqw9pyv9y6v,0
740267dee3bce01c39e58e2a05875243799c632413f9ad8e4a53ebb666d94d05,2,pdmx-qmcld41mwm2fqzladahnlvsllhktbxv126ptswfjj6xsbe;pdmx-qmy2uzq5hjhzrkmf433smg634tnex9t8pitygvhffjst9j,0
747b6c6be53d697724bac28adc44df5bda76bed088e0d87202a48bd2ac681bde,2,pdmx-qmdkpt3caxcu2blh7j39hv4k4kzv9grk2idf2a3zstkyzv;pdmx-qmp7zwiywuqcbqffvghgdxtmsj2gblpeerr7nvbcc9pmfn,0
75c69778ef79f12ee7d60912afff60caa1c489926d7751f149117e522f2fb79d,2,pdmx-qmc124vbbawbheyrm3nxgnj76a2anbc7sr8vlvkj87afgq;pdmx-qmstej8j9p7qxowjcextxrsbpmrny2nu6xwabfnltvh6mq,0
75e9d35b0d5abdee44728c85795a7d5ce34e2b43619969d243150c902a91908a,2,pdmx-qmnbuptjxwzpj4x5bwmoavc8wtfppdhfm9lxtndsngbsyl;pdmx-qmzsbbksreear8gayb911wl114uubfs1rjgrvoxsyahg8u,0
75f023cbdea5c27cfa985a8cda0d0c0260f284a8bdc8816492822c17e3ffb626,2,pdmx-qmb2zdxdmvzd7lrr67vt6jxgvctu7nbumsvawiwpy2chw3;pdmx-qmfjj18s1cc5khzl3sbmn43nynmxpbulfhyjk9fkjuup8a,0
75fd112a9b32eb2a249103791eff84cf551bd75d5b09e1c8cb73937678935bd0,2,pdmx-qmsbxyi6mgluaq2qhysntmg3jqcm6oy5bqsz62ffdk2hhb;pdmx-qmviftk13hkbqjdrphkjx4hwbkhbbcbr2maw2vvqu4jv56,0
764fd820ab74d7b9e0072a6c3ac1eff0163127181c1e94de01336a022f0d81e2,2,pdmx-qmydkuzxgbnj2oek2jjmnagveujujaulxrjvbxec7tf62a;pdmx-qmzvckbdcslauwwd2clqpzfm987fcpe9skodlhqzwkkxmk,0
767da3d806b312953d8c8dc1caa6bb3dbfb1f89f851d0439c63d691a657a34a8,2,pdmx-qmavnpy4leqfmbtg2cn2nf3a9urymxpzhvywu7mdf2ci5m;pdmx-qmpfurvugejf9tcrrjgjrqnewivhyrtwbvwf9qkrrkubqz,0
768cb53ef394e6d4a5975526e8dec5844d544f5673d31eef4f20b77ddac80c01,2,pdmx-qmctvycbmysra9ackmn89tpxwh9fpw1udduyoatoh7ju8e;pdmx-qmdccqzxz4gqxtsrbjrwcmn9htq9wmovqbtmx9hldqho1m,0
76fb950f03b5d62744a3144b714bac837576cf6d75a15a867fd688dccc116e51,2,pdmx-qmpkanrcpobc194jazf72pdxxguc2287wnwuwqi5r84haq;pdmx-qmrpkkky9svbkvnujaywwqkr8ylazahdwocui3vxw1um65,0
7727706ab616ccc137151e22776842a1eb54d22902c3c8d9106a95068b9e4c66,2,pdmx-qmbjyb6nkm8een4ej7twwzyh11bkssgc34xbxzahimm5mc;pdmx-qmz4sgj19th8nw1b382psgfckmfmjmg6o6wechzh1hls4y,0
77859b664b8b69f0532e129bf88a3b0244bc85051fae3eddc5817300874a1aa0,2,pdmx-qmcpfkwkazsumwsxk42azcdiqt8ryedgfhkhu3zmzywjdi;pdmx-qmtsqsglirlj4ycmifdn7xjwerh3heparqc8rpbbbfvt17,0
77b71556bb35a14fbf6322eee7d9d0e10c2f2dc4ed9899f5ecffb32f3bf84a36,2,pdmx-qmx8we8s46syhftzzcvdwdm6esfdfmwjlqbnpjwzdydbkj;pdmx-qmxugvdrbbcv7wg8r3jnyuet6gh2qgpjnpph14zgglidwv,0
7819315fbf46e435bef8ecb710296c877de196215f390cef8c2b7d111d0559d7,2,pdmx-qmaa8ytbqvp9xcmjffrrthebfy5qspco7zoz5bjziyz9t3;pdmx-qmbuk8khfuqdm7rnvqbbgf7tx4v8w818ksy3ia9zqupikg,0
7834b7fa35f89d3302e8f5b25c4f9b4f3719e616c269a25b499973385f05d361,2,pdmx-qmatdauh6dkys1iqqddvnduk6rswcnuy1y9tqbzqciwngm;pdmx-qmsel2ffvpxwqwygu2bhxtcxhfywkyf5bmbvum6fp3hghy,0
786f0fd354243706e539e9047d022d8177f3b86b0c03c6245a285a829e203718,2,pdmx-qmnnnv8shkjbgojz23c85jtu4ygmvtyuexv9enb2kevuwq;pdmx-qmt67hd14a73bg959sggfjtuqcozmtp4fdiu8esus8qdce,0
78f79b93f931304341e4e905a59ad5afce5a18c3ba43895ad270084cbe36036f,2,pdmx-qmrjjrm5d3u1takorvyednarrlozeafauxxo592lajs2z9;pdmx-qmwcdtcw1s3ckdbp637jzj4ed9otordhjow2njc2d7cx6c,0
794ff0c3956ec4233071d6adfe1b4c1ed8ff42ff78f2b7edb554f07eccaf2d5b,2,pdmx-qmcsjuwhjwtx9ry25nasvihmi6b3am4ehwil6636ztxy8k;pdmx-qmzdnxcrxstk3enwnjysxq1vygxwc9f7iyxu5jj2cca75u,0
79b16e596073f7a0e7c483289776302f9dcce8fa9235d653a40352ba4365ecd8,2,pdmx-qmbinmbnjfccqwx7himk3fyb9cffboe1ruactwupgwx81c;pdmx-qmqsauyqbb2uzwjyw9fvenlyr9ba4rkkeqfgu6iprjeeoy,0
79ba726f52bf19530311f7d9f132b57ee3043d46faa4c2cdd696f687f7c7d5fc,2,pdmx-qmbtlbtpw8cvvrstfqcahbmmrtxrremoqvqxafsnpl6sqo;pdmx-qmrfsnn3s2nudfnc49psxchkvramwm8yhggrmvwbg7vlsc,0
79dace1c491dc50ee6ea06c916f478e5335f24459c29ea43cb2680beb7113392,2,pdmx-qmfekqgdgqckjve4kqgfiaz44qvs6lkmyn3r8h5d9pjdct;pdmx-qmqx6jk8nypfya4opedlaaew2eqqccg4pjxnkjmuowldb1,0
7a4608d6ff763c0906498c95cc815a856ab551bfa88248bd77bb3405ccfff39d,2,pdmx-qmcqdd6pv2kcfjbauvjotfqekazbwycws494tnwefahvry;pdmx-qmnsxuxifm6bdjykcqrorc3bb1xccxngma6gv4ye6iq3ex,0
7ab5f8714aee447623b4d0885b3fd3fe721fbede30534c98df481df5bd00814a,2,pdmx-qmb9rvjp5vepphdma6aulrdowlradepd81yyyzgyt7gjap;pdmx-qmuafx4zmprky8uru27cx6um9k5sy49jjf8j6pxuveg1rh,0
7ab74107bd731c00326de4818179e2de9819dde97e6350ad9a1e8888beca3d2c,2,pdmx-qmqk6bq5arpznkxrzb6hhues14bq7u4xwoccwykfmvy2g3;pdmx-qmt2uk1ygfjuspna2qnz7my4mztymj2rmfjnlcyjrgmgun,0
7b065904e606e6201b37d66ad3f681598cfee93fa2bb06546802001c4dbc965c,2,pdmx-qmpw6bxmvoey7xatgyklxz5fhnnhvnoedisycaf3lp9rd4;pdmx-qmqmta9fny2sdfbxttuyf3idbrejgqefpfcoz8a1pvru9h,0
7b0f635f20f7ba3c42fb2012c90a1afd6fcc841f64c89afbcdb83c925270e98e,2,pdmx-qmqpvsvpbpal75x2vivsrlxczq8bxcmggbcezarzaipgbr;pdmx-qmsd496cckwslpd18e7tegthhunseqrye4nqzvkv7mcgm2,0
7b718be99648ed7285d3208e9e3e269ceaa4d583f94b2e8dc4e07b51940ec207,2,pdmx-qmta6rnazxlr1avhwzkytntcbydjydwwgxjnb4oqqxgpxe;pdmx-qmu7tchnfseafcfk6umczmbeevdmiykwwm6z1alqg6gbeh,0
7ba90a592db4b581839d583eeafcbf9d4e74288716ab6532ef18b3ce2fe0d825,2,pdmx-qmwagfxyvuz4q7kbtwz6bj3y3sjzgbydpffz4sxjcjhq71;pdmx-qmyezd8nfuyyandeonzmqnxhozn5jurrxqd3ars6ud4a5y,0
7bea4e6eea249eecc36eb285a1e238e0a66e7b311a7a39817e0b8c24d9d11d40,2,pdmx-qmpeq3nfdhes69yzgtffxujknrhx3vpsgemhfb9fmkqq6n;pdmx-qmwwjhhzailkdapesggt9eqrgvajmug7wnnhg2mhxjqnhi,0
7c2a4b24eafcdffe27227ce6660222fc26b0751ce767d4c4a5403e5b962f55d6,2,pdmx-qmtdv7fneop3wkpmzrysof789poviqthzygur4aa5waezt;pdmx-qmxmhfebfrageoatnb77gp6kypnyv389itq6msxplnywsw,0
7c56c97c855bfb0bcc5cb37075350c7044ebbb4b73f1f03c885deb1490ea1094,2,pdmx-qmq7egeqw6rcbyvxy9csxbus4ndyyk6pphwfkwtyv6bhl8;pdmx-qmvmxeh1zbzepczap1az2zwgh3xdawuv7fpz9do4yodos9,0
7c7a700a099a7e43f7817af998b99817ff74083977c55315482c142d853e8486,2,pdmx-qmpvjvlwve9s2fmq3t2meayreivgecnmri6rnjqpkvn9vp;pdmx-qmxhakg6dbrnfc9umybvbzxv7bx95xzgbjcwwp8eqakgfb,0
7c8a95a44db5856c239aec9216dc7248a371e0f7bef1d336fd5c5f50aedcc54b,2,pdmx-qmq5pdqebuczuarhnchcmtdtnmcdjsth4wvpwf4ike5tzz;pdmx-qmvypefhrm9aohcdz65xdtrfmbbn8gn2pxzjplweh1ndtm,0
7cae24268f4e42bbc0c9a763f4ffd10970cce29c528eb85e750001f8d6dee482,2,pdmx-qmbjub53kfathxsqymsdmsnpeefv1tn3vauxapdaudabvm;pdmx-qmrd3kky1kryw7hfjdrekdhq8yyrthppuvdgiygxcxtenu,0
7d42c8e34caf6796a8d617c193595990f97f32a158aaff13a8b83cb8612d3cc8,2,pdmx-qmbdabgtnivbf7zfdmeo1gyyqh4g8cmkvuemfc8gqppyq4;pdmx-qmzunzsu5wjs3p2zca1vdxgtrt4v562kmiws7fm96hqtsz,0
7d734a17e10021bdfa9ac2e805aab8d8a20156c7449ac7b44ceef1edc0b98c5d,2,pdmx-qmrr7vghxt6ovkekzwm71h2w8vsufcrho2c9jgntstuvug;pdmx-qmzor4ceu7ycdbnrts2sj1y9nomhbxmfhhuey1s4o1k1sj,0
7dab223cffb50415f04445c22b81372a58bea34586b07c4d6777e0ef0cd5cb16,2,pdmx-qmciih4hqlbhimgajoxzbrwev6i4df96zzlwkov1wipfme;pdmx-qmqj426wcd6tz3yb1w88zqif6kcdjy3kdyrndlyhdo2c3c,0
7de2a7f19662b03f5b2ad751a0dcfeff861b57a37d0a7d3f50d358e81a5ab05b,2,pdmx-qmbchuu6bhhnhilxnmlxkxkgdftxqsbr93kg2m9dp9tkfj;pdmx-qmcd9kc4myahertyqwqg86vt6srjcuve8tnosat8wlmabz,0
7e0080c145077e3dbffae8b4d0d70eef5e8e49d08456ffe99ad9b95a5ce2e8a4,2,pdmx-qmqrjmuwnnjoujhqbgahp9uuladhyly3w91pqhn92w4b9m;pdmx-qmuavyrfthmw2buynxgpdqcjjgo6q2ujqmjd6ldtxcpeue,0
7e48087c41c25f739df6a06b7d3a3dd2ddb6e1ed165be0d08cb7dbf22e0fcddd,2,pdmx-qmtk9lybabuboj4kjdzmulxcgiebmnyxrubtfwvk5csjct;pdmx-qmub5c8zfcezcbt9wfjjtsng2cy26ncujkdwllxdqrqvpm,0
7e56163e92cbc9cd985110f043cdb21d5587d1c1877c22293d2ee9558b50d803,2,pdmx-qmbsay7a5fuozmgvbguuth23gqxhvsy2hwm7r3g1p6apbk;pdmx-qmtbs7hpfgcwal7mysz7xzgxlmcpruhu9v9tcex2swrfq7,0
7ea57f68e3c1c3952d0932e1eb3b00bd3a5cfb2e790b1c8d658238d7b12b3759,2,pdmx-qmdbhgrp6xny1xtfbnmxtsbbnaztsa8rax4x16uctwdheh;pdmx-qmeuhynmxqatvaf7mpkmtpansqk2mxsc3kwagewdcyzjth,0
7eadf1a658891b4148526ed992c036d5abf37935c5fa99a43fe7a65ff3402607,2,pdmx-qmursmqmfy5db93ztg2yr7r3wfxwdui3jwyj8gxrwhlevb;pdmx-qmyhhcryenf41yxcrhrxgfn4gylllunhzdmtwffb3u2paf,0
7f5e7658c8826e6af1a84a20975b4ba14f5a6d3c69b1d98991e74bf1c55f1835,2,pdmx-qmespehcoi4hefejum6aatulfmvsrxpqzn9vg4dggvin2k;pdmx-qmwznemxjorh2hsvhe8ixnuka85vztyebzxqcgx6hb9epy,0
7f6882ddddcb92d8a37812f8ce8f29be0790d940fd829af7e1fcf3fa3979ee6b,2,pdmx-qmqs9kcsdq1me8bbyvaupgbavc9rmhk9p7yc1u9nmiqs7j;pdmx-qmsijj9fvlmo1zfm8wegzr6aget7ex68cq15nucoqves8n,0
7fcc96a7645f7d869383a1d4d1d197fceae0ab04efe1ea400f945e9064bf9646,2,pdmx-qmeikfblnrju7ozq8dsucarsuvfqhhfs9ert1je1tebvcu;pdmx-qmrwmkywap9pbukjuk8gv8hs1pph1wryv9mtt5nuzafhbx,0
7feb8f3a9081cf6947d1ad47b8049666975cc127247eb12805e2ac2f49479661,2,pdmx-qmvs2ulqtqpgw5qmbhqx4zyegf82dxpvonzadnpwj4kzc2;pdmx-qmzdexj81b4jwted5mnqa41rce9gjd9dwarsjcardom67v,0
808b780ca5e0bcef5ffd76726feca967a3497fbe8bbe439efd6b40621726441d,2,pdmx-qmcfx7qdpiduru2axcmczkhlqzjwwwrskwnav2bw1tarua;pdmx-qmcmhx4g3oxhgacp4bddvdv16g393hbwc4dpbkrr3ryucp,0
80a0016477346b716fd6e83ec59292c8ca56ca67a0232cf6a538ab0486a9ec24,2,pdmx-qmr5kzyjqmw5h1k6kkyvunrem7nwojcqynqefaszdzfnep;pdmx-qmzjmytjdyu3a6jvmbhroghpcjakr97ghwnbt9mpawnjrv,0
80c9a1c3455ce8e048dfed09800aa73bbee667480f1163ffa677f2b0bbdf70f9,2,pdmx-qmfcphg5kc6na4yvghe8wgcu5rs8brka6vxdynbt1j97my;pdmx-qms6jg6fgxvs2bpfrtz3wvwkgasjzavsrn5twy2rvgsgbf,0
81cb89e5c8f76a378ab63c5ccf422ee60834d7cd58c608b410cedd8b1937937b,2,pdmx-qmefbunyvqjeutxpq36xepofj4jfrcy57w175mseknrrlp;pdmx-qmzd9ih5gyxp5dvn2rnqxq3xbukzagzbe5gudv2rzypfrd,0
8220c8ce664d094904d014f33f365d156931815d37eeac6734a54c902746f319,2,pdmx-qmqnracyuxyqqpuzqxzh84mbamn77l2yxmntmfjksssjca;pdmx-qmrvlvpsqnkdqwzbdgxsvby5f9xuv79ucgdeacr4ningxq,0
82761035c8815fc6da368b188075af8f0d5343f5bab30a8eba2cd4ae3c36522f,2,pdmx-qmqsbt9flwhfrvva2ngte3ldejpqnbdskp6dgchzf3h3zc;pdmx-qmvambupa5y7dznm1b6sqvoc1ppl27cx2glzarobf6akts,0
827f36f6d12c026a86e55ab7acb3870d71c9d2d85c4fcc806ebb1a05e596e7ad,2,pdmx-qmed6xcc583gvrzxhpuozpds4g3baykdgz4hu9srmrrkca;pdmx-qmew8xhvjipzxp6rxihuoesquwcngwf6dwq31k51cadmgr,0
82a52708fc94ff985fd88bdf64eef38ac28695192bee2dd24cf380d2194877e5,2,pdmx-qma3yan47cw7exzyhgxospwfz2nib4rdbntbe7ygwrqdps;pdmx-qmvjblkx3mlj7bs1xuz1g75kee8dqky8krcs91jcmruezb,0
82fb88a08f4636fc737e528a99d9c2865f51c59c71e83949b11f9df3c4ae2555,2,pdmx-qmnwjryastut3zfmj1ttep4p3cjrmacjkyor4sp1g5ozbm;pdmx-qmp5j4g86zfu1mlgajt5xzg96kbkkh2s2bfo77u3owxyvc,0
8304d4d649d50489ff6c1e62308dac34be053b40be5ad977c05c057166f9849b,2,pdmx-qmwf7tq5pnza3l4qyozrz4vcbml1gmbaxqyyypn1cph2wd;pdmx-qmwlwmgblhm8vk97xuhz8oe4v96usfbdvs6efkhkv1cjxx,0
83a390b2cf425b7cca637d095719946de084008c12955a2f6f6471f09063e6ea,2,pdmx-qmbnumhjbs2tqzzpobmnm34pvgbb5juxozcvzzvq3tf2ch;pdmx-qmbthenpodkpcw197jau7qxvpkqhykuy4hqohqdr8uouz7,0
8476af2fe835154f493790f7f6bac87daeda228b792d95268fcfd67f19b99574,2,pdmx-qmazviuk1ahhvnravavuaw4hp1m512xjromlzmxvejca5h;pdmx-qmr33wwnswjpm5kt55dfgjysrghg4qzyy4h4yoyftmprdv,0
84b0ed093a50bf780d45577269ed4f0f65eee29fd7d70bc0a76cd708b2d7017a,2,pdmx-qmbvvvjepgbg6kvwjdfw19lo3jp4nzvntzbgqaywey4sp2;pdmx-qmt2w7cgznwvbbdyv3pn4wjchwfcpvir18hm2tkxyuaryw,0
84da7e2c9988738861fa045baf38fdc0357e7d56cce17d91444c31adeaefd07c,2,pdmx-qmf9gn1x9etdwnbffopzdejvwwxmm7dguaefokpbms7tku;pdmx-qmtr8bgernifgw5takbgm3tayc9uhzf2yxzzfpp8xosgmk,0
84deb009778440e380dae86e36b297a190855f3d9367f315dd71bb07792fa14e,2,pdmx-qmq77kx2amyubkwayfpzfkvvr1c65rtm9rdnhr9fkrqf3t;pdmx-qmquegaozry96uvgzbqt8byy1hdnmtwtlmvsszf9msmudt,0
850e624d54f352986a26f446b759eaf9d9f385c66f96d05f0ff6e649378045e2,2,pdmx-qmvdlqvhspxbm483wevj1kavszzbcihywbtvczdgjmmybp;pdmx-qmwocqzm54phhzegv9efi1kvo6ajce8rythjzznmh7q3b5,0
85519796b3a367080225eb9b2b0c8edef64f6e5f75b5929d69b9d6a8e98433c8,2,pdmx-qmao7rnpdc7lvt5bbhxxist1xeln9kupwakhukjt7ndcyh;pdmx-qmtiutdbjcr8jktwjynwbemqj5p2nnvbpscjrtfuupcjfv,0
85df4cec6c495b7e07a89562c3e6122f433d809bac5948094fc441157b162712,2,pdmx-qmebbw7xmbz2xhdquzzgaf545u3vd7cbcqgvbnkkyxwhpm;pdmx-qmzwpr84xse9vy61oo8cdj7vaqp2jym7lkmyluye7phihe,0
86135500b0621363025f65d8250902d10686018424d409ecb8ebb38934b99a31,2,pdmx-qmnwb8kodtkktmuqtrr3dwxygmbjytvksrjjgsj4atbeej;pdmx-qmxy6qpb5ecchjhqxe29mlt3vatd4nahzrpsyks5yvexhl,0
861bca8c64d6c051435a92b45f8505fa310a3fdd5731b43473d7018a9ea34d19,2,pdmx-qmbdna9sn2mwkckzuo6jsbqbxrynb2unrvdy1s7bymphtf;pdmx-qmbvrctoulgvwpc8wl8j7blvwr4bvo6tcrkhxbp5sax82n,0
8637f6ea19545d6d2c070d43d0bf7cb409c4e9f8e5a0768bcc1838d10fb79adf,2,pdmx-qmdtapx4sawrsnnac55hvsan1w4zrfavat2ohjzi3txmmq;pdmx-qmfdg2dzb8dcgspwbbe7bvqkdztwcuuzqsaznq5n7vnurc,0
86917bbb731fe7a02643fba40b6346a78a84416b83a42edc40087d19eea4a712,2,pdmx-qmdgyj33qvtpxpgpy3tbqsq2yknmbp2u5hks8vhc6fwfo3;pdmx-qmpmxgsh2qetcxnx6s8wrvzsrcy9xua3f88rgtnjuxfcqc,0
880fed8065f220ff70e2a2cfe591a79600c01e891a30d9fb390b99daf546727f,2,pdmx-qmemobmencrdqf7iy4ggafvxedxzgzyfge5eje3zysbaqj;pdmx-qmf86zrgc8txpg4fi5fmmzgp7bhsbllfmrb2srh4edjhpg,0
881d95108b7e4c1d46c3ee9352e906048ac2429f2d33231aa2c7033ca6812b52,2,pdmx-qme3fycwaz6o8zuexbva4ry23w37bxffahxubcdzjgdkhq;pdmx-qmezxzzjwq3gb7nz6zq6ydybwap8lbuejatmkx8xkpzwau,0
882d3d7954ba06f1ac9db4016d4493044a31bc6abc50d33e4ac00f92fff98d9f,2,pdmx-qmdv4g3tfu6tlramqluvu9vapkj8w2ppvvwuarhmdg3epu;pdmx-qmvumnvdtdejww8xllg13thuzjkhxzvdb7gdxyqvki9qtm,0
8880b8b79fad1b6335727913a5383d368d30bf8004081a95ca9a1cc2bc74bff2,2,pdmx-qmtiukgmxc8varbequydv3rh2ze1q6xx1rw3s1e7xwvk7b;pdmx-qmwfqjnauwser1jer6jg9d3h7iwnfpnlkewmegto5ue8nv,0
88c0cc286bca2b9dd78fabc3dcbd2385c4404e835d6700c40fb949531881ab19,2,pdmx-qmdn3pxeifgypmxv4tvwoykbuyvp8gn4r6acb4dohfsxv6;pdmx-qmztezhkq9ws7gmfurqz9xb3sbnuv8kgzqj5smasgbjxrh,0
88c4bfc4365f38f3fa934101652d58ff95f9a930a5f3a98a766754d93ed86ff6,2,pdmx-qmrkm5syahyzgcfvcvjtmvmyhzsnzqtpzqhzp5cnpfq54j;pdmx-qmybncpcpycbcbyq5dmx6dppsizakxj1ucjyndm47pfjrm,0
88f32f018bd12f7ef50ed92441b5a7f470fb42dc47ea0d40e0152308c96831c9,2,pdmx-qmdzaa7we94zncmyvjmhepfk5pwcqbw5m3mcpbkk7cua8n;pdmx-qmwhephbtjccws227ehah7khdtsstrokzthh9alceb9kkg,0
893f457d2d2533d86679f5289a7e2e80a74167bccf6f4523b5d1393f5263fd79,2,pdmx-qmvwbcey7ntajfhupytg8dnh7e1kvkg1dwjksvgujeqgaz;pdmx-qmzklzrle5tppoxaqdfubea3edewhtmoz41bxuruevb9d4,0
897c9ba3e42ab3e233aa2e49770979ff0ca7b40877b3908d60dc7bc0240d54f3,2,pdmx-qmdewypzhxgt8yfya96ukthnqyo3jens43pecplqhzwbkq;pdmx-qmwzzk7spr9dt1kwb9a3rpeyqxaauxkllhq54yd7mymgme,0
8a45eb10ba10b01fb65d23e8c9d2a9a723b62d886cf427408e349f6df64e29d2,2,pdmx-qmt9qomla2reb6hnc11tgzbycymn9ct1f7mxwzg1fdthfz;pdmx-qmz6ztqf4zojo4jefhdx97xcfgtq9ktefe8arfnmnbibfy,0
8a69b9d60e5087388bff016e9b959cdb61db8b5bec1f0a147fcfaa28101e5689,2,pdmx-qmehww9kwwfxfbcj6geuw5jcesg5aftyzyxxis5tcx9hrt;pdmx-qmujqqvwrn2fuhs96pwxzufabb5keif7bnvtpgfhfw1see,0
8a909af565bfcfe7095c301bc14f1e057a8e2e85560c7e641240101abd551788,2,pdmx-qmpmeb61psl8tdd5mpcmvnrfac3jnpydvvfbr24psyx3gg;pdmx-qmw48tmq1nxqfwiuyrhqkp27xcbumrruarps5d4qtwk8lc,0
8aa271404fba8fab306a917c18add8afcb784cd13ef45638452f5bec276fa0d2,2,pdmx-qmvh8ogqkbp4n7sauk97gnqzm2vaxgyr63nn2vl3n5lacg;pdmx-qmynlua3asdhg5feeecapzuw38r8nad6jbdltq6j9c5ep4,0
8b2429084024c6046761f96a0e6b48f3255f5354e408e2e5b51419b167a94970,2,pdmx-qmfr8txcb8btvp56rcmqfxxxb2wbfddxtpm5cn25qtpj4r;pdmx-qmx7civddvxe9grwruiqru9itevjok1q2zsz4bonla4vp7,0
8b558db9a20bdf432e0d87a631dc3eaacb05cf05915d0e6d2421bd25467d9290,2,pdmx-qmbh7pjejoe4sfyy6amuawoozinqkemdmm7cv1fk8fdrqb;pdmx-qmwfrgma9no239fcjebu5echuieirbvx6k7kyuw9wauhzk,0
8bac70ebfb31bff86f6acca59b3dba15c941e0e9c096e5c69593abf1b433f7f2,2,pdmx-qmakmptafh43gfsedpwhpjcn7sdc4jtabtcahn5wqlucj1;pdmx-qmqtpypjbzqbaxp2qfjjfkrrsgrpnroqm4dhvx6ur15mr9,0
8c0aa2b632781581268efeeaf9713c388aee3ba10ee0eea1b5538e1044a9142b,2,pdmx-qmsakuum14kdbhn8znsfvwjpohgojgfprlvppux9cfatxa;pdmx-qmw6odjk2hwems3pbzwpweyo9fhhwhwbbbglwb873s3fxe,0
8d4520c6c0eb3f6f52d716c1e3a5b2285ee1f78e488be2d8643f100bf8a13a95,2,pdmx-qmpar7ln3vmkzwqhnwkl3grkcxkfnxjy8rvvviufg7uxv4;pdmx-qmwnnzlg8malw2csxn5sfqycfrh1iq4mhwbqjvq5geeihb,0
8d8c6e374692a796933256a3031ba85cf44203d02baa198ef8d92004d9fff7dd,2,pdmx-qmruhkhmhhjnsh3cchdqsc1wx4ulvmydfyakd6gvm2fjao;pdmx-qmzgram2gt1573ve4fphrxkn6zwtiqwutaw6lecml25epn,0
8da159df75fb278ad59be26966d211517258fb2578ed6a85e43b27e3b4ee5c18,2,pdmx-qmd4gxfrh1lgvfbabbutv6ypexgtjkgqborm8f4yf4rgkw;pdmx-qmppr5axhyjzrb8hbj4hby5f4ajcpjskerkwhbufscrs7v,0
8dfe25adbcac55ebee29fbb572c3b6628118e73ab30251e7800b004b8977d4d3,2,pdmx-qmqlaympnyknyz4uxwrixwb5qyksby7ksx8qjcvs12roum;pdmx-qmt87zn7qmxsan7h8mrhomet9znzmwbvfh31wfx6nvp4uh,0
8e21da4272889f0a5f1e891c54ade38ec2863e2eeb7f4f4f6590726e1418508b,2,pdmx-qmazeeqqyqcphq3vgdyvzdh1drbksynxyinjbvvvvhunc7;pdmx-qmz6f1zga2mnafrs3b9t6icd35r67yidpgyad6b5xtydar,0
8e2d1d2d74ce12fcdcb2756c9c26526d571408772f46429705a756c6fe8870b1,2,pdmx-qmckefxic14fbokux9mxahw6w8l7g4azltdaytph9bspbd;pdmx-qmztsrtfjq8hxbxsaonkd7x27mccy6qc9q1ndzcns9hzfr,0
8eb753e97647dda870eae1d2ec11fe0e68fffda19f688b9ce99988c4f105292e,2,pdmx-qmeeukz4qkw46rczmmeqlh6fcmsmd3seqfc1psjxitamm8;pdmx-qmywtvepngjiyw6dmxk7h9xcmtq7cjbtdsndbjwhhnnt24,0
8f14988131c0636d433dca1bb1ae7fc065978b3f02cf83822e6f92c6b1d15f36,2,pdmx-qmbm7o71rctzjqnxq2an4atczivwpicc89ymz9hosbz57d;pdmx-qmbnhaqrkksbcsrszrh3zthxk4vmdvdhtkntxpy7bupnfy,0
8f5ae08dd0418903fe41409dfbcc9e08babcdc1d0ed099a14613a335dbe1303d,2,pdmx-qmapukwgpldb2kxguxetmbeycefghugc7xxs6az9uwzzoh;pdmx-qmrlxx98yhnxlwnuiosdvwujyde3pejzx7wwdwqd1dyuf6,0
8f5c5842eb2b04803ee91bdb53de3cae7d404933f6228d049c26cfd4850532cc,2,pdmx-qmehq3v2fqseyxpanuk3nuypha969fhfusvrkemsnvmuv4;pdmx-qmf58b3hmpjfkuenycyc4z8p6y5icexgafkwjjiqbhypr8,0
902be0217aac6689f5707f0b4021d8c58b538087df420b180aba3f0311e6cd0a,2,pdmx-qmtsnuws5qsk7guvbcyozgdny2mpnkxtdkgaab71mdu42d;pdmx-qmwuj7l6nq7vhmddlbm1rqw5ntehxutvlg3ja1y12akucz,0
904e616184acae2109d531c3e1478ea8f13db69556beabaec266e0529b2106a3,2,pdmx-qmqofzsuitk5qtb7b3mkhbyqfctcduverwmawsxerzm66u;pdmx-qmsbfzht5mks7h3acvir33uqq53wbp2vjeqy7fksngrjpu,0
90ba5bb3fc8c0c01041a82e2318e3df5546077ea023e982aea633b0e60d05857,2,pdmx-qmx3nz3strdcfwirvjq8pjecnpmrzu21jc8xtsgkrkhrfg;pdmx-qmypap637mihzq4r6hmkvogqms8xw8bfbbbo5exlxql7uz,0
90f4ae97e1bf99e6f729dbad121adbeecf0247c3eb887fc1fdc590aa7095539b,2,pdmx-qmdbxrfti1ynzhkaxah9qu7qfm5axgp6nxb7zdavapfmtb;pdmx-qmwbvfsr9ajauxfqu6rs5jpkmhtctiunvvdtuizk59gpmv,0
918781e33de1b64f62972a640d9eebfa4471e8ce12bcd8203a0ded7854c7dc2e,2,pdmx-qmcbm8xmfnqzp6wmtnjkubg24z5tk4buz9rthbpj6zzg5c;pdmx-qmzdr6udvdrwdx1pje8g2o9vmcj3arklmkjb5uxcdwacff,0
91958498bc12881eac264d5fbb1f9048ba7a372add55b56ba659d6b7a3799c38,2,pdmx-qmaktpsuqbwyhywmqig2vfewgfxmp7afcufvwwevczbie4;pdmx-qmt71qee1rvqmvhugkwudr8tqbm22dbe7egxn5krrrjc3l,0
92206537187723f2ef2604897ee80461426e480a6528e8962910e243cc5ae4cb,2,pdmx-qmalfdsu5pehsj9fkejlrdxheb1atzuhyeoj228bzqrjqb;pdmx-qmwgpne8jxcwjjpbvzzybetfhkksx7nijwa3kvegmoeo3e,0
93ccc3eed6119ce727e977e9b4a17d52b4783d9f29db02c809d7109fb95c7293,2,pdmx-qmfqmgkz3an2rlswfn8fwkqrcvwbn7jha4fvfbtvffaqwd;pdmx-qmqaxx6rgsbtwmwxamtweanzdjvxe34ditmy9coycfn9cd,0
945456856ca2b87ad47265f029f926355803c2998aa6d21f3d8acbe941784406,2,pdmx-qmftd1cp9bzhjdxryih2css6riugqjcmgxsrud8wvvycbb;pdmx-qmxwny3mfzppazetvphv3c6rhqox7mq7vb33rosc1tdhms,0
9456ea035271c91bb09dd86b3d3f639055a06b93d5e8594bce979e867a5e3a22,2,pdmx-qmbmp52hpuj8gby3c8qndnqwopa6zm3q43t6dh8p9iwwms;pdmx-qmezzdl59tzxymph5snndynmamegzrkebogf4z5tvdki1e,0
94b26988deb44cc1640aa93be18c1531c76083bcb0a5e80c99afae52ae14bdf0,2,pdmx-qmb2jdp1oryonrfxqfpzuvtguy5cmmwlxjz1hkaxbabcf4;pdmx-qmyx2xrwz2awtcfzetmkb6yjo5tzxlhtxw2mfngwjdms8e,0
94d4cea29a68b7aaae66955bdd10f1ce8c1ff6802363fbd9bab2cd44a3a777d6,2,pdmx-qmdmzbntfa1zq4r4gyk5i8xz3bpajztsdthrxnakzaxdwf;pdmx-qmvngb86f6rzf8a5uz3bxncm9rgagswgtrpewbtkb2jgso,0
94f45740e8aa92775c7d43d8d3ac827f8e95282a2a6d340e050be85443def87d,2,pdmx-qmabmgxmhgzencmo3swaobjyfb39jkuk56ljxycffqqa3f;pdmx-qmxh12x7dsiwnuksk7wnfph2v1wnwttvywb69oonewqtht,0
950e377f813b37fa9319a94fb48a2a559de2f1bfe27c31e2037c56ed011b7ae5,2,pdmx-qmpgylskaqtfrhk2rze6pk191gdalmfb5bkdiv1gq6ikkj;pdmx-qmurklsvypwdxl9jnwsfwyzjry3eh4ubjrsc1vwkq6dt59,0
9575feacf8de11c4413a7720ecde4d3b15a19e9841be84dcc06083b8e1090ec7,2,pdmx-qmekwnjndndpd2w68nw4qzrnsegx1g5bndmx3c4l9wcuxe;pdmx-qmpamk1kynf7kqqpuqzctwqcwdxuxrshsddkj12wauq3xv,0
95b9b6dc3f50913ec5dd5bc60b6bac4cbfa7efd7b84893d55f4c78acfb9e61c8,2,pdmx-qmdwmmonjk2mqhziafrfwnpi5ddo7t51kvmw2kjxienfnm;pdmx-qmpqlshmdmvaegbdtetzfn4depdekxwkevzdwyaccdppqp,0
95d347cb4a00e6c5b68b698b06ab07464005ff3cf5e26e8da3669b8c4fefb85e,2,pdmx-qmqsvfi2wppghn9fqy9fr1sdyn259zg5dsmkdizyhuyjwv;pdmx-qmyqpqlr6usdamvbful5sjdl6b4gadpticemvvy2gpmzgj,0
95e70251f164522d04f5e5c06971519c46cec047c8632bb0baec7140c44c9236,2,pdmx-qmvnxjvpr85qv4uab3dxnyxqt5rrt9im5fr8f5xa95wgzs;pdmx-qmx2muf3jjrjb12ahcjeiehtxcxqalvxsz58kmyqnayrk6,0
95fb774181d71ba7f9e12c0511f3952116d31f727158916c77865532bd45d204,2,pdmx-qmegee7ncmtdjqmxhl9yzlmhgk4avj3xa7jxj2a6crgkoy;pdmx-qmzozrbvrjhx3yknvx2vc11lmfvhmepbotou8fga9qnirh,0
9600cec18ed7a223f7d2257789bfce71e97049dfdae3320149df8418cc73bd60,2,pdmx-qmnp5haazh3d11czcnvpffn2pmte5umwkklwy9s9sesth9;pdmx-qmz9ncnt6rkyzds4p9bvw2fqgsbqmqzhdnidvsg8idkfmy,0
9644b21d1d3456949f7572f6e847b9538fcda99303618fb656dc54264fa06447,2,pdmx-qmc7safiuewowtxfrzckcdhj3p2p4gwdndqcso2nctftqt;pdmx-qmznn17ptnhnpuzk9wfntcvqmem8zpme4omn4wa17eu8ll,0
96b2720d55e05d133e87687df865d63802af752588204e0e7689b8fd1d334ced,2,pdmx-qmxchvv8dwuzd7przedotxhuymuf97jnzmkvvexrxf8vup;pdmx-qmyw7rj7xzupyu4ejop5zzxrukflcj4sv4bljjekgpzrbu,0
96dab5997c46d2d959ea5a1dfd66a0fd72b74116e735591a7a8131c271b31931,2,pdmx-qmscbo67my94begbtdv27wrpqtqj8t4dxhzntst8wuk8ac;pdmx-qmz8dsjipcp2wcxvmzeg8auoxhpirpgvww3udxxrrtlv43,0
96febdc72b273efb2b53e9f09a2ceeaa60b28f7430ea3d85f6d861554bb325ab,2,pdmx-qmpu7vcrdyguii4kbravmbxqufqqhuihmmf8ceo8cgy8i5;pdmx-qmzx61n5cpzkdfcpgfxjkj4pyrdmp96d5w7cccmygus31r,0
97029488628fe7a4ea9183bd7f0725f250bd1ab30575f16f5f9e8f97f045d9cc,2,pdmx-qmbf9bpqz3jgsdhhnhajtsmaimkkefw3vrpjtlsnztbnua;pdmx-qmqqc8posxuqnvqapfstv4vfv4nqhrcsowathq9schdxtf,0
9764785e471080c333af2c34ec96d37e90d40a9109c45035b9b09fee6c4b5e84,2,pdmx-qmwrmxg3o4jxutcupsdqsaxi8m7mumryuswshncuwth6qe;pdmx-qmz3vuskr7armfwuttgggxifyd8ylynvnhfqrvrxceyru2,0
976dae43ad8626220581304d10d7350906bec5e33377fdd3a0bd379ed1b3e79c,2,pdmx-qmf5nvtrbfibazgumdj4hdnjjnjn6q4pg6hoq4677dfdk8;pdmx-qmusfnawlwbyxgs2bhcpha2moc2jakoapt7nubnkbfenkj,0
97740f0912febbb846a1505f77e7e3e4a523af520cbd627067feba4d742007fa,2,pdmx-qmdynirb58sbnb5luhzqeqsoqoa1d2hbmxaymezeemkuzl;pdmx-qmusbqga887zncavkd27ykfu4elgmkeywvpfmad6wdl5f5,0
97d2d42ec80ca6d18175b66502216374d3201819533c98faffab88e9bd36118d,2,pdmx-qmvqtvraezjrqb9xyuutw2xsj5bexjutnrpg4ghryxahr3;pdmx-qmy9dub6cjgvhg53kgrxrkddpsdkqks9xya1z12rm9a4l8,0
9884bea4465633b65430faeca4bca9c1abd13de33bebb455b11721b803f7c6fe,2,pdmx-qmru6a7vc4yhldbgnjwb9l4r1cksxhmpenqfwtxpbmdu1k;pdmx-qmyqrsvu3esdyd8n79ns97ouhq6pbrj81hq7g3ccdzzbaz,0
994eb1d88bf39b463f0226e0c36429ce98d96029916b490a58a5beb792398f6e,2,pdmx-qmqecnxcwy5miewatdg9tyfhnjkgl5sfuqtpajrvoyvasp;pdmx-qmrft1tfyn38caek5c8ngg3hpmfv3kp1xg9576lemd744y,0
99dd972e34aae0e8c7f47021357125c494898e0db751e7ce49a198b7b9ba62ae,2,pdmx-qmsdt3mmj7ccpkaknkuoiu7wd1ehr7y5ic31jgzbnpk6tn;pdmx-qmyzk1qefxbt9hanivrmqwgdfiovv5oqfxtxext2kbw5uc,0
9b1a90f59c5ffafb2d7de2e18ece00bb15d3038f68d532c1d325df9c49779df9,2,pdmx-qmq1cevheegq7gae8dz51csu5rw5jdsgx5dvdfcizjaqt2;pdmx-qmwvdf7kgtae67bdsqnz4hla57vjmbsdtpbgfhsfdfwn8o,0
9b76cb05e3314df21395ea4982386ced23d3e3f23e0be53b490035d45f60e94a,2,pdmx-qmphb26qfl8wwvjc82ekoo7dhcojhvglwcrwvdqytma2ud;pdmx-qmuodmrdocjr5f7enh3teog5fykyx3fgvfxt9w5vgcppez,0
9b7fdaefa96ce7c934c7b03102ee16e854b58c62541cdd4233d1e4a3bbddc1f2,2,pdmx-qmdamh8f9kjrjfumqk1fkz6njr5dyalhvx1ffiwjzrd5j4;pdmx-qmvx8rawya3vyegzxieidurwwhcfcwgk3bagtvthkf4y52,0
9bda4ac9607f24046fc0d2dec7d84d6b4fdce85e2038b9a74cf81d62cf9cd775,2,pdmx-qmafrsrngeumggm66hjcqssgkjdflxltzklebmhj5tnmns;pdmx-qmydopkax9wnft7gnn5qbcrs4qawpbc2jwttfyfzsj7xjn,0
9bdc41349618ac4380714a34bb4fc2ad656fad88968a8b86885a68274f4d865a,2,pdmx-qmpuulk7bad926cidrtb9nzaqdbngjyxcqjnkzkqnvitv3;pdmx-qmr5uvuvnch3jbr117tunjge4kv7tpkqysjg5qx8nhnno9,0
9c7d6c63c1efef9610dc2158b2229eecd5b7a973f36c0f65d79e6c40ee7bec53,2,pdmx-qmpja1aujkvcnhkx7fphujypffnwfpfz6qtpdlsvqbsxnp;pdmx-qmvghtotvuezwrwvvtsnucugaqizdmhbm3zt2psycbfhbe,0
9cdbdee9867feac1da1fa6d856bff53c7ef943a8b0007de2dae98908bcc450c4,2,pdmx-qmbquyy5xsnppbsvkmwyphyrfv1iwzwg9tymh39qwlrnkr;pdmx-qmu9n1rg8osc1tdksghuobypt2apyzrieqibnejaoq7ddm,0
9d0c7abb57fd41eb74b38a9d2ea26f294c426f48a777175dd64ce5e0bc96dd9b,2,pdmx-qmcl7pq7amruv5jg7yfekdarfa14hdyftecq7ahvpndmeh;pdmx-qmxjmp9nylcgsa2ntzgxyungfz8s3admsocnpeknmemw8s,0
9d1af2adf067da545812cc53fb99f821a2e5b85de8622f04e291022c529b2018,2,pdmx-qmctruqm5slfey8ttudbqpowv3c7c7m5skamcbacqlqlm4;pdmx-qmwddjdjk5sgwkn5fdapef28jaww5me6ro9iaz4oaw8uvm,0
9d641d3ea4935827a8cffad151c76bac826138ca8098904185a2609b8dcc5bab,2,pdmx-qmd5jsi7yngcfayywwihnobsamr5zgltmzlohmlxokepaz;pdmx-qmpxet5arxhfim1phflp36mtgrhrlrkg1uqpcsirssmcgm,0
9dbf7543ed6bc577f6398ddd0eddbd5713e8d22d7c1374600fa47968a7c7bb83,2,pdmx-qmbrkkaphvnajvx9dzeha6wejwtd87nujn7kjspz6u3d44;pdmx-qmwuruba8niec653l9ngjj82w8gbjgeukbnh3oz742tse1,0
9dd706879de1f24e70a1c6ebdadd95bb42ae231430c9ab4f20f2a342933b9bbe,2,pdmx-qmawfht7uqdfhfeceycqmgg4ricoqwxirzpbq6ljhjdmui;pdmx-qmv46nwklq5htefpzx1xyyngkvc5b3c9j6jcgyjeykfmts,0
9e43001fa5bac0c23bfb68751b369d55a0cbbc26d52ed0adb93fe29ffd46d500,2,pdmx-qmfgfpxdstbhzzypc4vadfy1yangg88esq31actwgxyspt;pdmx-qmp4zacxxofu1aoslijdmbgerbk3oa4svybj1ydahvsna7,0
9e50aec7bddf82a8bd70e3b7d7c7cceae083f10329610f6fa25df6958e2c331b,2,pdmx-qmt1hmjwauatpf2mgghydei4bmybybadvvirjnaj9tlf85;pdmx-qmzqmbuuhxmii86r7b1ufotanj49jb9rux7np6nbpjntpf,0
9e56e033d054d5b64acd7c457b219225360d04a74ff53be11bec22a3f46cf3b8,2,pdmx-qmcbqgemifow6rhad1xjdzqra7tegph2h3hnu172rv7x5z;pdmx-qmr7gdqy5ree6l45aesgyhxkjzpvxhyancl8fs666lgemd,0
9ee064f3f00e9fb33423c11728b8efd8e051472089a57e41913d38dd00327df8,2,pdmx-qmwf1xnargwuk5nmatrkawhqnrx8anzbcxlc7ztvykubs3;pdmx-qmz85tb31l8hamafau3gqft2e9cnbwv8aafzorgqxzruyc,0
9f4b2847f41b65358fe746b2bec3923464d493ff5605a48b0938bb398f49bf29,2,pdmx-qmdnqa5gjx9afus2zk5xckzqdyh9ofrc9yzquvnrwczfxt;pdmx-qmz8rwu1wxdtedf85xt3okt96qgkkyumca1i7efazr8ytr,0
9f7aecef8a6dce11ff56552ad3fd3bce7f3ce6823604bcd815c0316c44cc78b7,2,pdmx-qmnbfdgnzgyw1yvn2eghemwbnb4bupjfpezcrnsfdfcjhw;pdmx-qmye2g9ufhbn4p7e4qmfstfblkuu2fgdrzmnmkmsn1u8cb,0
9fd4a87b2997f5b493ac9754e5ad3bf32eac572f6460446e1636c6ff6fe4c788,2,pdmx-qmfq1jd3zvqse629t4zh4tjnjwky8ole2nufchs7psgiqm;pdmx-qmqyce4fcqrscetjzq7ddfp8pp9jpewjfm3qjerkrgaxkh,0
a09fbf18e9e2a7915f5a91c02228f7885d0ae415fcbebe7f9eba115c3a92efec,2,pdmx-qmndqyb5yy2hrcmcarolwnua1wrcfvcpbkcsgfy6grq2pu;pdmx-qmukybirsnizl1qgrmfnhj3cunxkgqchyusjnqva5k7q1l,0
a0f42fd5b2c5ba2d4fb2f0fdbe53aaaa9cd356ae79f2509104a727b32ade4ce9,2,pdmx-qmbinupyg8zjhzybxyzymbecrhdm6nl35rfycucjpcgxve;pdmx-qmywxuwcw4rwrrtxta6xqe6ugmbfa28gx3hpayzbe7fhlk,0
a110bb90fae58a8da985b7cf211f6d007afa74438f7d92beefc62fd06ec7e884,2,pdmx-qmafdakpqyor4fsrycbkfpcsyzdzdeamup8hbn5pyhvymr;pdmx-qmnzvh8k7hdulbaeldxncd6oegeer2uhdvpaxhd8omzrjn,0
a1399471c4b1d7863d1b2d620f24d9587514926866469fc4d1fd1bb6fd886648,2,pdmx-qmevzcrkaaafm4nqkbeynqulaiprdc7uvvfwafcpmsjfxa;pdmx-qmtbpambndusuboavjsfwswo1hwbymyauex4jpvxgl4t9p,0
a19e7e8f95c2851d3a88e949435c6770b790345386dd3d4b988f8af1f5636593,2,pdmx-qmpbovt8h18nbm7usmuxwfx1pq8r9dvzt1mcp1hdtzcjcy;pdmx-qmyetcyy7curax6mnbyqn5uaegvn3mjheki8kae3z6yvju,0
a1b55e1eb64f907cb6d09a088a3d8d7d12a4b11abfd483d8001a815f409cf816,2,pdmx-qmnxw3yq6jdutppust3ncwwby9qnaj9jrguyhq9mnoi7i5;pdmx-qmuj1dtmkwbvqeacjzmifxwtxf2nwcbfjgfuotaamexdrj,0
a202be5ccfb1db477eb4521614a9b750e8325d62e900c8e9e5af3ed77f1df9e5,2,pdmx-qmaivgivykrqdrrvgcbm7rntras8ycfhxnzpfisacyq8xb;pdmx-qmpvvekgdj7s9myvcdabbkk7u4fmc5q6qr6ptyvyi2jrsn,0
a22b66ce2f6d9e2f4e8259ff558401b6abc86067edd8d4bd75fcd8c5a7323955,2,pdmx-qma1wk55qo2aeaoljaanxqe97ndr4fyuugojvjvcw9temu;pdmx-qmwwdtkrgo2cg6bwpvpasmfmqee6qjrm7ervbjvs9rdzyi,0
a22c385f28ee931c3375340491631da28be9723077bacaf5454ebb61bf0b3dfd,2,pdmx-qmreehyi9gbp7ekuikmgxgy1mipexhpbic1sbyxhqws36y;pdmx-qmrmefgqm79jgggg49au7nenebftswqcfwhwyzphmpyck4,0
a25359fa755f2094a53129fb00a64db421b4ba04bf8c8de4ef3e22b5c98144fd,2,pdmx-qmfaxfeb6sprxcj15bttg9tfcvvbjkeatfnebcvz1wpmer;pdmx-qmqwbufxccepexcrhw5ykgjfmrj1bgku9dlcjfzbpbfjp1,0
a26f692662688bfbe9ee395dedde01c927ee7628b1da21c07bc3635dad312bd6,2,pdmx-qmpp6wwdxceem1cfd9b8wulkditngfsnlu6cpnbk5ugwem;pdmx-qmu7jy8jsgxliwmvbsddkflvbecpdpcx18z2cjiff9wgfv,0
a2769aeea935d6e60f454df81080e3b3b4888bde457033a698012c9c756eb991,2,pdmx-qma9t8xorbqeb66byqsulal8tgwatyrmkjttbyk2pnpmcl;pdmx-qmxcoc64am4jkqdutrmr8fmejfea4xmah6uprmb7rqnhp4,0
a39fe3114e60c4a8d7fd9e10b8c21944eed45d89b97042f0809b5496db0c3366,2,pdmx-qmqmjxefxkchuw6m3dujyfzmhemmntu2srnlyr4rojk4gb;pdmx-qmy2rdjy2rcligxnzzgyqsyuwu3dvhmjjwrnbkmn9zhypo,0
a402514daf54587ece72f5eaff5d05ed9a4de2cf021eeb60c489659484586d5c,2,pdmx-qmcjhkikptx74esfkpj5kuxpzns2ynmdn6rdwk5ckdytly;pdmx-qmwtah9nwklkmdrhgfi7xjbf4kcejuxzrjzaek6mauvj7k,0
a4583a7e014a05fbd84c537d736502b011b620f4d28e8430b0511bdb1d25d204,2,pdmx-qmcakpbejpcqundwyi1gcdet2rxz5fmmspuwxggqbs53vb;pdmx-qmdfbeugncuoltha7spvrvrdpipi36fepfvpm1vy7mwjt6,0
a45c2f0fe045f444433dd314105ff82ee4e5dac81eaadc88812a1c6fc6e654eb,2,pdmx-qmaupa6cjc7trkkywhuqaetv5buoxzh7unr87mkzsumnrx;pdmx-qmft3wgtkefyajexyibjsnk2tv5hva4kdrqftl3tjysqbf,0
a470e8ba363f5bba9cedd32ff8552c172bf13f54f6dd857e95376540da4abd6e,2,pdmx-qmedgcktqnqvn3ze7fpsp6rtftvbywhooeisdgvhmpef3f;pdmx-qmrvh2ohkcz2nzx7h9zlgjdwtkwxmp39bhcwcdhikjimf1,0
a4ac8139f1411b96be79231ebaf3e0f1ee2277fe0120d950a35c168f22041d5a,2,pdmx-qmaoc19zzzihsiamyaygn8xupm3mwdcq7u8kfe3ujqsrib;pdmx-qmdhnyy8qhm9yozvwjzjxjwd16sarnc7s2lufqwqkkxigu,0
a4f9e38d7f1aaa020e252fa391f55f7034ba7b205cd27b8b92c9a09f6d2f6be6,2,pdmx-qmaues1a5jz2ihy6jpm5wcwtjkbtmb5pkjpgiu4lbynzpu;pdmx-qmtot2zrzy1f6s3zqi22bvwqrrghsk45gkf5diuxs8dwwq,0
a59c8b71d83d261ed4cebc29ae51c2a00febea07c8477f644d96e150549e1863,2,pdmx-qmpu4zmqbu5va4bhr6mqnphzxhgp1yexwkuyeyxmhjeqeh;pdmx-qmspsyuo15hxhnuekywdaupqeikujcbrtvw8eihh8nvpet,0
a5f83f674c76d3f49e9359c9f732e637ac42922ef8eb6dd430852b1f96543a27,2,pdmx-qmbqprgzzsokdtkrqwyz5z9y6uyakc48xcjeiwzbj8tfb5;pdmx-qmpwhkj2tba7sbhkjs9hty6pvy7twdgd2yeaujttvr2pzs,0
a6534624d526a4b40fef9bd1f554c7d046e74740a682f9de3b345c3fc2b0977a,2,pdmx-qmagkqyubb313ethcjordrdjsf6berpsepgs8eyjmh6uey;pdmx-qmxyul8xbv2vmanvppsoxaxrgs2wiqxjhn74yyngpxm62f,0
a6a43a1288adc11bd444cce395d0ea5b7fa1ebf0cf59973237ad6a35b7745d22,2,pdmx-qmej4pxpk2z4eses8vstq2yzab1qmwotmgjoga9jq8c3d6;pdmx-qmy2l9a44uvnb9vam5ysm8cw2vdxrqnobzbkexa7zywryk,0
a6f1ee6743133d92aa0b215547ae4e46e7cb2777876fea92677038414ef9b97c,2,pdmx-qma59thy5ygx4uun3bk6hotrfbp3gkdadnmff6rvgqucjq;pdmx-qmylwswyn19mxbmwacf5djvp62niflablf7z8vxapmvsmz,0
a74479748a433438ee7f14f6e3b3de715dac88a8914b6087bb2663bdd6921a0c,2,pdmx-qmdkrluzzkvj3wvn6t9dbdke68v3p6bvbawvq5n83wreqi;pdmx-qmpd5azwrvbgj6ewtiu1uvg5hoc8x2gsxqyrdycqrcy6w4,0
a77cdfab7dabfcace49499b2fe69f9bc650795848042d37d978f3a279b97bd92,2,pdmx-qmqwt5jnxh9j67hj5kypa9c8kdgfnrawltd7pdn2jvt4b2;pdmx-qmvkjfzv2fhjqvau5gd96mdwjx31nqssybyr4u4ydsgmda,0
a7a3304caec850122560afb7de31b2dcb8470536b1b4e2c4211d84ade53684b2,2,pdmx-qmcckrag7yx9kke6pemvjwet2jgpej2dpjwwwjulyscddv;pdmx-qmzhgmyrfawmbhhsejm9nddq9h5ybezlkpkl82juztv4xo,0
a8c62b9fb7b2786995abed2d2bc7c91f282ade7f29206bdae6ebb20ad397148f,2,pdmx-qmqbgddgf85rhthar7tgbpgc3kqa73rgzhabychkq5rkyy;pdmx-qmyqnu8bslrm9dycbmyvh3uvc93habnu4mcbbzzszwhqqf,0
a8c69ec24be2bf48c8a4497bf6019e4e2ec2f55d5658f3d5f9088668659ab48e,2,pdmx-qmdy2uqlvqszutbxjmtb5azwgovease3qcehgoacstif5f;pdmx-qmpe4argnkwzx5rxe1hfa7gjunu1dlfeiues41ngpmbctu,0
a91992fa2ff09c05312a0a64eca1a10d225d4125fb5204bfa98e4fea004da54a,2,pdmx-qmnpecbesk4lfxudfsgysht6mwkzbnxzgkxgjc8tg2swwz;pdmx-qmtccze3utmk4pdsu1q2cez9ftb32heq4fglzdrwhbbxz4,0
a9232dcbf345ae99f219c13da00308154ea9137d5418961eb26ebfcf86ccbd77,2,pdmx-qmutadmm9uwdp6a9mpfnqfyashhhdigzslek811jszcnnl;pdmx-qmw8kr2vuviumlbxydaqxgwbkcrul9ticcxqpuzeghmegn,0
a9778f296a123e51ec416638dcbe330259e9e5333304362c06ab9b92c992deb1,2,pdmx-qmtyyahn6e1djrxv87suptvcj3tgh1c1emmewydmh2nq48;pdmx-qmuerwkhjsp9oqtr7nsysufapaz6htjjkc6jyvg85nlhnn,0
a9b560f93fce8ba480a086004e9144c14e2cbee3bee92ad7531bab4397f25e46,2,pdmx-qmaibwyg1ye1rr6ygscpbxumgw1rafkjtfh5srdbxgte8a;pdmx-qmdrjnpxgurrgbyc2mveixnbz3wwfknzpgl2hbbkqadefh,0
aa623d2decc988929b5d8733cf543c079f4c94a307be0c76fd160a38a109c31e,2,pdmx-qma63drnuc5tjvn6zxiw9bvflqhqifunfv3l56vwzwbgcs;pdmx-qmvmkpu4xy4egrhnmweupxvn9rnteuufafddkrghobhjyt,0
aab8923e4093747464dcb5996912554cdf9b21959aa83eea92f99e291774b98a,2,pdmx-qmsfx9jv5mefyhf82qtebtt5nhlkt4kxvwfowxqgr8tfyg;pdmx-qmyjjjottd6kaufik8lehjfbz649s2ecmg3x386nvegjzz,0
abc2377b63f4766c0e6d391156f50bda246d25f163656463739c2b002ea4d7e2,2,pdmx-qmsoafs463ebgupfsuvfx73vvfbry8qrz9agq69vk6wxnz;pdmx-qmsovzzccxtvnvznompgspzl7x6sxnscaxszzhbrhfa1gc,0
abc7b41f1fefab6b743d7c9acf8d39a15a2caf1ac0ee620829f3b76a872e0812,2,pdmx-qmuzy2oke4f3sd2uhwtltatvfjrfiypeksa8wxp9lspku7;pdmx-qmvufkl3flgxxwyu7lnzdaqcuagjgzeoptqu4smyo1rdxs,0
abc7d7c4a37246f1db5dc414033e4c499f338e41c637473086dfdfc76795e91f,2,pdmx-qmcifzudgrwzhgwnpt87xwmhhjw7xwylixztnx1aaaqzzb;pdmx-qmxvcqanghyadk12gzhmjwjmxgngk9h9vpmkwqb7f1sv22,0
ac3681b9006c873fec0af6f4a518c45d494207d473e95fe7612200d8e4662609,2,pdmx-qmf1hlqh15ze3pdlkxjwmptbmz6pqqj3cuayivjvzk5jy2;pdmx-qmqjxdyze6uhwmcrccsqponzgswgemmlfqajmnhe9swev5,0
ac562879dbbbd79b8ce5c3182a3646d91e792781aadde9333e2ddffdcb2b4cb1,2,pdmx-qmroypbfuegqjttn6mm3pwtaocdjikemton4ej2zh5kv1i;pdmx-qmvujze6hhzwwtrrh8c56jsxrzgpdbp9hbojdpkgkwqp9x,0
ac6fdfd0160435b34febede55a9089fdc974b269934b43c7f4cd00ce8e867272,2,pdmx-qmd5hiougmyinrg2el77gky6ahn9fxw8vxq12nnzvfe1yv;pdmx-qmyzr914nnqbhdtzyet1wjsvzd81xqcjqfvsr5zft3chfe,0
acf8c0af0c3e1bc50bef46b8565783ecbf04404118e87c699e80d68b13449848,2,pdmx-qmqavp3wtstbsvjka4gswwmg1ask36gsu4cykusycakw57;pdmx-qmyebdpccpqabeppww3ubmbk5r39kdear1jmdnwsjaqpbt,0
ad0872336e4a4f302753a7a6dae9c23d238bceb3ee7cbd505d3c1b816e2b8885,2,pdmx-qmyabpzqgjcstpuvocghlfnrojqcepcwqxktostmyphq76;pdmx-qmzra6wabm9aaainyatdzbussic34eqoc41jucmetsy28a,0
ad50a0e68c74d0c80246876f22c8597b68b2b7506525b2f0585a6ab81e8953be,2,pdmx-qmb9tkwnryjdxvexrib3dxwluwzb8dwvbzzw7ljkevzruj;pdmx-qmcnf7eler9thjbihonhfkn1x4oq9lamxsxz67vyhnewkk,0
ae5dc4eb0119c8c8b53d8d253803908d8d57544aec75ad6fe96102544d8bec7e,2,pdmx-qmd8tzww7ttvd6qgczxufxef4f2qkv7bkcxhfkaauf6shq;pdmx-qmncz2fhwppuq4zrqrfnxzqvh9mvwsbvrvhmrfvn7gwfpx,0
ae5fb5424b979fd650e09b2bee8377c817969c8a097afaa963dc4784369115d1,2,pdmx-qms5tffkc7agpprmgfd9a25vatwhuzyxsis4y7hlydaxjq;pdmx-qmssfafmqv4yluxkv5x2sy2a5p7vxrnjqsjnihxmckw4zo,0
ae9578100c76654723d31ff8187a92137913e97af61646ed5cf2d9113982c87e,2,pdmx-qmdjvbpcna7uzekqyrtcyshulmpg62r3pabvugifbdod12;pdmx-qmysebwymeftt5cc8xk3qas7aqmmmuaxnwkbvy7kxnv256,0
aee73d19718d9fbcff67ee12dfb348b12ca87d82763b76ee4169e96c71c49de2,2,pdmx-qmsdilrxe28as2jm3vi41jltiu5nvd7yyjrufrkgq82fqv;pdmx-qmshtfpa2ehqent3s2ngewy1kd3jwpxfdzqxg2vnzqksfc,0
aef40c8819829a5d6159d9a7dd65f8622727a151ffa606e3334fe67febaa7f85,2,pdmx-qmuesqqrfapqvxpabmhfugty2wy1sxdgtsyiu6kneyky8y;pdmx-qmwlsyp3kkoqnu1wd1sx7mlki8aq6vdpcnvplnhc4uc1fc,0
af2e1d29dceea19c41974204d9a6936eef8dabc74e46e452f76151400e25a085,2,pdmx-qmenu9xf5kkraeb2xbi8aj7k9caubv5h6kd58dr6z421hk;pdmx-qmz5n44gntnwdgxt6sktlyalvyz6xypyvdzkkfyag8pbty,0
af581dd244aac2f7e35f1b73723f148c6458f5f0481fa9b86947941c0ee9ee52,2,pdmx-qmac9jkbkhngveclhdra8pz7hjnfvizmzeth1kaiph6pug;pdmx-qmxzfduquq8gwjotyktccuhrpcrveoksmsqpjdtfky4bfe,0
afa78b5d154f1ebd43f885e64500aa352ee085759e473b957aed21fae2102be1,2,pdmx-qmt4ydzafvqsryyjbaqugcsdtvou48aksydjbqp1e9qin3;pdmx-qmumcgzpx7gdkenv1d7mwjwhwmgxddn8akmkjq1vamxgmi,0
afe100f8f8c97247434037dacd2a2e8e3819421ab6a7fb57aa74c584ad22c19e,2,pdmx-qmqgddwv79ekxjo86zhupdyjqdczb5yx6gn4kxsttt1gwg;pdmx-qmwmx86yxf8faxueg7vfq9uhx7twltftegzdgcunycrqpx,0
b0497186d8608c612b35a573961f857130d00353d857191bf10d54790dfcbf93,2,pdmx-qmayb3y8kxwmdw7nmiqllwgx45mho22jhzqkceph66l4tw;pdmx-qmzbxundbshgfb7cbbqu7vqchgruaqjxnbimgf5uouan36,0
b06613aecfbdadea0d9bc2a9f9bfd69ed12b70164cb1494ab57b867073d31e6a,2,pdmx-qmbg2j3cljhsrs1id2pzm7vnckztvccarfxgibz7kpmnru;pdmx-qmv7pwimwsrdvxst8q8o4ugsgxjeptk1o1xcftnlcdaxfb,0
b1170e028731c5f46908868217cec65bfc08a5b8d352bcd873f6bb395d409bf8,2,pdmx-qmnlrhqw9nvxbfdyujxnnslvuwhkympfwkbhr27jxnjzrt;pdmx-qmnuoakjfgp3sf3bqdpbj5eqbhhtqgprjjilo59gasyyqo,0
b1b174361e6e101defcf4c3c09f5f90d920f2ea093c4d2cc4606ada7f0091651,2,pdmx-qmcbthdkbnveg8qbthraphfsm9gq1ot7sbaqjcy8foz7re;pdmx-qmerl7egsxrfho3crgv3mwlczvxrcm61ykc1yxdfhj3bb2,0
b224ecef96729109285e90a56af849b86b8d74557cecb8ef04b1ac59b8a67455,2,pdmx-qmqe5pvs2kiskqhmf2mxiwbjzcxyrhdozsqyhzvtbkyl4h;pdmx-qmzcthw2mdec37hnjx3acemibcwx83z9fmdeo4zstyrd6k,0
b24bf9910f26a5d434733cd5411569879dfcd8322e2c3ec8f804d002e86ec931,2,pdmx-qmnxknrfxzsdfsqwnzfrudrau5ygpgovjzbbdra5htah83;pdmx-qmzyjsmypubvypkvwoueus3hvybvhlmd3iqtkvk7f1gxtv,0
b25b8e394b265c2bed943a8e57298f39e197f02df3da588e34f73495b3809a28,2,pdmx-qmpqhsly3f1mblwm9gzrbysneo3v5une4rckm4ucx7zqj8;pdmx-qmrmtc2jscffwm1wa6ec2qzaw154xwedspocpfjaurubtg,0
b290ce715098120e92d2e4e601f2116da586f19e5914352d2712e2d4b966e1d9,2,pdmx-qmnjxbeec2a8zrsh7stcbbfaow6jezd2srrmgjvyepwn5d;pdmx-qmu2xr4dpgvhzcowdpgqwgwmpkeyzz2wwfaztpvwfeqt7j,0
b35324de893317af872545d17d8621dfa2182b5926e7c0ce8ec0eb603f2c2416,2,pdmx-qmu1zy37bmcpprhfugmak6ay2enqruvcdg21gbcxhzfion;pdmx-qmzhbbxjtdq9dursyfmf1cnoual2w392p6gtbbt36axyw6,0
b36000e22a14dc6aa6433f685318bfc924f36f870442e5af61038fbb1115e550,2,pdmx-qmbnqh74gsfkrv7gritfbrsfl28ljmu3nlcvinap5tuejj;pdmx-qmyp79ri4k7q89lgguj9gr5kzeismbs6k6fxeeijy5wuze,0
b36a78bd2eae43b056f9e7e1852f1cd306df8cea3ae4745f7261208a96f213fe,2,pdmx-qmy2wx8gytmqwjumvccdsjxt4gjkzq8vbarwdshphzmtm2;pdmx-qmzg6vop6q9vxqmhlvdxejnafdg1znfdmkgmlyv3hrdgvm,0
b39daea88a716e8020ca921b16655061982a848e4d28ef6f2e16874e4541326e,2,pdmx-qmpl9kqhuym46xmedj1rqkaxewwihud7npg3tp36gtmd9y;pdmx-qmqjxhwg6vksdvg67fbj7h8uhm46lurqyih1hsnhrvvmwm,0
b3cc8e76eefdcbbcf170ca3d91a72f98633e69b296c6e900b695d8b0ddfb1833,2,pdmx-qmd8pksr3q1voxhqrukutgh4nwufp68tbogqo2rksizrxj;pdmx-qmsqip4wmwtppnho3dm1tzua8k2xasmz3yshplreoxe1vt,0
b4c2bfa4140e670f0a2b179d2f9e069c5605cb746e1c66dc714bb9beb3125ff5,2,pdmx-qmvmlegvkdcwhzqd1chqkqps1g74g2jkqxepwqkhz24xpd;pdmx-qmxkkhd5wfw7oohbfrtpq6eecfcmkhz7rqhcnrpf1xlae2,0
b4d8534e7cc66250a0fdcd677e0d10d64fb81c5a5577fdec9624d0f20cf21b5c,2,pdmx-qmb1qrwksbdgqce4gfvr1ixer3yyr8uswsck3ltu7mwq24;pdmx-qmsuyrzdgswqrtbqnf5a8alzrr5bopbehxcqk8qsmrkf3s,0
b5681faceb8cb08299130e3823e393990632e8954b4917ccdf3b93fd1551333c,2,pdmx-qmnsrviboht3jjadgwejpahozxhx1p8zdbdskdozxsbqdy;pdmx-qmrurqc55qvl4l7upgkout42stdcgxzdwdbxsftd3xkjj9,0
b5e3eb09fcdef441734f05530bdcee10f0c4de81a09b5af17f0bfb81ce89cd6a,2,pdmx-qmuxddza63vrw58mpzxp4ygj89zqvmwgturvf8x96cqqyq;pdmx-qmvistu5sddaw259c6bwwpythhgp2a8vnbtsmfsapsomvn,0
b66322dfa759b9d4b98601518210ba868f79af606033fce77266e66acbfcf0ea,2,pdmx-qmrsp2epcraysszehbvjekqdwp3ygqmb2ebztueeol8lde;pdmx-qmw9edhihpyu5f1gnqj2zavivv3vwgul7tjyhmpu7mzzbz,0
b71b5ee3326894287afd808be9456299ef3e41caeb16c462f83597620c34115b,2,pdmx-qmu3zthj7ponb1uftwnt7yttgs5haahyktshuszqruyw57;pdmx-qmyn84u97dam9wbuhqu8pkzkgwtypmy6gmdb1e8s6ughrj,0
b746b52d657a404ccb50bd7092ffd621c3d94187f737809dbcb8f21f2ada5610,2,pdmx-qmnmiuamw9gayhhwtwtavgystrys3b1ueubpt3nhxn3zwy;pdmx-qmto4gwkpczkkxjnaidw4qv5fdkvbrte12qyktn3ig8f6b,0
b79ee47b1a719be86b40905f028c302bd2c57295a14a89cbd20251247244ac9a,2,pdmx-qmcjnzs8vxzft8sraxkluxowetdv5shrjn3g1gcnnzrwgt;pdmx-qmw474vmognuxvccx1r4ebkosleeos5t3jvfk4mbwrxbvk,0
b86a9bff8f03923fa5a03b653e63efc5f71f6209d83953e0a1ad644f4aa3ed92,2,pdmx-qmcz3qt8dfrq27gsnswybjjduzmcqmedjupenxnwq5wtdd;pdmx-qmwnbvkrpvpnq4uggrvvshvhqxfyee4py6xv4yz89jwrt4,0
b8b34eb5e1a006458c324a454c58c90d412bbfe93b3ff001fdbf2e39a637e27d,2,pdmx-qmayddcayqp7mcctwxpkvab16vee2vmjlmu5mdjryidx1s;pdmx-qmcn4yqcwsm5pwtkyb4hzxqyowuyfzp6ezf6hy7fvnmvsb,0
b90a3b11262121a97c8f4cb16dd2a7566d0a16d0b9fa8e7923c36641255b1050,2,pdmx-qmdantwaahzr5nywq7xukzxpnhyn7csfkcxjpvoyqx47e6;pdmx-qmdarqxgehu1l15arzfg4gddh9zghwqs5wq2mprbd29juz,0
b982b43b35c81d909c0efed163bde44defff94d7e5786a7facfd9caab6f3f130,2,pdmx-qmanghbgrrvr4vzibfk4vvgrr4ttvrouvghswsamfgbeuz;pdmx-qmskndm6wujxqfn3q2tha9coke27hcwz3spjjxaygkblbu,0
bb857fb00f236f609dab96366a29d19ee4cbf517cd5f737adfde678a48ca89e3,2,pdmx-qmwolt3gpyzsxn46ajjrnlryt1bjrcb5poxlhvhhinqjse;pdmx-qmwvlsbhz8sm6nt26nvzztap6egayy1gkjdjvyehzsgp9a,0
bb8639255577d791bc5cb9dbfe677a24d5ca648a377eeab41f205072e55c618a,2,pdmx-qmrwbcyrm4xrs47nfmxnpnf3dcjcppjtcqb3uhkk4qdj7b;pdmx-qmyfx6tzmgxd3xwkzltj2y5cfmwr2iuwztlsnfwcempfgu,0
bbbc662dd78198e03970e2ab52b00209cbfd57ada8d015d5aef9ef2dfe6bf93c,2,pdmx-qmcpguuvarbnm6mrvqcnsttnujrrouxlpwy3bs8vm7yhk3;pdmx-qmrsgqtu49ynicckpg7vakezbaxog4udfu7jxullyjnvat,0
bc411d01be8f69e2c155423c65da492bdf888cb7c0793153a27200b05cedb36e,2,pdmx-qmazstfqtmuxhtfqppztirazwv7y7oyjcfax35jjnt2qlr;pdmx-qmbyxptvcgd8evtg3uctddj4nk2duzgehe3jvpunffyknb,0
bdc4c6ffdcf8f3b9fb7f31ca3d39df52f4c8c1a3c04ac86641c9ed2d6e26d6ce,2,pdmx-qmf8sn9mtw37cpoinsy2bj5z2fnctsajm5glalcuvsrarm;pdmx-qmpuc5inth7p5emawjoomjpyqkyngcyasfrvghxc1qgf25,0
bde707e71e5f57c4305e1a802f948f5ec9aa1e4d2fc8deff5928cc8a5980f6ac,2,pdmx-qmvqizpgwldivx2nlzfmaw6i6dxyyy1zafx5qburipa3nq;pdmx-qmy6vfxfrzjgsjqyafprue9xuh19rntpyzmpkdnvuubqul,0
bdeb8fa3af616ac9c9cc1b0a0b972ff419756579e95c7c0d0d9cf67ee1ad99ad,2,pdmx-qmdvayv2pk9dqpncnstpe9jorteu8vos5darqrx1skyx5u;pdmx-qmvux3uhbnltgupgkll9dlx7dt8bgwyzr7khhtg2jk3sdo,0
bdfa41f0858b202756d509ade36eac2d5ba598b31dd1d89a5e1f935a9c8f8026,2,pdmx-qmqkyv4orrdughs6bgpc4jn8qdxppd7p513wmx3sbp3uev;pdmx-qmzubtnq1krmqrdl3zvtifgf1cjeqylzgkgais3nnjkg9c,0
beaefa750511623d3d6864656a22be18a3ea2e0135b22095216b2f93048ea9c5,2,pdmx-qmdckypodddzgyc9xhnxflm8mqzwsdstdfn79dddvws6zs;pdmx-qmtdv2layy42hivxgab4y4jna3mmnnnrpky2rrm35xu2df,0
beb5ae22e5244ebc38ce56cac059178c7d3a8a15fdb5358d45ce89b1995f07e1,2,pdmx-qmrcfgbtvobicsod7h45kxug6hh2stndyuccakhssnrrjo;pdmx-qmvuabnynih7b3hir5ieckkyi9sf42s2f3vvnvufkwxybt,0
bed960b2f593418ca34e70bee946f1dc7944b56af191ad9fa308375d628f0cbf,2,pdmx-qmwnxtmsrqzftjigu7s5dsnafpyymrlbn5v1e1ewvpva87;pdmx-qmx24k6mvaknahnxkgrqetr1sxzz2remngv75q8tmxzhqy,0
bee38a90c9560ae0dbfee8b31b0c68322ea8d1c92480c79530bf8ddde650c530,2,pdmx-qmqrjbkgzqhctmuwxi5tjzatp3gbvwqimyspjd6bbehyya;pdmx-qmt4mf6eqbrgbyfvwfyw6zpyw2pe5t12n3cs5p1su7sp44,0
bfd1585e96b4b11e03f63762e81b2a4ebf8403b58b4aa2a0bfcebe8b1511f4b6,2,pdmx-qmceiovmfc7u2nzdgrvkalzhuzjppnmxw4wewocdrmpprn;pdmx-qmttdxpswcfctyzpts7b3qbrr6jvraasfbbc6dp1t2dody,0
bff6a68ccfa8a7ff97716d245d41311ef399cac70175f873c75afa7b27491ca1,2,pdmx-qmxktykr78spv9twaaef3a5b91nczn1nxsytnyf83btvde;pdmx-qmzhg9zss2tmjmghqatq3zy7znnazqb3uva5v6sh1hbrue,0
c02e7262c4e60c41540ee316727071dbe15aa7938736dbaa50ff96518f885de6,2,pdmx-qmxwtu2f2bku64m6ysslh2zfjwev1zfxjjk1n9kkpfyzkh;pdmx-qmzgejc1wvnjwb3kyystp4ykp4zgzlqfeeqtew5391cbvd,0
c091979bc8dcb5b64d793ffa9e5f14f3e360065ffce00e5189f713ea08697f72,2,pdmx-qmdrohsbwqmr2u3jdqk9eyfp3lvdtazrpg9ecocszrpaph;pdmx-qmpnkdyys7ihje92qwt8hqsy7dbpvknu4qfw7usmk95jps,0
c0b30e30d33da5d18f385e69f8cee0717078c90c058780164d753ab85f21fe26,2,pdmx-qmwvg9m6hmlrrxnrbrbuv2zs8iawoh3rwz5oab7rlczqjx;pdmx-qmxcd5cgfa8xh2c668ymm4fir9i39gkiyejioseba5ellf,0
c1aa924d5b301128de012ed0f5bcbcf48008f22ff38990f8dd90c564ff2369b4,2,pdmx-qmsagqoq16cdfl3bnnkuetswdovc8maigbv6dzccjpkh4m;pdmx-qmscaqaqwykutbit8indkceweffe7mrar3ewbvssfxksrs,0
c1ae5d5b5d86a8afd73e1781cd1dec6c4dae7ae720094425294a77cbeca759c0,2,pdmx-qmtkevgt8cynch4gwudw9dheykfrqxtncv8k3uwn9hlqnd;pdmx-qmtp6ctwu8lnjyyayjstqd4nx5ddfwsijdtzkazngkjhjo,0
c1aecf59b4e95a0c59e72dc7cfda8f93bd1c209c64ceb071cb1b99d6dc164982,2,pdmx-qmaetgzejhb2ztfhwqhwnqt2vhpn3desfpwrqawyxpmav2;pdmx-qmvhvft6d9cafwtx3ubxugwqj139fp7zcxspacmfmt7c8l,0
c253afbf088b7f345a0fc1688fe4e00cab4eed9e64c3beff43fa5f8bfab0a625,2,pdmx-qmelw2qcnxmhzbsmztunntdcvdpqunnky3bkzxr2crtdnx;pdmx-qmpuh8nab1fymgpe27hdkirtujpfq663wum88gbayoufqh,0
c25d66ae7732f8a7ce381c1d78c87326853f80fca99e0c72ea4da71c0993a0ce,2,pdmx-qmrjgqajrudgvvxtpozf3jk1wrlwzsuysjmhgnk3fycqia;pdmx-qmvp3mmc8enyjcqc4fosahrprhi5c2y8mxk7mavqgkjryh,0
c2d607d85bc90f94f82c57928c942666ef832964229d9044a1d7887aca908b51,2,pdmx-qmaeqvcydsqgmv7qetkc7vv78q3rknh9ymmxp8spuuut5v;pdmx-qms3qg2rb7psbu1smp3wt5he7rmpeosnxumnp35v7zdsdj,0
c350ad684ad5cded07782712722a11663593bb4f708e02bd67ad72db69d417b2,2,pdmx-qmnfohvygd1wiegck5caivywujc2byvscrd9x7mm5eymu6;pdmx-qmqgcfglpt6pgwyecaykqfgrzczh6ygzkmrwyvt1tutapn,0
c3723b0d125ed6677224f612eec4a37861099c268590a4922bb5cab34d41e312,2,pdmx-qmcmzns698ho38unoah64gxwkgmpg1ps7jwgyeqoundbnw;pdmx-qmvjc9qhhrhsywvcwgpdrycgg49rndkfmxbohnth878puw,0
c400f80d58451308ad43af15ba1c0ac631092f58906a124ef550178a5f9e6300,2,pdmx-qmf43pxtgr1ppumajnsts2nr5tmzxwyppksn5daf8baxs2;pdmx-qmxfvh42cmvkew8eazwvc7kuaxy8u6axkcklckzxf9qey3,0
c4747c409a37171df2ecaf77c2ab77a8c042f76155b0c381023cbbb07d73ffc9,2,pdmx-qmdhj76m91g6giewsjp8xjrauxuwud8xsqj2rmybe2acdz;pdmx-qmsjjctfmlr9trbfnfpxtomzq3pvxdjl8bfuh7r6vtxrij,0
c490f615264dc719db1ee8c00268b9d3a614ead0605bbcbad63e1c695758d096,2,pdmx-qmtgslr7ftcfcareirqmjfle5enjkpnryrbnvzpe3yd5tw;pdmx-qmxa1vqrnvgkgk1yokcmhnjcjpa62sbcrnkwue7csxnxxq,0
c4ca54eff50d4e8901c3300908de7b9fc03f8cf8f186926a94338ef77fdc62c5,2,pdmx-qmuktfrdd6vn5jhk6nfwh8nc96gqi1mhywnsuxa6qasgn8;pdmx-qmvpebydyghmawarebrgo4j8tuyd5gb7cmgsmxhyd6v8m7,0
c4d86ca75bc87efebc79a6118bd1a7aca06855f5dc9120b1a13e7eaaffc52a5d,2,pdmx-qmc9utezm3mhmrefduazgqfkvnakr8ohjrnvdva47hu5k1;pdmx-qmcnf1yt8cavf4my9ardpukeehe4pgdqlx5mresreub83w,0
c4ef2d394211b78e802384c70e0c7a75cc3939acaa21c00d58f1c88ec58cebf8,2,pdmx-qmeljq9hnwaauy4wsobdot5cmqmkltujn3cyyrscrflde9;pdmx-qmq5icbmdvtv7ezvdapixcioreornpz6jnw63t4shpcvpy,0
c6b148223463dd56ca0ee1f4d7ab9da1fb3827b68d2017d2d37bc212cf078c02,2,pdmx-qmudtyoacjaqzaixwwdahwmg5igxvc9hjnp2sj97wkgq1l;pdmx-qmwncynbkxvs8vwtrs162djdhu2ju9sfmhnedea8izenb1,0
c75553b7a87e5c1eb29b84823a3732548778b3edc2d94dd75ab06741dde14e46,2,pdmx-qmaqfyzgakz22cvbkwjcdcheapftk5sq94f83ujsb2cdwi;pdmx-qmpjtzpvvwfw8n3bblejvkef8zpeisfx7mzp9nqzmxweat,0
c75888fe6611444501ee907a79cbdfae3f9575c8a1a78cd1cd91584e4b15982b,2,pdmx-qmtyhkccuovsuannmlpz7vkawxfuhwcjsuqqn4zsbqf8nz;pdmx-qmu7yubvdqvpsexzxfsnyeprzvtbrcmcjlw4pe52teypem,0
c75a51496cddd518284fa95334b07886352f4f6410d09dbb94b3891ddcddd28b,2,pdmx-qmcvsma2rphtrh1wpi9asnswnqguhypdtsybsfl3smq1pa;pdmx-qmdzdr5j2xpfav2868ysgtbk36t8ghk8ty7vfhukap5xye,0
c7869aa7c745564ee32606b11a1ea3d299f2747ed9ad3ebc20c82589cfa98505,2,pdmx-qma255ekuaevx5frzgcpv4zxn2luz8y1hxiykubannapuc;pdmx-qmc8wxtrw1r5u6qfrvwmr8ydmk8p4kcpffvoqnyn1ifpfb,0
c7a98065090ea9612fc8ea8577e15de0133a294953f5fe37a59ade172037fb38,2,pdmx-qmrkkqmagkxpyzs1sjs9brtfp6wtlzxbq9gu3yylhjnlvh;pdmx-qmyry9y3f8ug69qj55qpbvj2hlkjdmqygcragx7w9udwsd,0
c7fe5b5062733afa5fb857a89fd9d7a5cc6c5bfaae4154e377dbc96634dc36be,2,pdmx-qmefxhakpwrc4hvxpagmeddkqpymmpcchxdshuszkqdat7;pdmx-qmyfhyasimeqwtymgpf15ljrvm8yyfniqlsqgrzqar6k4g,0
c8b4a31ee98b606a9409fb0fa9c1ec03b34d3e34b909b7ed9492716d37258c22,2,pdmx-qmfzwb31vkm196zoqjp9iumudsnuyizza9zefk1kjnerdb;pdmx-qmpxbnwyth7knznkpr3uwgzqxfnq7dlkhjj9zo8thqn8t3,0
c8c0aac441348a64bb49f33a826034e4eb362d5e0ee7780b6a33526503c2795c,2,pdmx-qmnt8ubxc4nmu6gaqrzwxta8ueb5capzfqzntyfc1kovpz;pdmx-qmv4xemumdwtg9jjeovfjdc1fqxyn4jjycc54kgopoc5ej,0
c99e0fbcbac45283784d2bcfdd222e282acafeac07d39180cb4151b52b63513c,2,pdmx-qmqqjndjigefpqiq8tadudtp4in5hrpprjszh4733xmqzz;pdmx-qmz5edkbhev9jepbpr9mcdsercphfnspkgplhjwjtztitu,0
c9f313097baeed61c015b5f6da81f7c47b1de1533a267bff7afb6d784ce19590,2,pdmx-qmpdplbrmcncskxu7kohtszahnlmq9qeykdfezvrhjh1r9;pdmx-qmruxsxqotmfyd2zdatnvk3luq3sxvkshmdt8ead1puejw,0
ca527559ccf1494207fc8587986ba0a5f5d753d592b01cde1bdb31f72c5e8097,2,pdmx-qmpvvl8dsrkxhewojpp6ch763q9a1ver1akxzeusvbymbh;pdmx-qmxknbwrrsfwnxb1uytx1q7m9fky2agbaabaq2pfgyeo9f,0
ca5a39f4d973351731e94148e1e11915aaad5d41fd166aa5d3891af5f496cf0d,2,pdmx-qmrzrxzhtej8ykvc1u8rcvfzmeq9jg1zvguftssk221x43;pdmx-qmvggdag3fzsh8deqjwddjpwzggtc68s3app2hvpp8motc,0
ca7721d98e480268ee3c8134fe1a0ab7fa0d7855d376859f91f08d3fe103eb61,2,pdmx-qmv9xcezsf1xs5abeuyckwj9fs51hnjsqufdfjmeturtpn;pdmx-qmzd2clzzyhdctf7mxm9dadddj9ze3kvt4cz4aumnaqxfx,0
cad0be36e4e6532b63bcab0e309c09ece9b08d30e9887494dbf1c7ba74987265,2,pdmx-qmqepwzx6fyvcgkwbxfknkj8auyvwjcxsu2prrvsc5oyzw;pdmx-qmwpganr5agtkwnjhfpufjejus3mwkxmrvvtygcsj4j6g2,0
cadda97a824c068a3ee961aeecb94b534c0e4e38b38923a731e20f62668e9c13,2,pdmx-qmdizdpbddxvhndo6susa817hcuvfx3uzwqtmqbqrooz4c;pdmx-qmr84mukp7bubwy4dzeuwwfemx1n1asmqqmyntngfvckqp,0
cb29100128fcfe5dc1204585aaaee68bbf867e39a013eb12abc1f38b6fb058ee,2,pdmx-qmvjcoauteo21bnsxgwmx2cwbcjpgpe4q3o58eacxjt32n;pdmx-qmvo6rdcme3f9ynfazkbkhasmgvushpppnbv4nzjq9zn21,0
cbd40c7a6fcf47f0e0567b1e59c93a2f0ffd5bc9b8cb964535b928252873107d,2,pdmx-qmdhg96j8cxtagqnstsx9ntaf5bigbkubjhywuhzze5ur9;pdmx-qmptnyk6g5wdywiarwe8rkvc9m52dsbzaznpgdhmhmuhfk,0
cbf63301064adf98922a0d89810acc05bae9023c864a2dc99f2554f3228ec852,2,pdmx-qmagatejl2mtpcm2yf4ce13fankrg4zdqyth4e1lyvdjoc;pdmx-qmbtec1vrt1zuxk5hqhe2fmmxp4kgccjrzstmeda7wxvk6,0
cc3fde1db553374128ef01341c711d9523ffc49dffc51acfb59c44daf7a3c51b,2,pdmx-qmehm1jcp75xssrs2yjcvqsz4f2mmmh8vhjxmhjamxinnc;pdmx-qmvopdhfpt2is8sqzkpkeit59yirygnerociq4fklnyvay,0
cc40326d22e8f44ef1ab868918e794829a0bc3e37835f045941569eff662c276,2,pdmx-qmeylj77tqzwsfjvxmvyewpx8pfxv7hm1xhl4tveypzxah;pdmx-qmztjydq6zjn8wmrmnx5jb6yumh9us66xmc2nkvy3ogpjp,0
cc96c17132d0a0ef1adedd61a95a123ed10e36e83bc3dc1a56a5107b6a69ab27,2,pdmx-qmd5iwzthdflrvmdkw1djwg9sycbxye5egdwsepa6hz9bs;pdmx-qmnprce5nkn6ky63soakyxdkvqgz4r2xfdmkotszjazfay,0
cce1e63b25cde3adbdd3192bdb4c15f56e8618d62cde80ed984962a320eb145f,2,pdmx-qmplea1eefh4emstbnbrncybyjtjka8thpufhdvc98q1cm;pdmx-qmrviwenwcnper4gpxzz3mjcs8urprymceg57jqbbsbcbp,0
ccea94b44361eaab0c5f0435dd91e92bbcf41a3a94084e2b04c6f101b7223dc1,2,pdmx-qmrg9jmfauhr4hvcmnxeceaq8pcjc321xgwbfvzbfpttyk;pdmx-qmu2wz3e8rctpvvtrhnyxnndduchdxd7xzrnegyclrw4gv,0
ccfc38b67754258c4ffc0c919005de0a1d883f5fa73e595ea810a7dc1acb9a96,2,pdmx-qmsrmwd7xu5655yhmn9wzitygnutpfdcnt4zaqquivh6kn;pdmx-qmy95bbdt1uu6mbuf2muqntdjw5z5amopa3kgitieg8kms,0
ccffdf44b78d49a5f7f6e7b49bc9a39ea6bc9f7b59098548beffbdeb62859c90,2,pdmx-qmrjawwqn7vprnm8pnkyfp7u8avho9euqvshqjl3gyyxd5;pdmx-qmxzd1jrwfanyfuzir5uyes6qafhmqspbwkcassffg4zlf,0
cd33ac426a6c2bfd2f92b2d2306ba7fbc6c6f61278158c73e950de109d9b0ca4,2,pdmx-qme9wsppmzfbb3ustkbzikplswijrryrcauzf1rhkjqrqx;pdmx-qmwkk1v925rnfnxepkuqkmqypntgfsgtsxwfoxgu68tpel,0
cd57a37f451a9e5f172d7567fc524ba6e15f7a442410e0a968e7149afe6335a0,2,pdmx-qmbyjw3jvpe9ohuvjacrn8lwyowfkgsfzmk65dhqnqer5p;pdmx-qmzwjjn5kk7ayxe7zd2tbfamirhj3z9eqquq89pedtdah9,0
cde02bf9a6edb221ba4d8acf5bc378edd6a9530f5b99b78aea4552fe5558b987,2,pdmx-qmqy75y4xqts1aybvpmm3qdrf2d9z7cfk4yq6bdikan7qj;pdmx-qmrwghbkvf5vqatwdp3fzdzrcr61vu35qdpxfnukgsg9bp,0
ce83d3cebf7e9479886d0e5ec37ed1acef73c1c300b2e44591bba36c9cbf8038,2,pdmx-qmstqqydfkchkzcurufd2kbh9ssgqdaxn8f5rpvjku5klu;pdmx-qmzbweuatddcmj9b5zjstib4tvlhkkcagyxjpmgezldo7d,0
cee015a6a6394d635ce199d0b8c05bf044fdd3a8f3e11a353e8cf37f39b666c1,2,pdmx-qmraamudbo9jfxqvjwrjcpnsujhqexwbswldwvnrjnteim;pdmx-qmzt79rbzyqbyil6wwqchradic1rnwulbuxbym6dkfxuck,0
cef90fad2bdfbc9273b682b32e7bad2c664fd115c06db3695eb5f48f16e5ca29,2,pdmx-qmv7lqvzwjyc2uppakuewc4udznpjtuwdvextqgogyjjze;pdmx-qmzvp9htul9yzkquncpasy18943pbdgkftqjegtojguunb,0
cf4b4c35b4713be02f86cb5f65fc4447b7cb110ed8fc3b4c7a464e938613e5c3,2,pdmx-qmp6yvwfceqfkahnnx4b6nxyqh81hrokun9j5uflhbihtu;pdmx-qmytbo5r5bxtmyyca64dcv1yney8wkcxjz8wczeet4xr6f,0
cf4ea9a1136011d86e9701b797b429c6ec4f3acba9e1f3df28d5bf1520eeed81,2,pdmx-qmegf3zryddbrqbpik5uwurtmvnmxn4w7jzvgez4w7n5q4;pdmx-qmy1cbj6hvmxgw8mxprayvfaf5fv1urprr2aqfbwyctrcr,0
cfd1cb1ad491c76c13eb13d38c14a9b4b4bf914eedcc2c4ccd7380be0f199dfd,2,pdmx-qmdjrrxdyxaa313hmkhn8wbfwcce4i4q9gvq4dtmekvwt3;pdmx-qmvdqppos3czwantkqafrjiduacr4cahkxvy3xxgb7shfd,0
cfdaf697df299d96bdf9f4214551c7c6287e5c6a1729702b3e216cabe95b0662,2,pdmx-qmqh2d6yxqynd225wkax8zlmcjrimn8x9ykjlznyywxzjg;pdmx-qmsrcd9sylmjfypt1tul5s5rwevuxttzzeyexxalub5pn6,0
d030c4bc07ad68b91d8fc586f4b3582b2e1cd0502ddc921c4496ba346b6082cf,2,pdmx-qmbk4yvxizaqkvp5hl26lku9r9hxgmngmiv8c6htbyy9zm;pdmx-qmy4l3vpp4ttexv2ysrcebczt43d7pe675snw62akq4ehb,0
d047ac44d1ec9d5568414a38bf6a756cc93ae205aa8029669194300d2f9683c2,2,pdmx-qmdfejj8l3uf6thw4rvw1yddxwn2pf8zpkyajnajgv4u84;pdmx-qmxpquzshxuuiq3xajxdyrsbvd8q6fqoqpd91bowyk7toe,0
d053e580131f00a9699076b7002d79c0cfb8f46dd13654ebc48ef6685f98f394,2,pdmx-qmrmfrt2egwzo46ziaelef9apwrsyzv475qm7mztsckbhm;pdmx-qmynhcbuspcqw4cj4yehngdglkrbnrvbcq63jxigmtpwgm,0
d09bbb91313a968c1175399f19613787629ea7727b44316a2ebe4dab380e2de7,2,pdmx-qmc3pcufpb4ch22zengp7uvpxkm87cutfqrejmbm1s5e5r;pdmx-qmw9ygo1pgw3knvhzry636qvdcyretrvpts3ybzdo7m8wk,0
d0b161023edf49d3e9fb3ab087bcd1343a3d5889f953ccc31dfa6b5335d02b4b,2,pdmx-qmaqnu3gtt9vjovwwcqmtwmazar64hutzkuy3jnwyangsx;pdmx-qmdvqykn4qxdndlywch6pxxjztbrftj4y8n36rb9y8asam,0
d106bbf4ea0957755b72c4d986c31fe2134c15fb080f9353ad2b2863da0c1654,2,pdmx-qmpsczsscfgmcwdeume8mtvsebskghhyrx3mhzpnw1pvhp;pdmx-qmtedl5ej3f76ua17824rmjpkctfz7a9jjfuzbpdfjyw8g,0
d14fd2e8b6c2d6356201a301b878fe8cd2baa9a01d32711cd8d1f19c83208865,2,pdmx-qmngh6g9bftekxbuouetxbyfryovk6gfps6fyesnzongt4;pdmx-qmz5fzhunvgmmbzb4yk1burmb1lmgfvywsyim4xyf9m9ad,0
d197abd48cfa5947a737f0291916b7b969e88cd19502ef1668aeaaceec07a977,2,pdmx-qmruxgkvfgvt1yrpxtsvnjtrrqcqptwkkwjp5mkscosdap;pdmx-qmsgnckpdoazmfuztldn51hffy5oyhgqdrwtnvhdrtmen1,0
d1a57c377ca23ec462a2c2debd968860e1b8ef852c7576d947e0d1e408cff90a,2,pdmx-qmcspqtsawshcnpjf9bkiuvuuvgk1kztmiqcmrdsipxcpi;pdmx-qmvfdxtrwqjhcentpwjzqbmdoeesblkpk4pxmxuilqwrtg,0
d1baff743f2a9756fa00a5c12ab33a0d75968f75f48c56152a3c2103cb095ee7,2,pdmx-qmwaopko27jk6vwuroup6drbhlmyuee59dakhh8laqrc6j;pdmx-qmxg2skmsg6dewieuimdjdumrawsqcg6whjjgecopdjxcz,0
d1c7d50d4715cbbbee558fd5d800083f2d910f13fa9903f73f82ae424409a6fc,2,pdmx-qmutqcor68z2wq9pqczj3eakm7pzmpyydctpsri5tu9zwq;pdmx-qmwvvrw4a5dondguumsrwu38hl31g1s6munsntbnstcofq,0
d1d122320bf60cc467fddaa180b5dfb27fc754cd5b6c771f3ceda2b2282b83ef,2,pdmx-qmd8vnxpsjkrh669kqpzkediovb6hfugyjks3ktk7om2vp;pdmx-qmutfvwskxrcqxwzik8wurht5hpqaxudd9unaifrnc13ce,0
d29051f5e5b6a2b7d5617d98eec2fbaba9b72072c7a54445b8d96d55b3f25155,2,pdmx-qmnv9gabyyfk5utd27xxu7xbv4sd6oroirds8vdifhnyje;pdmx-qmsdnhdybuqnxvmmcdgact4lsiozzjtx9tbgcursatjnqb,0
d2a5be33a03d0b3c311447cd8be00e597031feaa91476d1877be0f586660008c,2,pdmx-qmumec8s81gtq4ghrogstwa3ch6whnyogaeuwwucegjfl5;pdmx-qmvsinaypt4w6tpkv5kqx1ghhuhq2ajmdlydnryadvqbxz,0
d2eb7958578a025b6c3b1b5078f09f92b33518c6b1ded80fa606ca8bfaa4e6b0,2,pdmx-qmsfbydqjrrw6qmbkipdfuxtahe225sg9xtamjhzes6ee4;pdmx-qmuqs3izmhx5xfujpkbevswzlyqgij46c8l7hyurvrd9ii,0
d2ffcfc87e2a750fe83001756dc2b401be13040f742e54fb79063adaf316beb9,2,pdmx-qmcnrgzkjkze8sra7k6cmlx7uv3xtppsnmfsghwprz7qz7;pdmx-qmcp5ha4qzp8ndy7itvzjgsc5mpxnktig4ejffmufd8ejs,0
d332dfb86bbb14cec900e5a8f899f09b376e5493c2fe51c9bc22e48cfcbaf539,2,pdmx-qmcxhuzasvsohife1sg1rjvykx5pcqfzrsvga345ydgjb7;pdmx-qmywsc23ojesktb4qqikzw2m18vlr8cp6cs7pvda8vpn47,0
d388ad9e78c1f1b2a3c1b1fe9685a6ca4d02f4791591652e95fec569cc5c9f9b,2,pdmx-qmb1z1gneutarx65chcxhjwsgyan8xtjepkpyva42kirns;pdmx-qmba2xppw9it2stv6kzrs2axv61pjrhbtn2xqivq2gqgtb,0
d3ffc67775d8594fb07f4d76f91bfe17539444ef5c3733ce118296a3c5fe197b,2,pdmx-qmdd7bcxobazls3vajwdbqea1pevprqtjz3kxptvmvpguk;pdmx-qmeua5w8shfl5yazum2qutitivyb3mohvathskvtgm1pcv,0
d41c763fbf7e24235d5e563422b53420924fe09643902fd5c2f18b49f666ebdd,2,pdmx-qmshfpwyyr6bkvdckeqyqbdrmgfdysjnmnvgdzqnqykswa;pdmx-qmsxu52n7g4wtur7axf5cr7ntptbtmzptfhbmh5lwzgktb,0
d426e1f911c7a5903f2acf771d170c933136928845ed25917f476e84c5303748,2,pdmx-qmfkrjqdwdfyr5u5kntjzz15y4gpnqfvscrdhznouwygrk;pdmx-qmxnxeteht7ks2muhrx2qoxkyhvtqwz6zvuooz7jqaw8cs,0
d4a4efbec5548d7c55e6a860296e3f858285353d88d9c05024b823cdf86de789,2,pdmx-qma9lkkg3phqoatsmcw3kbatm5qz5d2yvkznbmhujjh2kl;pdmx-qmwejswsqz2jgut16ikg57b9p2jkcbshyozrgsaci7kmdq,0
d4c0bd735e6475aa102a4bb766e4467850c68b9679ed04c98b402bb9f303351f,2,pdmx-qmrzmzwv4cebnavsjgxnsgwzbcbcqhvy2zyqlty6m7bfqz;pdmx-qmwgfrxfggzbuovwefj4glssstnrqvvzguxwauu82ibsbx,0
d5260538d92d01bcc7eaec04778da8f1080f8ca62f430dd84e9783d4cfee0738,2,pdmx-qmapwtaidnyd7ungywmynqczdogfsedhgnct5azvn36lfi;pdmx-qmycbcsauykhkaokzyfhhnp75frtpb59p9zcq4mciy848s,0
d5317b232684ffbdeccd0bca2b806f64e25b0c603136dca39c5d63fc9dbe2a8d,2,pdmx-qmqhxlpu2juy6dxzng98ihaonwajwauaqlomntemj5n2pn;pdmx-qmuho1jhve862o2ahegjpjfd32smk1qbikxfp82x9wsdpn,0
d565f7e4cb1daf521f368aca6a0130702632826c9cf91e5b2ed40822075c26f2,2,pdmx-qmagj75gg6nn2kkuwnnwqoa7atfb98wenzuaycs6zsfcou;pdmx-qmp8qys6v1uz65pga92ap1vsyufx7mpkvfuu9e1ex5fwju,0
d59050c6a24430fceca7f0c2b1903ef26d6e4fce65781fca8066319cf7705475,2,pdmx-qmstwcnayvasnnmt93asu7wjkuvrehxqpo9trsa72qgaew;pdmx-qmxtpcsc7ky6ptnpgzfusbgzxxka6n3uvd8ujerwiwrdr9,0
d60f9068fb0134d7d2012bc14bbcfd47ce6f91e7db695a9c19abf4d9f336de46,2,pdmx-qmeee6g5j1hxxw6akdutkzthy1wd3aefhkyvsqjxq3bbdt;pdmx-qmycmbybepgx4wz88vcrb3y9yvpnfiak8h1z4btxthj1ma,0
d66f67a17db2d9604385f282631b1546cebee2b6b7c7bb295abfdca4faf6e6f0,2,pdmx-qmwp7u8ppwsnhxxlad5magi8kt6h4fcy9yqvp3832pmkzd;pdmx-qmwzhvjvayqejiy1tgttmgx8kcstuf3mysykjaxzpnk9un,0
d693ae29a0cf77a6d42869b18a0e353ffe8e2df760faf22cdd9ce7720fd1f730,2,pdmx-qmwsdvfhxazby2tqsznnaf13ozvobrhogv1xzzldz5uabx;pdmx-qmz2llg3lisoreyalmtfcwijmfifc8jypghx7bgx8iftux,0
d69a88e08af3614937087e9af5f2d48960e397fa06068ea7c6bf96c333e7bc74,2,pdmx-qmafvxbabkqrzjm4tyhccwu5sd9mddouc48t2kxsmarprh;pdmx-qmdrjqgdbmb8wgkcgcdnhiacond2kvydbm5xy44rvxtqeq,0
d6a25f54e0b7e9bc65de3537256f4391c4f6db9781acbcb39e0a5b82c50217c5,2,pdmx-qmbwzsn5ucwnsmgbfatiw59heuld829a6rzejhsx9eakpp;pdmx-qmu1iwbetjhadfhvzxgfenkmvoshhjsm4q55bxqf2gyfw8,0
d71a43a130f5c5e7dc280e8a1c1e49d248fd612614ef6f253fd754eebf83dea1,2,pdmx-qmxm9mu1bqiei6bkb9g14wx8tpj3dwzipryne3zvvmh3y2;pdmx-qmzb2cpuwtnh6ghayahcahhsky9qtw3iewyk6xsqsknayn,0
d7734462d18bf93503de2c9e33523eaaa2094da331f77580108a00f0c39ac70b,2,pdmx-qmnmx1s18sj2vi9qa2reketprq78mvcsz2tsevvlhz5vdz;pdmx-qmyjm6sbtaxbhekapdncbxj9ejeungnkvugkdsqwjyarjd,0
d7770bc1bf47e71862d24f68a5d9491207a6f9f19133dc64c7a77fbf9bd26a14,2,pdmx-qmb4ou3r9cc3womkyaiuukkgttwmvwtxxxmhte1vppj25r;pdmx-qmxphtmy9vnsjxajnmy7xp3anj9udzymbm4eeas8uynvqs,0
d7ce72cb4bff16a1d0053760406514c580dd589623a99ef6558f274a6b67aaab,2,pdmx-qmdgufhrv31rm5hy699tq5mmqfglgcpp11gng9xaja9emr;pdmx-qmq5cy5ujbvybt48wc3itd9b9ywpagxpuue5gqmygq51pa,0
d7f6e1e808ff49ac5712423e62e9dbf9deb5770c298f1f8a2f9ff5431c76183a,2,pdmx-qmaubnh5q2cxs2u5ak8pjdapwsqfhwlzt9pecylfayprvp;pdmx-qmexy5kjet4q8kqbkny9kx7agt93q4lksvvxpthptj3vmv,0
d8838a26113c342889d0707f6d1210e8af958be9875c328931685200e9b3a7e3,2,pdmx-qmexikwxjcl6myjsmqmshl1x88ydtzjedfaxp7jjwvu7ac;pdmx-qmuuhqkwwjcfb8x8kbcxugt4y7vqonu6yi3lm7n5wnzzbg,0
d8921f2caa7ba8d54e29ca946e5ca72a3bcd002b4173d53cc4589422faeb92e6,2,pdmx-qmqypkpaqazyyvwygapztgteszsdvmxklqg5hkh5cdr3d8;pdmx-qmxpb6q67muujzfboyjq49mgyg9smkpp4zektdwtdphsyq,0
d8927ecb367df77d4e48795243a153e7cbaa914e98109e5fb3000b661d4b056a,2,pdmx-qmv3eza4t3zyifocxrue2v4rghvsqziqvq9fomrjonbkqf;pdmx-qmzbsj87gwcpmjslrn2gvlnhcdiu4imo3w1z7akamelaxs,0
d8be02ad40b0491bed7d3b4b05f61ca1c575d9717ec58db5a761e0a6faf61b71,2,pdmx-qmqup2x4rwhklyeeakoosgwevbgunvdoy7xmgbeuu1miqc;pdmx-qmyaanrad5aa9j39u62gma3zrezzdpfqlxv6chfkpjpgjy,0
d8f32a909a89431e1ebdbdaddfa8bfd398389134b70b64af3213d72920316754,2,pdmx-qmwezucipigi1bcpaemwkretcq4386g1y5r9jguss5k5dk;pdmx-qmzpoc3m7rf1tkzwec7hw82dr4f8um5rmwr3sd64cg5whv,0
d915a3185bbe9a8c2bd8e500b306f5f076b577b3dbb0e5c5acd951b11eac2106,2,pdmx-qmcylbtep6wphuvdrjvyxtpvjzrogm2ftzqgcnosv86vve;pdmx-qmxxgva5oec2pepw1sdfoni62fm9bz1zxj2cpynfarpzqy,0
d99b07a09b1110ab83ccb8812bc9d3afbd2d20a39d1fac88dfb5f3032856ff2e,2,pdmx-qmyecetqxwq2ont6dgpge5eelffksdbaql8f9bfmlow8nr;pdmx-qmyvf8j91sgstjkr7sflg4mnyrh93mv95xt2bnycvvsba8,0
d9b171d4676bca429af28336cd7b256fb3886b21a23f434d2eb530abc58d8f8a,2,pdmx-qmc8k1nlkhkxigf3knvltchch6ebyzaqplrxbtndwawqat;pdmx-qmswmmwtmtwzn1dwyklcx81yrnhunsxgxstib48mllvwhk,0
d9b4d4c821a15a08eb6326f3de0c30ccaa8d7d3c34011ec3f0be8ff282cf2e6f,2,pdmx-qmb26rwhturdr6gu4rrwqtnxlzga9bwjxug5yvu2mf1f8r;pdmx-qmzy1w88hpzeervdehwuq9bc37vmadf8rxzrtqkbtwsecb,0
d9b5c6b69f7f1397e2cd3ecf81747560fe359a771c0bf7cc3b4d7375af6245b4,2,pdmx-qmadhlvuezqzislxv6bpsjmte9crp4hcuy3z5pvdr8s87e;pdmx-qmssqa22ettplrfv9lsm3jm881osaufzhrbnzoh154z4ka,0
dacbe3f72fea96498e77a1ce8ac3f0e7190c08cc282e36933c43cc3453f6c88a,2,pdmx-qmcbrmveurguh8wqsqpilrqpdknbavg8xwpelmncdpaixw;pdmx-qmftkxgtx7tqrmfzuznkh1ahtultoe3sycwdgdb8yk2ntq,0
db728b3ca1a00e588d1ce8769ac050e3eee98bfb75322a752f2942ff52074eac,2,pdmx-qmreynkqxve5fdb13tois6eqg28nrb4ldwfjqeycdxpovh;pdmx-qmxghz3xdem89dft6w2bbwxoxbqnrtqgkagcaprsbvaufc,0
db73aa8b67f121621389a484d4572d4468e44bf604fe2c6c05b582f5e3705a5f,2,pdmx-qmejgbcjjjuelnfj7gfd5x4uetcxqtns8wdskdwywgudmh;pdmx-qmrzhg2jgxlbjsgczsftd85bzwt7mjy3nfkjktjb9bcqyq,0
db936062221bdb891c111ccea77df0fd6a45d8e02da389e4b59cabae6cffac8e,2,pdmx-qmbrfo56yufbsfwkjfzjssh2m2exacv3jtmw4z8zpru4vp;pdmx-qmyjuwur459dn1jz5nsthnmuwvzohmamubgcrtgskrqovt,0
dbaa743552ad9f0f56ffa8bd25931a0500f9becf64c6aca72e76fb8a63890586,2,pdmx-qmnzpvxl7vravzcptzr8sma7uof6hkozii2razdrhzzku9;pdmx-qmwpnz6h2pylggvkq868bdqxbr6kjalq6utuuthr8xby43,0
dc017446eb95fd6fb98d6adf313e0c88bf4090d678de8fa09123afdbf6212718,2,pdmx-qmbyuqrflq7hxwbcbqptcte52t3xqmppuiayx3xgjee5pm;pdmx-qmpgtc9yexbupastrlpwy4gosmneou89v2wsedcum2htoy,0
dc2dbf26e613fe41f34aaa84c480b2770f46770e39c85fcc84ad323f8fe86642,2,pdmx-qmsccbrray6pxvywzzjuxkwq1svvvma28uu9m9umh8ur6i;pdmx-qmsmeqarwitrnsnvfe6kjgffvamy1hq3nnlfe5mpt4wcc6,0
dcd1b93ab42179fbf7f9538f67de083538776282164d936c2ba3b19ed81316e5,2,pdmx-qmbtb9pmhmvyhcu9nkxx9l9ddcqc5gchgmymzyyfqqeiuf;pdmx-qmtqipkf1sm3fgo8jnoxw7p4cgz4byx2bhf4j78bukhujq,0
dcdc79a56f3eb2a38384699d8460531641735dc7bf89598631d1214ba565b3b0,2,pdmx-qmdinz6sutuuzxj4wthrgkmiaha6rvghwhkgpfmys6jbak;pdmx-qmwjthkakkjkixsfovjpznubzf4wwerazktbuo53c95nqr,0
dce4f2b3a97e544e253851a87f9d32ce8bea733a0532f3b08ac597d0fa669d7e,2,pdmx-qmubcxeb8pezedbpw9o8wmwdbr1ka5fsjo8ferbvwaz5yq;pdmx-qmzb4u2nxayzuurx8jaxzzuwzn6jwd3uqfbjbu5oautawi,0
ddf5609ea3330c3858f6a1d08e84df7d9a473a2ba01e9239e1c4c8889adfa469,2,pdmx-qmbr5sdccndgpnmrdwgmsrhq8jaai6hn9x17xxscxewrng;pdmx-qmxar28z5bz2nrcgcfrwymuvbmubvdumf3ktzydzrbxvds,0
de7929e7c41a4ac735e4ac7627a3fbf4a794c563a8809020781c3c5c5567e53e,2,pdmx-qmbhvftdcaslqtkv9wqmf8qw2kt69snuh5vbubeuqwdcch;pdmx-qmxwfdezrq1xhs3yx2asssvrdkpyc7az4c7zqolzjvwtss,0
de98c4f8a18a214ecad42e39220fa39ec74d3c3ac061ea03069eb531efb8bdd4,2,pdmx-qmcemsztwq2pazzqpetqegz9whp3obryhbnzwybuuthyir;pdmx-qmvhcjuhbmpcgrfjmehn2ccs2so6n9juzvj3otxne6deyv,0
dec89eca3bf71b929308c360ac587cda3c4acd0da7256800c17af17fc323b78a,2,pdmx-qmcdkxflkrd4d5puqthz4jdf3gcgzoxvvltkqswc1hmyxi;pdmx-qmzgtifvptgqxbqbl6eonf6dvz35rj8bzaoa93e8njp9iz,0
df15993b3981f71ecac2ef9c875931e178909aef46fa49ff707b02398ed4d26e,2,pdmx-qmnt8h7byu57m81b9habrmxsqnllnuhcuqz7hbghfwovzx;pdmx-qmzq3a644w22qlz4cungt5ljz7ha4muenniacyfc7q9sha,0
df2ee058f8b584092832acdc66c1c4e0619c3f9352cb8ee8c3ba7ad22747769d,2,pdmx-qmtkr3eaemqqzg61is5xp6cjxunshyahspxngwme6sty6r;pdmx-qmydm6jzrbypfnc9mwakm1i8sytyzrfcgns2p8l7emafew,0
e00b173ab97f322b55e01d170cd0f0ceb1209076f1a896eaa690e38af04aa306,2,pdmx-qmwuaqlxy1henh1fntfc3d8omfk1zzkuhq97a4p8e22tvy;pdmx-qmxko2denmeehrmtnnp8q3r4zzjzzg2baucax6kpq5l4ii,0
e04d60c0dbb78d3d6fdda281170284208fa43645679a2aa86820572df88211cc,2,pdmx-qmepvht1okcuyqkkf2wl4xhczy8mdpcenjrrzuwj9kijrb;pdmx-qmwqkareklwy3ehvncrnot7qyv6fwgzudibc87lpawze6b,0
e05a206287396d4b3e77eb0f7aa607518f9dd6af04f25f37aa7405abd4b634e1,2,pdmx-qmutrdxnyz6xfab5xxvzjfqhttdixr9gjml34gwmjjdnvr;pdmx-qmzpjz1d4cutptwc5f9btus8z6pt4pkajzg2x9dhhmwvup,0
e09381a02860514aab84b7ad335f5859f4e556a873ddd1f3ea2386f5bcbc8611,2,pdmx-qmfcvnyx7qth8a6iejhnum1cbwfubzrpjzzsdmki7nevu3;pdmx-qmv2w8fz1ckcvxsolxgc7wyc2jna2argv7r2xkjgd4ivmg,0
e09b1c2e5de355124f0a1261976416db05fdba33a2a1f0c7404805f934c4a1e3,2,pdmx-qmq3nq85fdx7hvpwg7bpmlv3hhrshc6kt1rymzztxm26c6;pdmx-qmtutvmvr2ngxdejyafwh3ywhwwbfosu8coedsmwj7shub,0
e15ebfbba3c1c986c4c9a9a882ad2186c8cd36b5012eb15f97fe90b6e7c02392,2,pdmx-qmnmyfgqcnxsgbldcjnf2a3v3cynvjshuewgt7xzgrvpbv;pdmx-qmudyyofgcvmsuww1pqb2fjivfhafd2wupeppduxwyuhwu,0
e1e5692e24be1665ea10d2d0448ab6a22102d19db53a2934a9ae6b7440a07afd,2,pdmx-qmticknapd5e1wlauox7rc9qzszaxruod3juvuozdrlvc1;pdmx-qmurj7fcti9v8v21atksveqewptzu5xsslragjsmcv39rg,0
e2857bd5dac4454345f0b1ba4e722119b14f3db18d6fce24e31744e6a3774062,2,pdmx-qmt272gyid8dkmymaaxmrud8ucc5nqnqckenrhfbnbpvap;pdmx-qmzm9bqbko5xopwbkpv7ybvwmpe2c3a5qgf24vltqjf81m,0
e2d4e37064468921b4ef1b501a13f3cd7bd9884c44e2c2410c09b09de6b4cdbb,2,pdmx-qmpo27vbfgemn7af3ona3rs6wnpu2mx9wrpzycqnh15dhp;pdmx-qmtg5oaaazt6b8xpp851me6tkfoatm3szgrfxxx8f8cpp9,0
e3dfafc5d579bc2086765e7a06182bc1e2271b20d206e23b2a38e613c8a8dade,2,pdmx-qmqqjnpqtxjctaujhea34ssypd8edxkegusb9conpsk6a9;pdmx-qmspvhrxy5ec7ucuzaxzypuaz4eaxrpherf1lf5fktgmjh,0
e3f1daa13c3effe89c1daa99dc14adbd5d84c86c2a24b73cf25145da4d2ba8d9,2,pdmx-qmnxquthmpyscoycqxikfyjjq4luumh4jkad7fwx6ueusj;pdmx-qmsvrpnjxw3wjkofy85ph3mtpesx2gsnghvmdyxt1o6zer,0
e498cb909fc5488e48cb725f59b66c128dc7e15d8fd249536fdbe852154a41a3,2,pdmx-qmeksmr7xgc7ufor2f5awz3xjqapp5rsied2mh7dzk8vbf;pdmx-qmqwsgndgwegf8gzvrn5dta9pjdxgmxdmuzvoyhsznd13b,0
e4c8768ea7ae55cdaf31e5ad0db8fb641a9a16a7b23254cb75f56e2ad83ce1ab,2,pdmx-qmdkrcrutgvc5vxuuyjquplkscibvapfwf4kdqgckeouko;pdmx-qmdthdvvh31qr37zhskr7nfckunnqlc5w1bdvbwemvnoxd,0
e502e3a75b7d3c2620270228ac30415b2ded7f50cc1e4d4ff0113a6836d9a2aa,2,pdmx-qmcmnqdtfnmcj94b3hqdebhrmvq2acegyxpucchxnvlcjy;pdmx-qmpeb32shoaehotbe2g81dnorhechgqeaqwpgi92m1g4hv,0
e50796492030687496b45434b7e0caf6e8280cdb164a731189c34d40cf52b191,2,pdmx-qmctmrvb7jg2ser77ns1brnd7hebrg2nuxawvkij7wk4ij;pdmx-qmuukrdkgvnwb4eng6zj8etlcrsvcvpe828dcmbtvp5kbv,0
e568c086b5061c30e1e4744c5d9644741a173f4b3ff08ffa696ee539092684ac,2,pdmx-qmu4gorkp1ktzmkthji9sjb5zqfr7qby9d39tfd9tnkhqb;pdmx-qmvp2qr1f9ipjo2lit4ujuqpqfkhzjc35qmacg7xhivwai,0
e62843946db81e161fbf692020e3e8c1512562eea3b7c510fd78cb9c444c988c,2,pdmx-qma7wui96fkhlschbav8qpkhvfamgvrzh5mfiwpcdhmve4;pdmx-qmauivtibegmogqryleknnqgqdsnrwc2rvqodvyyt8kbzc,0
e79c79314b6cc9d2f67af97cce0c6feb48607eb527b7474a68987ec1ec48dafd,2,pdmx-qmwifafzs56teyiwjfsmiiatacb5qigu6zxdakr8ciuqoh;pdmx-qmyeqg4f6xkzgbqqgl1wcebfnuqg5hhazmyuxrpuavdhpw,0
e7eca344bbfaec1532b1fe55c5a693162ac534138039add96747812f2d662a0e,2,pdmx-qmet5qgrvtioh3ard7qsih7cp5vm89xzu7nxrhaqdj14sw;pdmx-qmxhuj1cj7l7kkpf9g8sp6et5actz1r7ok7kcdbeqx9h7p,0
e7f95cf05ca0988ac284c59d1854a83d331f4e35d9df38b0b47cf780f5b5a709,2,pdmx-qmfa1euayrnddmpcigbdk675jhdus5m96pwndyjbgnzoqk;pdmx-qmycqqwprtuw6grtpsjjrguazjwbw9wva266nnnktvoejs,0
e8dead21b9ac058abe65711d74209620623cc547783f62cad037a27f34a49ce9,2,pdmx-qmxjybrjv1ghhvpacbkfteqhcbkcvcryhyug638btnvxul;pdmx-qmxzvqgqgktmgd5sd55aeef4zwisyqzxxylh9tj25xlxah,0
e9af01e0f03ff3d886cd39163780ae1154e5aeda656a46719542a9d3a764b31b,2,pdmx-qmeux1193jg5xmauwbkrxunxp5z8as2ed3grlfex4tjtee;pdmx-qmtegy1prtndz15n9vqjmjjyw6yk7xtngpcifqryldsbmz,0
e9fcd1e3a6798c2406534d9726ea631fb7c0b562d2632e1df028e62307604a3e,2,pdmx-qmdiduk9v9lwonetaxpswkzbwqjtduphhwqwdvyrw3bte7;pdmx-qmesy3aat9ex4cnct1aeyzaopscudejvnr1caetc1sbvkr,0
eb938963b1844f1ad8300f72431328008d94db84bc92e680a23c990886b7f66b,2,pdmx-qmqtc2kg3j4me4tysxm8mdttm1bmgkoiowtwhqgqtcnhis;pdmx-qmyd5uksf91quxiksiyycdgko3ugi1ynhfbqqkjnzwxcwi,0
ec0becdeac74b75bd0623239818aa6685e54174bcdd79f5b2be83d157f473ebe,2,pdmx-qmxnpmnc9makzpazpxn1rfm5eqknnwdhqktamn1ecydabf;pdmx-qmytydxp6sdhccrhrmzg1fn4rihjqvabvgehguxplbuv6a,0
ec9407c63c42b97a08ab4112e04c6c62d79e9ef35765e293ccf6bbeb9d6ae40e,2,pdmx-qmactlyd9pzi9xqkgbo3cyv2gssmr8aq3kbwayehhggtg5;pdmx-qmtdfnazzjcbd1jyduftgcnrdz1hsilexzkiff8eeytgv9,0
ed74b3d6f0151d52a67707718e8f35bd1ba8a7aae69b257affa890e6ee68e030,2,pdmx-qmf5qi9wmppg8egegbpzehky2mokdwmkfwgxlckcyx38wg;pdmx-qmrisank924vyohcs1pvxcssgswbpt1bdfriqwsrus5p4k,0
eed221ef6c5116b079300550946bb5ad26703f1ea9a8198e4ce34d435a1bf028,2,pdmx-qmdb8mpeivtyojhn7p2ipzjk7sjv5ikafdybsjbmjsddnu;pdmx-qmyjs6qwwagnhgq3fgcjpx3g1kclfamwvy9uocrqp5z27q,0
ef5f26050f4b7ad806ad90254bb475153de1f136cf6ebd06f393ec1c35769ae0,2,pdmx-qmeiwcw69umiizz73hhdiekxdonyhireqodp8cwpgywxvn;pdmx-qmzcbtar621t42lwdkgkqytnxskpok7xftxrjgphxxdzuw,0
efe42e5c3dc4dd6fba149fb6826d0b6514ccddb2486454d410dfe211e8e24762,2,pdmx-qmqdiguqhdjxwywv3cz7wvs1fddkxkmx1sqswpaegy5n6m;pdmx-qmt44wakxdlw4wcz5lubtur2djotnyvizikoy2bvhg5dpq,0
f064b74a5ab396a4e7a2ca1e9c59a41174c8be16767dc55c4435eff5d0f32f3d,2,pdmx-qmdophh442zcxfjju1ehhcv9fswxs85r7r44hjceftyfpg;pdmx-qmzph8cspwu4r8ioe2ux3yakn5mmugb5v1myynnxjti27w,0
f09dc953148a090404525fd6384c80bc052247d8084ed164258eb1be30e6c9ab,2,pdmx-qmbkewo7ihaxflwlvpbvqdx7neh6qrxkg9avarluzlev3f;pdmx-qmwmass6ojbj3rzw5ty43gvfsaudwcekkpjnxwpbrakcom,0
f0d6ded54f8c297a3456e0d16013a0a34ee87b2eedac5ac086a601d1aba08b4b,2,pdmx-qma2xkavjhmdcrgwixu9nfdtc675zcrwmwztr4nrcwghbb;pdmx-qmfp9vwymfyryhki85knhejwy888x8inow783butxrq8ez,0
f26e8ba53079e9cbc671aada76bef7b1b12c62dd65450a71e6f520a6bf86980c,2,pdmx-qmc3t11xxirvxxa5e4p8xzwf2xm1dkuyru9k5bzqckeieb;pdmx-qmusz3w1cdkdf2ylprd68ryagfnthdatjo4c9gbt6httwg,0
f2890aa0ea238285ae1f8669f74035f62d8905c030b5447859dd60df6330006f,2,pdmx-qmnm9pnch6rydco12jewbx1uicy3juqq817etwzmmybmya;pdmx-qmu9vtk1ksxybdhjpavks3mhhafdqgz4jof4skruqsygpc,0
f2933553b3871b194f806b127f1f4bbdbdab970f1b58dc9603206bbb8c0d4628,2,pdmx-qmegeyqluuk6nbz6j6yam2bewp8txdzg1n2rc5rkysmfbz;pdmx-qmxffkzoudxshnhgtj3jjaixbfku7bnyumqd64rfsyti9d,0
f2c65869bd77fd2c01fa5f1fcaee95187b92017592ffda991b9ea1072e7eb539,2,pdmx-qmadj29kwxhymrdwbes1ebf8mfy1lasxskhdlvpgqkku9k;pdmx-qmerqbugnf6gfgbxvggm5uzdutvu9cm1recpio4sil64hh,0
f2d17b89748c45243fb231ec897d4fe27ab9605e65a149a816838c69f04e13c7,2,pdmx-qmb855hqznmtg9jbhrhgxamq46se23rwbod8gwvrfzvly4;pdmx-qmtxvr8uxf9credp9malncwnsgphfyau9uvxun46imos9p,0
f2d5a76ea9e85c1e627cef677161b5e593f9d04991a492427ff39d87ab295ab9,2,pdmx-qmraxfarur2uxh5x4udr5g1bgz16ft1htuk6xyg4bjcsxd;pdmx-qmxxkb7mjgga6ezipmftllqfhv8qau3mmnhdzeomcuoa8p,0
f300ab30e53614fadddff22ac77d0e2ce52748cb2e379f31afd1b5548f0f289d,2,pdmx-qmygwuqae1z9tkde3wd9wqfhcibwpoimfwj9wokbsdwmn6;pdmx-qmz8ppnfft8uimboxkzkgj2dchybabamxczz63w4k65pef,0
f3c0baf34947679d77ebd429736f60001ea23bdfc8fa34a6ff4c2f49fc4bc102,2,pdmx-qmd6swbxw56zg1n4uqfzwbpjrs8xynnumjp4s3zdf2ahbb;pdmx-qmpihkx6jfivtpkfgtfvhgyp3gyn2majvzmqrionpw7cos,0
f3ed47bc21ba0082a5461abedf534b3e8f3309b3aa6738883bcf8c141eddb198,2,pdmx-qmbkruixxo8yepfgs3qr6hf1tfkijf9gmgu9fysu7ob7d8;pdmx-qmywa9wpzpsu9rvtnzvbtie3uqadpc3snsfyxdc4nfjtda,0
f43c4a6b1422593dcc74150099f54fea414c948ac32b7319335f47cfb0db28e6,2,pdmx-qmt4e3q66ejcwtqtmf9opoyy35cw9ebppqvpdrfgu1zurv;pdmx-qmyecz5zkx5c5rsonec4hjhjkjkflfjyki32drydvbuwr3,0
f4ba402239c893f3fa9b3900dcf2805b32bc8054892ae498dc6d60fb117d7c61,2,pdmx-qmp5vxc2c7ydqefsxt2nadoqwxa6hohhukb8lxd1ihprf2;pdmx-qms1hrz9egmt8gxhl7lxczufspvlfsyhq16evdj5rj75kn,0
f4dc9d9c934909288733212f6e9b988df7379740ba738f0568eed712f3509a3c,2,pdmx-qmf9gihkzk9bvay8txag3btv9rl3wn8d7z4pwkczj6fyd4;pdmx-qmzq9ryu95xwc51bj6k2jj9r2aerw1rxgkgk6qv3beg6nz,0
f4ee8b390393c8cff7b02c5f5f9d5a1b2d9897b682e7694e94518f610fbb3ce5,2,pdmx-qmth8wbb87qqjyd8fknpkpqpeag3ghhd6owcnuu2mnhmd7;pdmx-qmxariswkb2ezomlgrggxck4phwgmlyqwpsoepu6obr1wh,0
f5cb4324fc871bcda1bbbd86cb685e16ad62e3c5a26fff990c54bb58d971bbd0,2,pdmx-qmnp2ztmvch19acczl7hdkurxriukhg5q9v8dxemharky7;pdmx-qmsgqs3gasbccpxw9sdcaanhs3yqdqqis3wp7h3uwmof19,0
f5d821a1566758c48f7c9fb25387f86538086b38b12e9eb03553f985e62d2f49,2,pdmx-qmcjhqrjbui19tdhoigakjemykhx339gg294vhs43wpdoo;pdmx-qmyhlpk1pn5nwm9pqt8yfryhwzgryw5zt6q8tdrwwun8cq,0
f63ec786d87f3185e6a17daa0c787af75c8a0e9910f140ae10fa73871c0ea039,2,pdmx-qmdjhkhbyhddl2anytgznp9bbyzwbbmoazruvumayqq1zu;pdmx-qmzngfgcrdgpmynlrgxny5wnyb5wvboefrkdsm9yicqqkd,0
f6659e9c69f6b99a04e1d6adec606fbe6aae948afde9441a0241d453fec15dd4,2,pdmx-qmbu822c7eekvvvz6jcbrqtt9nyxpwwdcrmvhgtfuawghg;pdmx-qmyhbxyzsopvcig83zfxtsypucattx4xw4ewmr2wgpzidb,0
f68a6b7c67135c7e61cd9b6c0ceb67e9a3c3720cf69cc41a83ed1c1a506b3fd3,2,pdmx-qmt76vqcrsq1lhlrsaeaa7r3uwttj7m4rk7qw16dgjhbcy;pdmx-qmuk9h4dmuamto5rfzwy5nxpzzhqe9gpozm7rewbjuyrcl,0
f68b093c8b45403fd20c7f32a6c80c8e520ac0d387b3f078d94089450314e427,2,pdmx-qmafdtvrvnu5mqb2gkh4r56jzc9uaccug1heorp9xahxxb;pdmx-qmxpurm1uuq4tmyzmbp93weup1238z5kq5jjxb1dyiivum,0
f721208060edd9b60ad8b7909e6ae08820263da85d56c3e35ce7b4654c7bcc3b,2,pdmx-qmayx4schachfrlbtjqyjwfvsyl8blwaw54xx8i54zumvi;pdmx-qmxftsjf29dlpnxt3kjfh8tu7mxey9dzwodc7knwcajyrm,0
f7485cf889fb86187c13e7bf076dff166ec915eda1afb5481022bbf0efed3bdc,2,pdmx-qmepqgomcs8buhyl5qrzbras6vg2nhhicqnw2ahwdsc3uy;pdmx-qmzsjiap1pcx8zcux8azvtrpkuxvhtg9akyshikeixxcci,0
f780329d7f86fa541485d12b3ba0733f627bb1f41cba75efc6fcad4263adbb69,2,pdmx-qmqvu6rkry5t6cxuqrdxdkc67pmwc5fg84igsyywedttua;pdmx-qmuyqrhfhta51aac2uwjnidsu9kdvqgjunnenxzsxw3hhn,0
f7cdcb7e3535f32e97332769f026c9eb61a77a774a5c80d39c3851916442bf4a,2,pdmx-qmavjjb5csjbguuvampenqpyqxqyri7rx52qnlkjbausha;pdmx-qmxdzx31n2tpaoyk97hj59rtxcyxda5olrkkemjbwtrgvn,0
f8cf741ca4ebea566c785b126ad48705e7b5d71354d15c0835085fe3563cd840,2,pdmx-qmbazmkjson2fpo4y9ece4znj4f2gwc9qxsk7gmlaxdu4b;pdmx-qmtiwsmwd3mtzykq2ud6n4jvvpmjxixilxckbqpjscoofe,0
f920bba08766060dcd92e6092256d957c2170187a7b39f241cceaf0e209e9f61,2,pdmx-qmsj2yv946atztskcxmgybyuxyr8wrj6mjjy5mlgsjzccs;pdmx-qmugm9789vqdgyouek6gf4edimpynscu57enc8d7ndluqm,0
f94f8fa11609999844afd9f5e572c8a7877b87b3135407f6adc415c2edd1ca0f,2,pdmx-qmalv2lzyclbv93slozqrxjgfdrfp7gy5p9uqz9jqj2sst;pdmx-qmbjqzwr7irbgoc1bb6xbanjwtgiav6edfapcceghzfrue,0
f9716d492d9f2c07679f758cd903d0265987e2b0d06737f2e4c36c4d7298269d,2,pdmx-qme5rwfvcth6gmsgvaeuukdyhy32gbb3rbctcrdtbhydqj;pdmx-qmv51drumtwfqj52jdz2sdzdj9ojogeyn7xsbtepbxfcv5,0
f9873a81790865ff9ef9065b5c0de2f532f488e405e1cec539bb475466e84f52,2,pdmx-qmslscjrshejzbsptugn162nfjjrg1wdt3uk1hq1krbd6q;pdmx-qmt1vptb1tpvqq9zlnc5zhmkzxletdlgfvfbq1bpkj1efa,0
f9b6124147c3782daec36a9054cbc1ba6b27cba183b462bba8f249ff50d78ba2,2,pdmx-qmerdwyqh9qhutbxc3xfexgzalhsmamkngc2ypyu8oxruf;pdmx-qmu83pd8zqirhsmi3y78n8brslsqfzmggprn4ttsnsoa6b,0
f9ba9149be291d72edd899e90ff665c3b842fe0be62ece6a17b48df60f996603,2,pdmx-qmab4ttmrfyqfggx457bdbel9si1eykxbdphzbihh6wsqn;pdmx-qmxpgkqganyulvdcjnrgad6ywxszk3w9mdp9cvfdqtfovw,0
fa0bbeeffe07bb39d3e7dc2d3cb6ce98cb3c724c487527dd74a7722e23bff83d,2,pdmx-qmnnfpsgpwwzew1fu5sacdkwexpsnx5ody6khwbygbtglm;pdmx-qmy8tvzbjzc6us23zbrk5plxntd8hcsxqcejjnmz2b3w5j,0
fa251dfcc95d6b06316542aff3671aa1bcf891551f816f868624ff222f36d1ec,2,pdmx-qmerdxxphmvhndhdieqnjkayngxcckpcnnkzrplmonjmae;pdmx-qmsapcfylz9fusvqbubb1catpcerjz7qi2tjxmh3hjendj,0
fb2fdd6704f42014df848daddc8b2bf7f28d8b51d124926f08398e88bcdd4f4b,2,pdmx-qmeobg8zhfxsxd4cmy2e2ahmwpcnkr5p7wakyrnkxxjf2z;pdmx-qmupifk3odthiqvjvzvdawel6mymjseupbyhnlpa2kebgc,0
fb70440aa994feb78931cace5274b74dcc4af3f9daf6e042dba209b57bcc8613,2,pdmx-qmqg6smchmav2nug2qpwq9t7yqqxvhduwjvppaw3vkgo83;pdmx-qmyyrwgwgdhdcup1seddinh2sjvketscasmn6c9jxahmvw,0
fc038c16f23055d25e698277fed6259eaea12130fbe3caef2662d6b5574bdbfa,2,pdmx-qmqtddexuuixdvzjn4tjyrzfkfxqwmdr1yhgrqxsb8kva6;pdmx-qmzfhjdo1h99acmc2vjmmheyzw9xasfjk5ybsidhujm6s5,0
fc644459a0c058fcf81fc40b63d673a214d2af39be9093aa680cf5774355fc3b,2,pdmx-qmnqfsrje6wrgyktv79y1e3znh7w1dzrivaggnzppzte5a;pdmx-qmqgofbgklntgayr3cv9tbjfkgmbdbmjrep4vaaja24qgl,0
fcb1827ce3192a187a5ac48153dca85acd79dfc3c6b235168e6485c4179a8077,2,pdmx-qmav7erpwhb9gxohxqha2trwyvyvfgv1fcmkycthxr2fgj;pdmx-qmb6ao6lburqjtn8bnsnxundy4r8x5254m3cc4inubu6rm,0
fd2bb0a1c3a49721deba233d5c546c8991ec974ae0ec6bb775771c163b766b5d,2,pdmx-qmpuopn6rjuxjbzfwwjrg8brfcixmjtyw55tavcdqduqa6;pdmx-qmqrxzsyxaswa5v8h5oxkc91z88htujzvsp7cejetfd7sd,0
fd7e3280dfb41db79897a9cab104f86a3925f80760dd481080dfc7488876da87,2,pdmx-qmtsm3vspwyf1opsnscss1akmqa91m9a8rfsrd3awaxheb;pdmx-qmuugvz6mvw7zyheqsm6pf1tbhphj32qkb7jqzu9nbrar8,0
fef2922fbf60b49e3f44a0158d71bd3faf4531b81fccdb577e069af127cc79f8,2,pdmx-qme4teafygayyxyxqybbzgpf3bfzuky2szqhz2ntq3xwto;pdmx-qmv8jmdcvvsy3tsyylnn432kd3geifbtb6hxtdq7p4jdzz,0
ff2f791d925cd336fa0ecf07fa54564f977c3ed3c81b44e9441bd27b753d62b5,2,pdmx-qmexg4kyrls4wseskkqpw8osstd3uvdavbxzw6yacn2fce;pdmx-qmwj3jpkwvvc7x6wdktpgotmmnjems9wscfdwntcbq96qk,0
ffdfc6ec4b2450b596c4ef92b4d267a25730c6a0b6403f4ad940107ad8d5d9e5,2,pdmx-qmctrg3g1ajatz2pgwz1ygwpjlzpjgnpdhkewpemdbnzet;pdmx-qmw9e2ytcmwkqmuqc9ftqx14lgm4e5qthnlytne18djsnq,0
ffe210fedca9d9cfbec280dfcdd64d53af15dadf912a6cbd9f5f4e2393aca370,2,pdmx-qmbygiawr9ts4eogjteudfxf8xrdzksc2bdodzventxvns;pdmx-qmfxtqppygv4lpsxva5avztz9lktx2uu3j5ubjuxmjaqrc,0
