match_id,score_id,score_name,composer,collection,movement,score_path,mscz_path,mscz_sha256,mxl_path,mxl_sha256,alignment_path,alignment_sha256,alignment_rows,alignment_column,audio_id,performers,publisher,recording_year,imslp_number,audio_url,source_repository,source_tag,match_class,alignment_claim,edition_identity_claim,human_performance,audio_redistributed,rights_note
hauptstimme-audio-46dea8f16a88b9b569c2,25,Allegro,"Bach, Johann Sebastian","Brandenburg Concerto No.3, BWV.1048",1,"Bach,_Johann_Sebastian/Brandenburg_Concerto_No.3,_BWV.1048/1","data/Bach,_Johann_Sebastian/Brandenburg_Concerto_No.3,_BWV.1048/1/Bach_BWV.1048_1.mscz",7ea8d2cf64a0aa54cdd4d7f5df8f7433fdf5f3169b27111e9c62be4e30d90a4c,"data/Bach,_Johann_Sebastian/Brandenburg_Concerto_No.3,_BWV.1048/1/Bach_BWV.1048_1.mxl",750e8897580a243732415b3d452bf42872b2a52d739007efeb6108f7904b0c8f,"data/Bach,_Johann_Sebastian/Brandenburg_Concerto_No.3,_BWV.1048/1/Bach_BWV.1048_1_alignment.csv",6f61eb9acfaa40299b0a8e31053d4e928a6be1d2c9648f003e82a3261cf21bf1,1975,83284_tstamp,1,Advent Chamber Orchestra,Pandora Records/Al Goldstein Archive,,83284,https://imslp.org/images/b/bf/PMLP82079-3Bach1.mp3,MarkGotham/Hauptstimme,v4.7.3,human_performance_note_onset_aligned_strong_match,Repository alignment maps score onset positions to timestamps in this specific IMSLP audio file,False,True,False,Metadata and source URL only; review IMSLP file-page rights before downloading or redistributing audio
hauptstimme-audio-d78ed1f003075e0392e8,26,Adagio,"Bach, Johann Sebastian","Brandenburg Concerto No.3, BWV.1048",2,"Bach,_Johann_Sebastian/Brandenburg_Concerto_No.3,_BWV.1048/2","data/Bach,_Johann_Sebastian/Brandenburg_Concerto_No.3,_BWV.1048/2/Bach_BWV.1048_2.mscz",684efde211b80d60c241a9e5d65104bc4336f01d4ad3ea3a95cfeb569fe8c103,"data/Bach,_Johann_Sebastian/Brandenburg_Concerto_No.3,_BWV.1048/2/Bach_BWV.1048_2.mxl",7e8493d4403bf01ec9c1747c79383d285a7e7a76c05cddb221bba0dc9ef6a6c1,"data/Bach,_Johann_Sebastian/Brandenburg_Concerto_No.3,_BWV.1048/2/Bach_BWV.1048_2_alignment.csv",9094a948fce47950856be93058070d777afbccca1db3bec26f45e282e025ad58,2,83285_tstamp,2,Advent Chamber Orchestra,Pandora Records/Al Goldstein Archive,,83285,https://imslp.org/images/0/03/PMLP82079-4Bach2.mp3,MarkGotham/Hauptstimme,v4.7.3,human_performance_note_onset_aligned_strong_match,Repository alignment maps score onset positions to timestamps in this specific IMSLP audio file,False,True,False,Metadata and source URL only; review IMSLP file-page rights before downloading or redistributing audio
hauptstimme-audio-ee0101569c358f0ffb42,35,Adagio molto – Allegro con brio,"Beethoven, Ludwig van","Symphony No.1, Op.21",1,"Beethoven,_Ludwig_van/Symphony_No.1,_Op.21/1","data/Beethoven,_Ludwig_van/Symphony_No.1,_Op.21/1/Beethoven_Op.21_1.mscz",91b281018f46c2a4c39a088a7760caf2639d5790bbc354fb09f0aadb3c0f2c76,"data/Beethoven,_Ludwig_van/Symphony_No.1,_Op.21/1/Beethoven_Op.21_1.mxl",7e50f5df82095ad1f23d6d6fadd2be5ca3f77af634c6310d3e3eefe4bf5b3bdb,"data/Beethoven,_Ludwig_van/Symphony_No.1,_Op.21/1/Beethoven_Op.21_1_alignment.csv",4c43e0242b488df71b434f9714af96992df999099891088cdbd7fb7f60e0590a,2264,589444_tstamp,4,United States Marine Band,"Washington, DC: United States Marine Band.",2019,589444,https://imslp.org/images/f/fa/PMLP01582-BEETHOVEN_Symphony_No._1_in_C%2C_Opus_21_Mvt._1_-_Marine_Chamber_Orchestra.mp3,MarkGotham/Hauptstimme,v4.7.3,human_performance_note_onset_aligned_strong_match,Repository alignment maps score onset positions to timestamps in this specific IMSLP audio file,False,True,False,Metadata and source URL only; review IMSLP file-page rights before downloading or redistributing audio
hauptstimme-audio-6b5d49eb1792c3202420,35,Adagio molto – Allegro con brio,"Beethoven, Ludwig van","Symphony No.1, Op.21",1,"Beethoven,_Ludwig_van/Symphony_No.1,_Op.21/1","data/Beethoven,_Ludwig_van/Symphony_No.1,_Op.21/1/Beethoven_Op.21_1.mscz",91b281018f46c2a4c39a088a7760caf2639d5790bbc354fb09f0aadb3c0f2c76,"data/Beethoven,_Ludwig_van/Symphony_No.1,_Op.21/1/Beethoven_Op.21_1.mxl",7e50f5df82095ad1f23d6d6fadd2be5ca3f77af634c6310d3e3eefe4bf5b3bdb,"data/Beethoven,_Ludwig_van/Symphony_No.1,_Op.21/1/Beethoven_Op.21_1_alignment.csv",4c43e0242b488df71b434f9714af96992df999099891088cdbd7fb7f60e0590a,2264,729155_tstamp,16,"Royal Philharmonic Orchestra, René Leibowitz",Reader's Digest. RDA-6 (1-7).,1961,729155,https://imslp.org/images/1/1c/PMLP1582-01.01._Symphony_No._1_In_C_Major%2C_Op._21-_1st_Movement_-_Adagio_Molto%3B_Allegro_Con_Brio.mp3,MarkGotham/Hauptstimme,v4.7.3,human_performance_note_onset_aligned_strong_match,Repository alignment maps score onset positions to timestamps in this specific IMSLP audio file,False,True,False,Metadata and source URL only; review IMSLP file-page rights before downloading or redistributing audio
hauptstimme-audio-c66f43b3d7e034e74fe9,35,Adagio molto – Allegro con brio,"Beethoven, Ludwig van","Symphony No.1, Op.21",1,"Beethoven,_Ludwig_van/Symphony_No.1,_Op.21/1","data/Beethoven,_Ludwig_van/Symphony_No.1,_Op.21/1/Beethoven_Op.21_1.mscz",91b281018f46c2a4c39a088a7760caf2639d5790bbc354fb09f0aadb3c0f2c76,"data/Beethoven,_Ludwig_van/Symphony_No.1,_Op.21/1/Beethoven_Op.21_1.mxl",7e50f5df82095ad1f23d6d6fadd2be5ca3f77af634c6310d3e3eefe4bf5b3bdb,"data/Beethoven,_Ludwig_van/Symphony_No.1,_Op.21/1/Beethoven_Op.21_1_alignment.csv",4c43e0242b488df71b434f9714af96992df999099891088cdbd7fb7f60e0590a,2264,735781_tstamp,28,"Orchestre de la Suisse Romande, Ernest Ansermet",London Records. STS 15032.,1956,735781,https://imslp.org/images/5/59/PMLP1582-01.01._Beethoven-_Symphony_No._1_In_C%2C_Op._21-_Adagio_molto_._._._Allegro_con_brio.mp3,MarkGotham/Hauptstimme,v4.7.3,human_performance_note_onset_aligned_strong_match,Repository alignment maps score onset positions to timestamps in this specific IMSLP audio file,False,True,False,Metadata and source URL only; review IMSLP file-page rights before downloading or redistributing audio
hauptstimme-audio-ab5517a8181a31aad33b,35,Adagio molto – Allegro con brio,"Beethoven, Ludwig van","Symphony No.1, Op.21",1,"Beethoven,_Ludwig_van/Symphony_No.1,_Op.21/1","data/Beethoven,_Ludwig_van/Symphony_No.1,_Op.21/1/Beethoven_Op.21_1.mscz",91b281018f46c2a4c39a088a7760caf2639d5790bbc354fb09f0aadb3c0f2c76,"data/Beethoven,_Ludwig_van/Symphony_No.1,_Op.21/1/Beethoven_Op.21_1.mxl",7e50f5df82095ad1f23d6d6fadd2be5ca3f77af634c6310d3e3eefe4bf5b3bdb,"data/Beethoven,_Ludwig_van/Symphony_No.1,_Op.21/1/Beethoven_Op.21_1_alignment.csv",4c43e0242b488df71b434f9714af96992df999099891088cdbd7fb7f60e0590a,2264,736426_tstamp,8,"Pittsburgh Symphony Orchestra, William Steinberg",Command. CC 11024 SD.,1964,736426,https://imslp.org/images/1/14/PMLP1582-01.01._Symphony_No._1_In_C_Major%2C_Opus_21-_Adagio_Molto%2C_Allegro_Con_Brio.mp3,MarkGotham/Hauptstimme,v4.7.3,human_performance_note_onset_aligned_strong_match,Repository alignment maps score onset positions to timestamps in this specific IMSLP audio file,False,True,False,Metadata and source URL only; review IMSLP file-page rights before downloading or redistributing audio
hauptstimme-audio-f8ef472880a154594bfb,35,Adagio molto – Allegro con brio,"Beethoven, Ludwig van","Symphony No.1, Op.21",1,"Beethoven,_Ludwig_van/Symphony_No.1,_Op.21/1","data/Beethoven,_Ludwig_van/Symphony_No.1,_Op.21/1/Beethoven_Op.21_1.mscz",91b281018f46c2a4c39a088a7760caf2639d5790bbc354fb09f0aadb3c0f2c76,"data/Beethoven,_Ludwig_van/Symphony_No.1,_Op.21/1/Beethoven_Op.21_1.mxl",7e50f5df82095ad1f23d6d6fadd2be5ca3f77af634c6310d3e3eefe4bf5b3bdb,"data/Beethoven,_Ludwig_van/Symphony_No.1,_Op.21/1/Beethoven_Op.21_1_alignment.csv",4c43e0242b488df71b434f9714af96992df999099891088cdbd7fb7f60e0590a,2264,736431_tstamp,12,"London Symphony Orchestra, Josef Krips",Everest. SDBR 3089.,1962,736431,https://imslp.org/images/4/47/PMLP1582-aa01.01._Symphony_No._1_In_C_Major%2C_Op._21_1st_Movement_-_Adagio_Molto%3B_Allegro_Con_Brio.mp3,MarkGotham/Hauptstimme,v4.7.3,human_performance_note_onset_aligned_strong_match,Repository alignment maps score onset positions to timestamps in this specific IMSLP audio file,False,True,False,Metadata and source URL only; review IMSLP file-page rights before downloading or redistributing audio
hauptstimme-audio-72972cbd6705b765c0fa,36,Andante cantabile con moto,"Beethoven, Ludwig van","Symphony No.1, Op.21",2,"Beethoven,_Ludwig_van/Symphony_No.1,_Op.21/2","data/Beethoven,_Ludwig_van/Symphony_No.1,_Op.21/2/Beethoven_Op.21_2.mscz",2ddea3d9780ad15c18ad5fb6a53ba416ee66fa91dea565400c0671845fa7e730,"data/Beethoven,_Ludwig_van/Symphony_No.1,_Op.21/2/Beethoven_Op.21_2.mxl",3ca6d1a44ce70e0c38ff01f29669c23c36a1f90682f08bafe94160e22f9fa9f1,"data/Beethoven,_Ludwig_van/Symphony_No.1,_Op.21/2/Beethoven_Op.21_2_alignment.csv",4a085578171b890008160199eb5fd825614f1ef73dcc1a001f3c10d0b59ccdbb,1046,589445_tstamp,5,United States Marine Band,"Washington, DC: United States Marine Band.",2019,589445,https://imslp.org/images/7/79/PMLP01582-BEETHOVEN_Symphony_No._1_in_C%2C_Opus_21_Mvt._2_-_Marine_Chamber_Orchestra.mp3,MarkGotham/Hauptstimme,v4.7.3,human_performance_note_onset_aligned_strong_match,Repository alignment maps score onset positions to timestamps in this specific IMSLP audio file,False,True,False,Metadata and source URL only; review IMSLP file-page rights before downloading or redistributing audio
hauptstimme-audio-24a149f74a04566c2225,36,Andante cantabile con moto,"Beethoven, Ludwig van","Symphony No.1, Op.21",2,"Beethoven,_Ludwig_van/Symphony_No.1,_Op.21/2","data/Beethoven,_Ludwig_van/Symphony_No.1,_Op.21/2/Beethoven_Op.21_2.mscz",2ddea3d9780ad15c18ad5fb6a53ba416ee66fa91dea565400c0671845fa7e730,"data/Beethoven,_Ludwig_van/Symphony_No.1,_Op.21/2/Beethoven_Op.21_2.mxl",3ca6d1a44ce70e0c38ff01f29669c23c36a1f90682f08bafe94160e22f9fa9f1,"data/Beethoven,_Ludwig_van/Symphony_No.1,_Op.21/2/Beethoven_Op.21_2_alignment.csv",4a085578171b890008160199eb5fd825614f1ef73dcc1a001f3c10d0b59ccdbb,1046,711704_tstamp,21,"Detroit Symphony Orchestra, Paul Paray",Mercury. MG50205.,1959,711704,https://imslp.org/images/c/c5/PMLP1582-02.03._Andante_Cantabile_Con_Molto.mp3,MarkGotham/Hauptstimme,v4.7.3,human_performance_note_onset_aligned_strong_match,Repository alignment maps score onset positions to timestamps in this specific IMSLP audio file,False,True,False,Metadata and source URL only; review IMSLP file-page rights before downloading or redistributing audio
hauptstimme-audio-6e1f464b711c6de0893e,36,Andante cantabile con moto,"Beethoven, Ludwig van","Symphony No.1, Op.21",2,"Beethoven,_Ludwig_van/Symphony_No.1,_Op.21/2","data/Beethoven,_Ludwig_van/Symphony_No.1,_Op.21/2/Beethoven_Op.21_2.mscz",2ddea3d9780ad15c18ad5fb6a53ba416ee66fa91dea565400c0671845fa7e730,"data/Beethoven,_Ludwig_van/Symphony_No.1,_Op.21/2/Beethoven_Op.21_2.mxl",3ca6d1a44ce70e0c38ff01f29669c23c36a1f90682f08bafe94160e22f9fa9f1,"data/Beethoven,_Ludwig_van/Symphony_No.1,_Op.21/2/Beethoven_Op.21_2_alignment.csv",4a085578171b890008160199eb5fd825614f1ef73dcc1a001f3c10d0b59ccdbb,1046,723418_tstamp,25,"Columbia Symphony Orchestra, Bruno Walter",CBS. BRG 72056.,1959,723418,https://imslp.org/images/9/90/PMLP1582-02.03._Symphony_No._1_In_C_Major%2C_Op._21-_2nd_Movt-_Andante_Cantabile_Con_Moto.mp3,MarkGotham/Hauptstimme,v4.7.3,human_performance_note_onset_aligned_strong_match,Repository alignment maps score onset positions to timestamps in this specific IMSLP audio file,False,True,False,Metadata and source URL only; review IMSLP file-page rights before downloading or redistributing audio
hauptstimme-audio-dfe0ff2b900c021eaf5f,36,Andante cantabile con moto,"Beethoven, Ludwig van","Symphony No.1, Op.21",2,"Beethoven,_Ludwig_van/Symphony_No.1,_Op.21/2","data/Beethoven,_Ludwig_van/Symphony_No.1,_Op.21/2/Beethoven_Op.21_2.mscz",2ddea3d9780ad15c18ad5fb6a53ba416ee66fa91dea565400c0671845fa7e730,"data/Beethoven,_Ludwig_van/Symphony_No.1,_Op.21/2/Beethoven_Op.21_2.mxl",3ca6d1a44ce70e0c38ff01f29669c23c36a1f90682f08bafe94160e22f9fa9f1,"data/Beethoven,_Ludwig_van/Symphony_No.1,_Op.21/2/Beethoven_Op.21_2_alignment.csv",4a085578171b890008160199eb5fd825614f1ef73dcc1a001f3c10d0b59ccdbb,1046,729156_tstamp,17,"Royal Philharmonic Orchestra, René Leibowitz",Reader's Digest. RDA-6 (1-7).,1961,729156,https://imslp.org/images/5/54/PMLP1582-01.02._Symphony_No._1_In_C_Major%2C_Op._21-_2nd_Movement_-_Andante_Cantabile_Con_Moto.mp3,MarkGotham/Hauptstimme,v4.7.3,human_performance_note_onset_aligned_strong_match,Repository alignment maps score onset positions to timestamps in this specific IMSLP audio file,False,True,False,Metadata and source URL only; review IMSLP file-page rights before downloading or redistributing audio
hauptstimme-audio-9403bf5cfaebb495c47e,36,Andante cantabile con moto,"Beethoven, Ludwig van","Symphony No.1, Op.21",2,"Beethoven,_Ludwig_van/Symphony_No.1,_Op.21/2","data/Beethoven,_Ludwig_van/Symphony_No.1,_Op.21/2/Beethoven_Op.21_2.mscz",2ddea3d9780ad15c18ad5fb6a53ba416ee66fa91dea565400c0671845fa7e730,"data/Beethoven,_Ludwig_van/Symphony_No.1,_Op.21/2/Beethoven_Op.21_2.mxl",3ca6d1a44ce70e0c38ff01f29669c23c36a1f90682f08bafe94160e22f9fa9f1,"data/Beethoven,_Ludwig_van/Symphony_No.1,_Op.21/2/Beethoven_Op.21_2_alignment.csv",4a085578171b890008160199eb5fd825614f1ef73dcc1a001f3c10d0b59ccdbb,1046,735782_tstamp,29,"Orchestre de la Suisse Romande, Ernest Ansermet",London Records. STS 15032.,1956,735782,https://imslp.org/images/7/75/PMLP1582-01.02._Beethoven-_Symphony_No._1_In_C%2C_Op._21-_Andante_cantabile.mp3,MarkGotham/Hauptstimme,v4.7.3,human_performance_note_onset_aligned_strong_match,Repository alignment maps score onset positions to timestamps in this specific IMSLP audio file,False,True,False,Metadata and source URL only; review IMSLP file-page rights before downloading or redistributing audio
hauptstimme-audio-5dc93c92dbdab33ece7f,36,Andante cantabile con moto,"Beethoven, Ludwig van","Symphony No.1, Op.21",2,"Beethoven,_Ludwig_van/Symphony_No.1,_Op.21/2","data/Beethoven,_Ludwig_van/Symphony_No.1,_Op.21/2/Beethoven_Op.21_2.mscz",2ddea3d9780ad15c18ad5fb6a53ba416ee66fa91dea565400c0671845fa7e730,"data/Beethoven,_Ludwig_van/Symphony_No.1,_Op.21/2/Beethoven_Op.21_2.mxl",3ca6d1a44ce70e0c38ff01f29669c23c36a1f90682f08bafe94160e22f9fa9f1,"data/Beethoven,_Ludwig_van/Symphony_No.1,_Op.21/2/Beethoven_Op.21_2_alignment.csv",4a085578171b890008160199eb5fd825614f1ef73dcc1a001f3c10d0b59ccdbb,1046,736411_tstamp,33,"Wiener Symphoniker, Hermann Scherchen",Westminster. WN 18034.,1955,736411,https://imslp.org/images/e/e2/PMLP1582-01.02._Symphony_No._1_In_C_Major%2C_Op._21_-_Andante_Cantabile_Con_Moto.mp3,MarkGotham/Hauptstimme,v4.7.3,human_performance_note_onset_aligned_strong_match,Repository alignment maps score onset positions to timestamps in this specific IMSLP audio file,False,True,False,Metadata and source URL only; review IMSLP file-page rights before downloading or redistributing audio
hauptstimme-audio-8b9a21c941fea29cb053,36,Andante cantabile con moto,"Beethoven, Ludwig van","Symphony No.1, Op.21",2,"Beethoven,_Ludwig_van/Symphony_No.1,_Op.21/2","data/Beethoven,_Ludwig_van/Symphony_No.1,_Op.21/2/Beethoven_Op.21_2.mscz",2ddea3d9780ad15c18ad5fb6a53ba416ee66fa91dea565400c0671845fa7e730,"data/Beethoven,_Ludwig_van/Symphony_No.1,_Op.21/2/Beethoven_Op.21_2.mxl",3ca6d1a44ce70e0c38ff01f29669c23c36a1f90682f08bafe94160e22f9fa9f1,"data/Beethoven,_Ludwig_van/Symphony_No.1,_Op.21/2/Beethoven_Op.21_2_alignment.csv",4a085578171b890008160199eb5fd825614f1ef73dcc1a001f3c10d0b59ccdbb,1046,736427_tstamp,9,"Pittsburgh Symphony Orchestra, William Steinberg",Command. CC 11024 SD.,1964,736427,https://imslp.org/images/3/31/PMLP1582-01.02._Symphony_No._1_In_C_Major%2C_Opus_21-_Andante_Cantabile_Con_Moto.mp3,MarkGotham/Hauptstimme,v4.7.3,human_performance_note_onset_aligned_strong_match,Repository alignment maps score onset positions to timestamps in this specific IMSLP audio file,False,True,False,Metadata and source URL only; review IMSLP file-page rights before downloading or redistributing audio
hauptstimme-audio-723f45defece3d11150e,36,Andante cantabile con moto,"Beethoven, Ludwig van","Symphony No.1, Op.21",2,"Beethoven,_Ludwig_van/Symphony_No.1,_Op.21/2","data/Beethoven,_Ludwig_van/Symphony_No.1,_Op.21/2/Beethoven_Op.21_2.mscz",2ddea3d9780ad15c18ad5fb6a53ba416ee66fa91dea565400c0671845fa7e730,"data/Beethoven,_Ludwig_van/Symphony_No.1,_Op.21/2/Beethoven_Op.21_2.mxl",3ca6d1a44ce70e0c38ff01f29669c23c36a1f90682f08bafe94160e22f9fa9f1,"data/Beethoven,_Ludwig_van/Symphony_No.1,_Op.21/2/Beethoven_Op.21_2_alignment.csv",4a085578171b890008160199eb5fd825614f1ef73dcc1a001f3c10d0b59ccdbb,1046,736433_tstamp,13,"London Symphony Orchestra, Josef Krips",Everest. SDBR 3089.,1962,736433,https://imslp.org/images/9/96/PMLP1582-aa01.02._Symphony_No._1_In_C_Major%2C_Op._21_2nd_Movement_-_Andante_Cantabile_Con_Moto.mp3,MarkGotham/Hauptstimme,v4.7.3,human_performance_note_onset_aligned_strong_match,Repository alignment maps score onset positions to timestamps in this specific IMSLP audio file,False,True,False,Metadata and source URL only; review IMSLP file-page rights before downloading or redistributing audio
hauptstimme-audio-54c4d79524f8887d136f,37,Minuet. Allegro molto e vivace - Trio,"Beethoven, Ludwig van","Symphony No.1, Op.21",3,"Beethoven,_Ludwig_van/Symphony_No.1,_Op.21/3","data/Beethoven,_Ludwig_van/Symphony_No.1,_Op.21/3/Beethoven_Op.21_3.mscz",39ad72be392da4ce7aa1063aa59ef64d7a8a8a626e304398b3732c32f3aace5a,"data/Beethoven,_Ludwig_van/Symphony_No.1,_Op.21/3/Beethoven_Op.21_3.mxl",e1a08bd4b568c7d087179a2ec6571c2eccdef3e12d9f2275ce5bd0e1a22f9fb7,"data/Beethoven,_Ludwig_van/Symphony_No.1,_Op.21/3/Beethoven_Op.21_3_alignment.csv",f291221d744b41c487c1fcd91c91bb033e946534f1f3a32f9022382413703e6e,1202,711705_tstamp,22,"Detroit Symphony Orchestra, Paul Paray",Mercury. MG50205.,1959,711705,https://imslp.org/images/d/dc/PMLP1582-02.04._Menuetto_%28Allegro_Molto_E_Vivace%29.mp3,MarkGotham/Hauptstimme,v4.7.3,human_performance_note_onset_aligned_strong_match,Repository alignment maps score onset positions to timestamps in this specific IMSLP audio file,False,True,False,Metadata and source URL only; review IMSLP file-page rights before downloading or redistributing audio
hauptstimme-audio-b76b38c340b511bb2b0e,37,Minuet. Allegro molto e vivace - Trio,"Beethoven, Ludwig van","Symphony No.1, Op.21",3,"Beethoven,_Ludwig_van/Symphony_No.1,_Op.21/3","data/Beethoven,_Ludwig_van/Symphony_No.1,_Op.21/3/Beethoven_Op.21_3.mscz",39ad72be392da4ce7aa1063aa59ef64d7a8a8a626e304398b3732c32f3aace5a,"data/Beethoven,_Ludwig_van/Symphony_No.1,_Op.21/3/Beethoven_Op.21_3.mxl",e1a08bd4b568c7d087179a2ec6571c2eccdef3e12d9f2275ce5bd0e1a22f9fb7,"data/Beethoven,_Ludwig_van/Symphony_No.1,_Op.21/3/Beethoven_Op.21_3_alignment.csv",f291221d744b41c487c1fcd91c91bb033e946534f1f3a32f9022382413703e6e,1202,729157_tstamp,18,"Royal Philharmonic Orchestra, René Leibowitz",Reader's Digest. RDA-6 (1-7).,1961,729157,https://imslp.org/images/c/ce/PMLP1582-01.03._Symphony_No._1_In_C_Major%2C_Op._21-_3rd_Movement_-_Menuetto%3B_Allegro_Molto_E_Vivace%3B_Trio.mp3,MarkGotham/Hauptstimme,v4.7.3,human_performance_note_onset_aligned_strong_match,Repository alignment maps score onset positions to timestamps in this specific IMSLP audio file,False,True,False,Metadata and source URL only; review IMSLP file-page rights before downloading or redistributing audio
hauptstimme-audio-1ae49cef0a054b9c63a6,37,Minuet. Allegro molto e vivace - Trio,"Beethoven, Ludwig van","Symphony No.1, Op.21",3,"Beethoven,_Ludwig_van/Symphony_No.1,_Op.21/3","data/Beethoven,_Ludwig_van/Symphony_No.1,_Op.21/3/Beethoven_Op.21_3.mscz",39ad72be392da4ce7aa1063aa59ef64d7a8a8a626e304398b3732c32f3aace5a,"data/Beethoven,_Ludwig_van/Symphony_No.1,_Op.21/3/Beethoven_Op.21_3.mxl",e1a08bd4b568c7d087179a2ec6571c2eccdef3e12d9f2275ce5bd0e1a22f9fb7,"data/Beethoven,_Ludwig_van/Symphony_No.1,_Op.21/3/Beethoven_Op.21_3_alignment.csv",f291221d744b41c487c1fcd91c91bb033e946534f1f3a32f9022382413703e6e,1202,736412_tstamp,34,"Wiener Symphoniker, Hermann Scherchen",Westminster. WN 18034.,1955,736412,https://imslp.org/images/b/b1/PMLP1582-01.03._Symphony_No._1_In_C_Major%2C_Op._21_-_Minuetto_-_Allegro_Molto_E_Vivace.mp3,MarkGotham/Hauptstimme,v4.7.3,human_performance_note_onset_aligned_strong_match,Repository alignment maps score onset positions to timestamps in this specific IMSLP audio file,False,True,False,Metadata and source URL only; review IMSLP file-page rights before downloading or redistributing audio
hauptstimme-audio-5c42937f763427778b49,38,Finale. Adagio – Allegro molto e vivace,"Beethoven, Ludwig van","Symphony No.1, Op.21",4,"Beethoven,_Ludwig_van/Symphony_No.1,_Op.21/4","data/Beethoven,_Ludwig_van/Symphony_No.1,_Op.21/4/Beethoven_Op.21_4.mscz",7f8843cd12e525dbd7731e67ddd98bc505d6567088d3abfebda5e7a56411a9a5,"data/Beethoven,_Ludwig_van/Symphony_No.1,_Op.21/4/Beethoven_Op.21_4.mxl",d7ca8281b3c53b71b438a899ddb40b845d5e87a87719f8e3e5b9505a028471f6,"data/Beethoven,_Ludwig_van/Symphony_No.1,_Op.21/4/Beethoven_Op.21_4_alignment.csv",7342eb4a7b9fd774c85f3c6ddea1f5f38410e785cf2e2758b547ff54952dbd74,1845,589447_tstamp,7,United States Marine Band,"Washington, DC: United States Marine Band.",2019,589447,https://imslp.org/images/7/75/PMLP01582-BEETHOVEN_Symphony_No._1_in_C%2C_Opus_21_Mvt._4_-_Marine_Chamber_Orchestra.mp3,MarkGotham/Hauptstimme,v4.7.3,human_performance_note_onset_aligned_strong_match,Repository alignment maps score onset positions to timestamps in this specific IMSLP audio file,False,True,False,Metadata and source URL only; review IMSLP file-page rights before downloading or redistributing audio
hauptstimme-audio-3afffb43f222a4ac905a,38,Finale. Adagio – Allegro molto e vivace,"Beethoven, Ludwig van","Symphony No.1, Op.21",4,"Beethoven,_Ludwig_van/Symphony_No.1,_Op.21/4","data/Beethoven,_Ludwig_van/Symphony_No.1,_Op.21/4/Beethoven_Op.21_4.mscz",7f8843cd12e525dbd7731e67ddd98bc505d6567088d3abfebda5e7a56411a9a5,"data/Beethoven,_Ludwig_van/Symphony_No.1,_Op.21/4/Beethoven_Op.21_4.mxl",d7ca8281b3c53b71b438a899ddb40b845d5e87a87719f8e3e5b9505a028471f6,"data/Beethoven,_Ludwig_van/Symphony_No.1,_Op.21/4/Beethoven_Op.21_4_alignment.csv",7342eb4a7b9fd774c85f3c6ddea1f5f38410e785cf2e2758b547ff54952dbd74,1845,723420_tstamp,27,"Columbia Symphony Orchestra, Bruno Walter",CBS. BRG 72056.,1959,723420,https://imslp.org/images/c/cf/PMLP1582-02.05._Symphony_No._1_In_C_Major%2C_Op._21-_4th_Movt-_Adagio_-_Allegro_Molto.mp3,MarkGotham/Hauptstimme,v4.7.3,human_performance_note_onset_aligned_strong_match,Repository alignment maps score onset positions to timestamps in this specific IMSLP audio file,False,True,False,Metadata and source URL only; review IMSLP file-page rights before downloading or redistributing audio
hauptstimme-audio-37a8fba97d54c431fa83,38,Finale. Adagio – Allegro molto e vivace,"Beethoven, Ludwig van","Symphony No.1, Op.21",4,"Beethoven,_Ludwig_van/Symphony_No.1,_Op.21/4","data/Beethoven,_Ludwig_van/Symphony_No.1,_Op.21/4/Beethoven_Op.21_4.mscz",7f8843cd12e525dbd7731e67ddd98bc505d6567088d3abfebda5e7a56411a9a5,"data/Beethoven,_Ludwig_van/Symphony_No.1,_Op.21/4/Beethoven_Op.21_4.mxl",d7ca8281b3c53b71b438a899ddb40b845d5e87a87719f8e3e5b9505a028471f6,"data/Beethoven,_Ludwig_van/Symphony_No.1,_Op.21/4/Beethoven_Op.21_4_alignment.csv",7342eb4a7b9fd774c85f3c6ddea1f5f38410e785cf2e2758b547ff54952dbd74,1845,735784_tstamp,31,"Orchestre de la Suisse Romande, Ernest Ansermet",London Records. STS 15032.,1956,735784,https://imslp.org/images/9/90/PMLP1582-01.04._Beethoven-_Symphony_No._1_In_C%2C_Op._21-_Adagio_._._._Allegro_molto_e_vivace.mp3,MarkGotham/Hauptstimme,v4.7.3,human_performance_note_onset_aligned_strong_match,Repository alignment maps score onset positions to timestamps in this specific IMSLP audio file,False,True,False,Metadata and source URL only; review IMSLP file-page rights before downloading or redistributing audio
hauptstimme-audio-72df34127f2ca2eb18b2,38,Finale. Adagio – Allegro molto e vivace,"Beethoven, Ludwig van","Symphony No.1, Op.21",4,"Beethoven,_Ludwig_van/Symphony_No.1,_Op.21/4","data/Beethoven,_Ludwig_van/Symphony_No.1,_Op.21/4/Beethoven_Op.21_4.mscz",7f8843cd12e525dbd7731e67ddd98bc505d6567088d3abfebda5e7a56411a9a5,"data/Beethoven,_Ludwig_van/Symphony_No.1,_Op.21/4/Beethoven_Op.21_4.mxl",d7ca8281b3c53b71b438a899ddb40b845d5e87a87719f8e3e5b9505a028471f6,"data/Beethoven,_Ludwig_van/Symphony_No.1,_Op.21/4/Beethoven_Op.21_4_alignment.csv",7342eb4a7b9fd774c85f3c6ddea1f5f38410e785cf2e2758b547ff54952dbd74,1845,736413_tstamp,35,"Wiener Symphoniker, Hermann Scherchen",Westminster. WN 18034.,1955,736413,https://imslp.org/images/9/93/PMLP1582-01.04._Symphony_No._1_In_C_Major%2C_Op._21_-_Adagio_-_Allegro_Molto.mp3,MarkGotham/Hauptstimme,v4.7.3,human_performance_note_onset_aligned_strong_match,Repository alignment maps score onset positions to timestamps in this specific IMSLP audio file,False,True,False,Metadata and source URL only; review IMSLP file-page rights before downloading or redistributing audio
hauptstimme-audio-d29f1b9fa036c94a2209,38,Finale. Adagio – Allegro molto e vivace,"Beethoven, Ludwig van","Symphony No.1, Op.21",4,"Beethoven,_Ludwig_van/Symphony_No.1,_Op.21/4","data/Beethoven,_Ludwig_van/Symphony_No.1,_Op.21/4/Beethoven_Op.21_4.mscz",7f8843cd12e525dbd7731e67ddd98bc505d6567088d3abfebda5e7a56411a9a5,"data/Beethoven,_Ludwig_van/Symphony_No.1,_Op.21/4/Beethoven_Op.21_4.mxl",d7ca8281b3c53b71b438a899ddb40b845d5e87a87719f8e3e5b9505a028471f6,"data/Beethoven,_Ludwig_van/Symphony_No.1,_Op.21/4/Beethoven_Op.21_4_alignment.csv",7342eb4a7b9fd774c85f3c6ddea1f5f38410e785cf2e2758b547ff54952dbd74,1845,736435_tstamp,15,"London Symphony Orchestra, Josef Krips",Everest. SDBR 3089.,1962,736435,https://imslp.org/images/1/17/PMLP1582-aa01.04._Symphony_No._1_In_C_Major%2C_Op._21_4th_Movement_-_Adagio%3B_Allegro_Molto_E_Vivace.mp3,MarkGotham/Hauptstimme,v4.7.3,human_performance_note_onset_aligned_strong_match,Repository alignment maps score onset positions to timestamps in this specific IMSLP audio file,False,True,False,Metadata and source URL only; review IMSLP file-page rights before downloading or redistributing audio
hauptstimme-audio-e129d62e7c41d8591edb,40,Larghetto,"Beethoven, Ludwig van","Symphony No.2, Op.36",2,"Beethoven,_Ludwig_van/Symphony_No.2,_Op.36/2","data/Beethoven,_Ludwig_van/Symphony_No.2,_Op.36/2/Beethoven_Op.36_2.mscz",0a472f83182d857a22fcc9bef141cd371b468d0096cd191220acbdfffa5dd664,"data/Beethoven,_Ludwig_van/Symphony_No.2,_Op.36/2/Beethoven_Op.36_2.mxl",7586544848f6734609360db91999d6b6c61d0ec129770425bab31904cf897caf,"data/Beethoven,_Ludwig_van/Symphony_No.2,_Op.36/2/Beethoven_Op.36_2_alignment.csv",336231a582af2215ef1d2de0ffd1ee621c989e12c69d7c64d43e0b6480a29e67,1824,711708_tstamp,45,"Detroit Symphony Orchestra, Paul Paray",Mercury. MG50205.,1959,711708,https://imslp.org/images/e/ea/PMLP2580-01.02._Larghetto.mp3,MarkGotham/Hauptstimme,v4.7.3,human_performance_note_onset_aligned_strong_match,Repository alignment maps score onset positions to timestamps in this specific IMSLP audio file,False,True,False,Metadata and source URL only; review IMSLP file-page rights before downloading or redistributing audio
hauptstimme-audio-60c5c7384c81c8f55d90,40,Larghetto,"Beethoven, Ludwig van","Symphony No.2, Op.36",2,"Beethoven,_Ludwig_van/Symphony_No.2,_Op.36/2","data/Beethoven,_Ludwig_van/Symphony_No.2,_Op.36/2/Beethoven_Op.36_2.mscz",0a472f83182d857a22fcc9bef141cd371b468d0096cd191220acbdfffa5dd664,"data/Beethoven,_Ludwig_van/Symphony_No.2,_Op.36/2/Beethoven_Op.36_2.mxl",7586544848f6734609360db91999d6b6c61d0ec129770425bab31904cf897caf,"data/Beethoven,_Ludwig_van/Symphony_No.2,_Op.36/2/Beethoven_Op.36_2_alignment.csv",336231a582af2215ef1d2de0ffd1ee621c989e12c69d7c64d43e0b6480a29e67,1824,723422_tstamp,49,"Columbia Symphony Orchestra, Bruno Walter",CBS. BRG 72056.,1959,723422,https://imslp.org/images/0/08/PMLP2580-01.02._Symphony_No._2_In_D_Major%2C_Op._36-_2nd_Movt-_Larghetto.mp3,MarkGotham/Hauptstimme,v4.7.3,human_performance_note_onset_aligned_strong_match,Repository alignment maps score onset positions to timestamps in this specific IMSLP audio file,False,True,False,Metadata and source URL only; review IMSLP file-page rights before downloading or redistributing audio
hauptstimme-audio-b60115fd6faa6caa4ee1,40,Larghetto,"Beethoven, Ludwig van","Symphony No.2, Op.36",2,"Beethoven,_Ludwig_van/Symphony_No.2,_Op.36/2","data/Beethoven,_Ludwig_van/Symphony_No.2,_Op.36/2/Beethoven_Op.36_2.mscz",0a472f83182d857a22fcc9bef141cd371b468d0096cd191220acbdfffa5dd664,"data/Beethoven,_Ludwig_van/Symphony_No.2,_Op.36/2/Beethoven_Op.36_2.mxl",7586544848f6734609360db91999d6b6c61d0ec129770425bab31904cf897caf,"data/Beethoven,_Ludwig_van/Symphony_No.2,_Op.36/2/Beethoven_Op.36_2_alignment.csv",336231a582af2215ef1d2de0ffd1ee621c989e12c69d7c64d43e0b6480a29e67,1824,729168_tstamp,41,"Royal Philharmonic Orchestra, René Leibowitz",Reader's Digest. RDA-6 (1-7).,1961,729168,https://imslp.org/images/9/97/PMLP2580-02.02._Symphony_No._2_In_D_Major%2C_Op._36-_Second_Movement_-_Larghetto.mp3,MarkGotham/Hauptstimme,v4.7.3,human_performance_note_onset_aligned_strong_match,Repository alignment maps score onset positions to timestamps in this specific IMSLP audio file,False,True,False,Metadata and source URL only; review IMSLP file-page rights before downloading or redistributing audio
hauptstimme-audio-c7aafb3661051b9ab7c1,40,Larghetto,"Beethoven, Ludwig van","Symphony No.2, Op.36",2,"Beethoven,_Ludwig_van/Symphony_No.2,_Op.36/2","data/Beethoven,_Ludwig_van/Symphony_No.2,_Op.36/2/Beethoven_Op.36_2.mscz",0a472f83182d857a22fcc9bef141cd371b468d0096cd191220acbdfffa5dd664,"data/Beethoven,_Ludwig_van/Symphony_No.2,_Op.36/2/Beethoven_Op.36_2.mxl",7586544848f6734609360db91999d6b6c61d0ec129770425bab31904cf897caf,"data/Beethoven,_Ludwig_van/Symphony_No.2,_Op.36/2/Beethoven_Op.36_2_alignment.csv",336231a582af2215ef1d2de0ffd1ee621c989e12c69d7c64d43e0b6480a29e67,1824,736442_tstamp,37,"Pittsburgh Symphony Orchestra, William Steinberg",Command. CC 11024 SD.,1964,736442,https://imslp.org/images/a/a6/PMLP2580-02.02._Symphony_No._2_In_D_Major%2C_Opus_36-_Larghetto.mp3,MarkGotham/Hauptstimme,v4.7.3,human_performance_note_onset_aligned_strong_match,Repository alignment maps score onset positions to timestamps in this specific IMSLP audio file,False,True,False,Metadata and source URL only; review IMSLP file-page rights before downloading or redistributing audio
hauptstimme-audio-b518396173f5503c0e08,41,Scherzo. Allegro - Trio,"Beethoven, Ludwig van","Symphony No.2, Op.36",3,"Beethoven,_Ludwig_van/Symphony_No.2,_Op.36/3","data/Beethoven,_Ludwig_van/Symphony_No.2,_Op.36/3/Beethoven_Op.36_3.mscz",1ead332498f7f9e96891ea1ee13152091b7766bf387297057aa73cdc67ec9b77,"data/Beethoven,_Ludwig_van/Symphony_No.2,_Op.36/3/Beethoven_Op.36_3.mxl",7736eeea1c4ce01cbd5f80ca68b7bf7d4a45f51e32ebbffe9b12b2128e3d32d0,"data/Beethoven,_Ludwig_van/Symphony_No.2,_Op.36/3/Beethoven_Op.36_3_alignment.csv",e374710968a74e704aab73bd34820492f21c8b060fe35e92685b27624e592356,1146,723423_tstamp,50,"Columbia Symphony Orchestra, Bruno Walter",CBS. BRG 72056.,1959,723423,https://imslp.org/images/f/f3/PMLP2580-01.03._Symphony_No._2_In_D_Major%2C_Op._36-_3rd_Movt-_Scherzo_%28Allegro%29.mp3,MarkGotham/Hauptstimme,v4.7.3,human_performance_note_onset_aligned_strong_match,Repository alignment maps score onset positions to timestamps in this specific IMSLP audio file,False,True,False,Metadata and source URL only; review IMSLP file-page rights before downloading or redistributing audio
hauptstimme-audio-fc0ca9d0979016a371e7,42,Allegro molto,"Beethoven, Ludwig van","Symphony No.2, Op.36",4,"Beethoven,_Ludwig_van/Symphony_No.2,_Op.36/4","data/Beethoven,_Ludwig_van/Symphony_No.2,_Op.36/4/Beethoven_Op.36_4.mscz",426af1900e339225cbabb16156ff284ecb402a2ba0c80f99b379fcf105274dba,"data/Beethoven,_Ludwig_van/Symphony_No.2,_Op.36/4/Beethoven_Op.36_4.mxl",844eb3702b7cfc89ee75d7c7f604ba096255ce94157092e8bceee66dd5dd17d8,"data/Beethoven,_Ludwig_van/Symphony_No.2,_Op.36/4/Beethoven_Op.36_4_alignment.csv",20eb9c7e5f201dda7df5bed0d2fb602592a71f9e99b341de0b8fac9a6ee45db8,2541,711710_tstamp,47,"Detroit Symphony Orchestra, Paul Paray",Mercury. MG50205.,1959,711710,https://imslp.org/images/f/f8/PMLP2580-02.01._Allegro_Molto.mp3,MarkGotham/Hauptstimme,v4.7.3,human_performance_note_onset_aligned_strong_match,Repository alignment maps score onset positions to timestamps in this specific IMSLP audio file,False,True,False,Metadata and source URL only; review IMSLP file-page rights before downloading or redistributing audio
hauptstimme-audio-f3a7c38660e4ce52d461,42,Allegro molto,"Beethoven, Ludwig van","Symphony No.2, Op.36",4,"Beethoven,_Ludwig_van/Symphony_No.2,_Op.36/4","data/Beethoven,_Ludwig_van/Symphony_No.2,_Op.36/4/Beethoven_Op.36_4.mscz",426af1900e339225cbabb16156ff284ecb402a2ba0c80f99b379fcf105274dba,"data/Beethoven,_Ludwig_van/Symphony_No.2,_Op.36/4/Beethoven_Op.36_4.mxl",844eb3702b7cfc89ee75d7c7f604ba096255ce94157092e8bceee66dd5dd17d8,"data/Beethoven,_Ludwig_van/Symphony_No.2,_Op.36/4/Beethoven_Op.36_4_alignment.csv",20eb9c7e5f201dda7df5bed0d2fb602592a71f9e99b341de0b8fac9a6ee45db8,2541,723424_tstamp,51,"Columbia Symphony Orchestra, Bruno Walter",CBS. BRG 72056.,1959,723424,https://imslp.org/images/e/e9/PMLP2580-02.01._Symphony_No._2_In_D_Major%2C_Op._36-_4th_Movt-_Allegro_Molto.mp3,MarkGotham/Hauptstimme,v4.7.3,human_performance_note_onset_aligned_strong_match,Repository alignment maps score onset positions to timestamps in this specific IMSLP audio file,False,True,False,Metadata and source URL only; review IMSLP file-page rights before downloading or redistributing audio
hauptstimme-audio-9792b2b811779fa08508,42,Allegro molto,"Beethoven, Ludwig van","Symphony No.2, Op.36",4,"Beethoven,_Ludwig_van/Symphony_No.2,_Op.36/4","data/Beethoven,_Ludwig_van/Symphony_No.2,_Op.36/4/Beethoven_Op.36_4.mscz",426af1900e339225cbabb16156ff284ecb402a2ba0c80f99b379fcf105274dba,"data/Beethoven,_Ludwig_van/Symphony_No.2,_Op.36/4/Beethoven_Op.36_4.mxl",844eb3702b7cfc89ee75d7c7f604ba096255ce94157092e8bceee66dd5dd17d8,"data/Beethoven,_Ludwig_van/Symphony_No.2,_Op.36/4/Beethoven_Op.36_4_alignment.csv",20eb9c7e5f201dda7df5bed0d2fb602592a71f9e99b341de0b8fac9a6ee45db8,2541,729170_tstamp,43,"Royal Philharmonic Orchestra, René Leibowitz",Reader's Digest. RDA-6 (1-7).,1961,729170,https://imslp.org/images/4/4c/PMLP2580-02.04._Symphony_No._2_In_D_Major%2C_Op._36-_Fourth_Movement_-_Allegro_Molto.mp3,MarkGotham/Hauptstimme,v4.7.3,human_performance_note_onset_aligned_strong_match,Repository alignment maps score onset positions to timestamps in this specific IMSLP audio file,False,True,False,Metadata and source URL only; review IMSLP file-page rights before downloading or redistributing audio
hauptstimme-audio-73a2799e4643bfee6e98,42,Allegro molto,"Beethoven, Ludwig van","Symphony No.2, Op.36",4,"Beethoven,_Ludwig_van/Symphony_No.2,_Op.36/4","data/Beethoven,_Ludwig_van/Symphony_No.2,_Op.36/4/Beethoven_Op.36_4.mscz",426af1900e339225cbabb16156ff284ecb402a2ba0c80f99b379fcf105274dba,"data/Beethoven,_Ludwig_van/Symphony_No.2,_Op.36/4/Beethoven_Op.36_4.mxl",844eb3702b7cfc89ee75d7c7f604ba096255ce94157092e8bceee66dd5dd17d8,"data/Beethoven,_Ludwig_van/Symphony_No.2,_Op.36/4/Beethoven_Op.36_4_alignment.csv",20eb9c7e5f201dda7df5bed0d2fb602592a71f9e99b341de0b8fac9a6ee45db8,2541,736444_tstamp,39,"Pittsburgh Symphony Orchestra, William Steinberg",Command. CC 11024 SD.,1964,736444,https://imslp.org/images/6/64/PMLP2580-02.04._Symphony_No._2_In_D_Major%2C_Opus_36-_Allegro_Molto.mp3,MarkGotham/Hauptstimme,v4.7.3,human_performance_note_onset_aligned_strong_match,Repository alignment maps score onset positions to timestamps in this specific IMSLP audio file,False,True,False,Metadata and source URL only; review IMSLP file-page rights before downloading or redistributing audio
hauptstimme-audio-8953b123d460e2f76ed0,44,Marcia funebre. Adagio assai,"Beethoven, Ludwig van","Symphony No.3, Op.55",2,"Beethoven,_Ludwig_van/Symphony_No.3,_Op.55/2","data/Beethoven,_Ludwig_van/Symphony_No.3,_Op.55/2/Beethoven_Op.55_2.mscz",7d0290d9db9a868a4f1c43e0bb33be9462be77be1a7a8d7e2901cf24872517d9,"data/Beethoven,_Ludwig_van/Symphony_No.3,_Op.55/2/Beethoven_Op.55_2.mxl",35f77448c9d43e8ab5a234186ebd5dd5f9c759e87be61cc42b4604382285fb12,"data/Beethoven,_Ludwig_van/Symphony_No.3,_Op.55/2/Beethoven_Op.55_2_alignment.csv",00bc75ffaadacabb34d0af55122a876df5773f974647a6e5d64aef4368d85e2a,2055,246971_tstamp,53,Czech National Symphony Orchestra,Palo Alto: Musopen.,2012,246971,https://imslp.org/images/8/80/PMLP02581-Symphony_No._3_in_E_Flat_Major_Eroica%2C_Op._55_-_II._Marcia_funebre_Adagio_assai.mp3,MarkGotham/Hauptstimme,v4.7.3,human_performance_note_onset_aligned_strong_match,Repository alignment maps score onset positions to timestamps in this specific IMSLP audio file,False,True,False,Metadata and source URL only; review IMSLP file-page rights before downloading or redistributing audio
hauptstimme-audio-f15e010f52dfb0381097,44,Marcia funebre. Adagio assai,"Beethoven, Ludwig van","Symphony No.3, Op.55",2,"Beethoven,_Ludwig_van/Symphony_No.3,_Op.55/2","data/Beethoven,_Ludwig_van/Symphony_No.3,_Op.55/2/Beethoven_Op.55_2.mscz",7d0290d9db9a868a4f1c43e0bb33be9462be77be1a7a8d7e2901cf24872517d9,"data/Beethoven,_Ludwig_van/Symphony_No.3,_Op.55/2/Beethoven_Op.55_2.mxl",35f77448c9d43e8ab5a234186ebd5dd5f9c759e87be61cc42b4604382285fb12,"data/Beethoven,_Ludwig_van/Symphony_No.3,_Op.55/2/Beethoven_Op.55_2_alignment.csv",00bc75ffaadacabb34d0af55122a876df5773f974647a6e5d64aef4368d85e2a,2055,728892_tstamp,71,"Berliner Philharmoniker, Herbert von Karajan",Deutsche Grammophon. 2535 302.,1962,728892,https://imslp.org/images/e/e2/PMLP2581-01.02._2._Satz-_Marcia_Funebre-_Adagio_Assai.mp3,MarkGotham/Hauptstimme,v4.7.3,human_performance_note_onset_aligned_strong_match,Repository alignment maps score onset positions to timestamps in this specific IMSLP audio file,False,True,False,Metadata and source URL only; review IMSLP file-page rights before downloading or redistributing audio
hauptstimme-audio-fa2c6501859cf98e1907,44,Marcia funebre. Adagio assai,"Beethoven, Ludwig van","Symphony No.3, Op.55",2,"Beethoven,_Ludwig_van/Symphony_No.3,_Op.55/2","data/Beethoven,_Ludwig_van/Symphony_No.3,_Op.55/2/Beethoven_Op.55_2.mscz",7d0290d9db9a868a4f1c43e0bb33be9462be77be1a7a8d7e2901cf24872517d9,"data/Beethoven,_Ludwig_van/Symphony_No.3,_Op.55/2/Beethoven_Op.55_2.mxl",35f77448c9d43e8ab5a234186ebd5dd5f9c759e87be61cc42b4604382285fb12,"data/Beethoven,_Ludwig_van/Symphony_No.3,_Op.55/2/Beethoven_Op.55_2_alignment.csv",00bc75ffaadacabb34d0af55122a876df5773f974647a6e5d64aef4368d85e2a,2055,728896_tstamp,75,"London Philharmonic, Adrian Boult",Alshire. ASC 814.,1962,728896,https://imslp.org/images/5/5e/PMLP2581-01.02._Marcia_Funebre%2C_Adagio_assai.mp3,MarkGotham/Hauptstimme,v4.7.3,human_performance_note_onset_aligned_strong_match,Repository alignment maps score onset positions to timestamps in this specific IMSLP audio file,False,True,False,Metadata and source URL only; review IMSLP file-page rights before downloading or redistributing audio
hauptstimme-audio-842dd0a9814f13d5b370,44,Marcia funebre. Adagio assai,"Beethoven, Ludwig van","Symphony No.3, Op.55",2,"Beethoven,_Ludwig_van/Symphony_No.3,_Op.55/2","data/Beethoven,_Ludwig_van/Symphony_No.3,_Op.55/2/Beethoven_Op.55_2.mscz",7d0290d9db9a868a4f1c43e0bb33be9462be77be1a7a8d7e2901cf24872517d9,"data/Beethoven,_Ludwig_van/Symphony_No.3,_Op.55/2/Beethoven_Op.55_2.mxl",35f77448c9d43e8ab5a234186ebd5dd5f9c759e87be61cc42b4604382285fb12,"data/Beethoven,_Ludwig_van/Symphony_No.3,_Op.55/2/Beethoven_Op.55_2_alignment.csv",00bc75ffaadacabb34d0af55122a876df5773f974647a6e5d64aef4368d85e2a,2055,728897_tstamp,76,"London Philharmonic, Adrian Boult",Alshire. ASC 814.,1962,728897,https://imslp.org/images/a/a7/PMLP2581-02.01._Marcia_Funebre%2C_Adagio_assai_%28continued%29.mp3,MarkGotham/Hauptstimme,v4.7.3,human_performance_note_onset_aligned_strong_match,Repository alignment maps score onset positions to timestamps in this specific IMSLP audio file,False,True,False,Metadata and source URL only; review IMSLP file-page rights before downloading or redistributing audio
hauptstimme-audio-cc385d34452928e1690f,44,Marcia funebre. Adagio assai,"Beethoven, Ludwig van","Symphony No.3, Op.55",2,"Beethoven,_Ludwig_van/Symphony_No.3,_Op.55/2","data/Beethoven,_Ludwig_van/Symphony_No.3,_Op.55/2/Beethoven_Op.55_2.mscz",7d0290d9db9a868a4f1c43e0bb33be9462be77be1a7a8d7e2901cf24872517d9,"data/Beethoven,_Ludwig_van/Symphony_No.3,_Op.55/2/Beethoven_Op.55_2.mxl",35f77448c9d43e8ab5a234186ebd5dd5f9c759e87be61cc42b4604382285fb12,"data/Beethoven,_Ludwig_van/Symphony_No.3,_Op.55/2/Beethoven_Op.55_2_alignment.csv",00bc75ffaadacabb34d0af55122a876df5773f974647a6e5d64aef4368d85e2a,2055,728901_tstamp,61,"Pittsburgh Symphony Orchestra, William Steinberg",Command. CC 11019 SD.,1963,728901,https://imslp.org/images/b/be/PMLP2581-01.02._Symphony_No._3_In_E_Flat%2C_Op._55_%28%22Eroica%22%29-_Second_Movement-_Marcia_Funebre_-_Adagio_Assai.mp3,MarkGotham/Hauptstimme,v4.7.3,human_performance_note_onset_aligned_strong_match,Repository alignment maps score onset positions to timestamps in this specific IMSLP audio file,False,True,False,Metadata and source URL only; review IMSLP file-page rights before downloading or redistributing audio
hauptstimme-audio-605218774ea7b4cab9ff,44,Marcia funebre. Adagio assai,"Beethoven, Ludwig van","Symphony No.3, Op.55",2,"Beethoven,_Ludwig_van/Symphony_No.3,_Op.55/2","data/Beethoven,_Ludwig_van/Symphony_No.3,_Op.55/2/Beethoven_Op.55_2.mscz",7d0290d9db9a868a4f1c43e0bb33be9462be77be1a7a8d7e2901cf24872517d9,"data/Beethoven,_Ludwig_van/Symphony_No.3,_Op.55/2/Beethoven_Op.55_2.mxl",35f77448c9d43e8ab5a234186ebd5dd5f9c759e87be61cc42b4604382285fb12,"data/Beethoven,_Ludwig_van/Symphony_No.3,_Op.55/2/Beethoven_Op.55_2_alignment.csv",00bc75ffaadacabb34d0af55122a876df5773f974647a6e5d64aef4368d85e2a,2055,728902_tstamp,62,"Pittsburgh Symphony Orchestra, William Steinberg",Command. CC 11019 SD.,1963,728902,https://imslp.org/images/9/9f/PMLP2581-02.01._Symphony_No._3_In_E_Flat%2C_Op._55_%28%22Eroica%22%29-_Second_Movement-_Marcia_Funebre_-_Adagio_Assai_%28Concluded%29.mp3,MarkGotham/Hauptstimme,v4.7.3,human_performance_note_onset_aligned_strong_match,Repository alignment maps score onset positions to timestamps in this specific IMSLP audio file,False,True,False,Metadata and source URL only; review IMSLP file-page rights before downloading or redistributing audio
hauptstimme-audio-c4fedfd59274687b6094,44,Marcia funebre. Adagio assai,"Beethoven, Ludwig van","Symphony No.3, Op.55",2,"Beethoven,_Ludwig_van/Symphony_No.3,_Op.55/2","data/Beethoven,_Ludwig_van/Symphony_No.3,_Op.55/2/Beethoven_Op.55_2.mscz",7d0290d9db9a868a4f1c43e0bb33be9462be77be1a7a8d7e2901cf24872517d9,"data/Beethoven,_Ludwig_van/Symphony_No.3,_Op.55/2/Beethoven_Op.55_2.mxl",35f77448c9d43e8ab5a234186ebd5dd5f9c759e87be61cc42b4604382285fb12,"data/Beethoven,_Ludwig_van/Symphony_No.3,_Op.55/2/Beethoven_Op.55_2_alignment.csv",00bc75ffaadacabb34d0af55122a876df5773f974647a6e5d64aef4368d85e2a,2055,728906_tstamp,111,"Pittsburgh Symphony Orchestra, William Steinberg",Capitol Records. P 8334.,1955,728906,https://imslp.org/images/5/52/PMLP2581-01.02._Second_Movement_-_Marcia_Fun%C3%A8bre-_Adagio_Assai.mp3,MarkGotham/Hauptstimme,v4.7.3,human_performance_note_onset_aligned_strong_match,Repository alignment maps score onset positions to timestamps in this specific IMSLP audio file,False,True,False,Metadata and source URL only; review IMSLP file-page rights before downloading or redistributing audio
hauptstimme-audio-2531fc01b4b5fd735481,44,Marcia funebre. Adagio assai,"Beethoven, Ludwig van","Symphony No.3, Op.55",2,"Beethoven,_Ludwig_van/Symphony_No.3,_Op.55/2","data/Beethoven,_Ludwig_van/Symphony_No.3,_Op.55/2/Beethoven_Op.55_2.mscz",7d0290d9db9a868a4f1c43e0bb33be9462be77be1a7a8d7e2901cf24872517d9,"data/Beethoven,_Ludwig_van/Symphony_No.3,_Op.55/2/Beethoven_Op.55_2.mxl",35f77448c9d43e8ab5a234186ebd5dd5f9c759e87be61cc42b4604382285fb12,"data/Beethoven,_Ludwig_van/Symphony_No.3,_Op.55/2/Beethoven_Op.55_2_alignment.csv",00bc75ffaadacabb34d0af55122a876df5773f974647a6e5d64aef4368d85e2a,2055,728910_tstamp,115,"New York Philharmonic, Bruno Walter",Columbia Masterworks. ML 4228.,1949,728910,https://imslp.org/images/b/bd/PMLP2581-01.02._Symphony_No._3_In_E-Flat_Major%2C_Op._55_%28%22Eroica%22%29-_Band_No._2-_Second_Movement-_Marche_Funebre_%28Adagio_Assai%29.mp3,MarkGotham/Hauptstimme,v4.7.3,human_performance_note_onset_aligned_strong_match,Repository alignment maps score onset positions to timestamps in this specific IMSLP audio file,False,True,False,Metadata and source URL only; review IMSLP file-page rights before downloading or redistributing audio
hauptstimme-audio-6b63f7e08619866b7553,44,Marcia funebre. Adagio assai,"Beethoven, Ludwig van","Symphony No.3, Op.55",2,"Beethoven,_Ludwig_van/Symphony_No.3,_Op.55/2","data/Beethoven,_Ludwig_van/Symphony_No.3,_Op.55/2/Beethoven_Op.55_2.mscz",7d0290d9db9a868a4f1c43e0bb33be9462be77be1a7a8d7e2901cf24872517d9,"data/Beethoven,_Ludwig_van/Symphony_No.3,_Op.55/2/Beethoven_Op.55_2.mxl",35f77448c9d43e8ab5a234186ebd5dd5f9c759e87be61cc42b4604382285fb12,"data/Beethoven,_Ludwig_van/Symphony_No.3,_Op.55/2/Beethoven_Op.55_2_alignment.csv",00bc75ffaadacabb34d0af55122a876df5773f974647a6e5d64aef4368d85e2a,2055,728914_tstamp,66,"Wiener Philharmoniker, Pierre Monteux",RCA Victrola Red Seal. VICS 1036.,1963,728914,https://imslp.org/images/9/93/PMLP2581-01.02._Symphony_No.3_In_E_Flat%2C_%28Op.55%29_%28%22Eroica%22%29-_Marcia_Funebre-_Adagio_Assai.mp3,MarkGotham/Hauptstimme,v4.7.3,human_performance_note_onset_aligned_strong_match,Repository alignment maps score onset positions to timestamps in this specific IMSLP audio file,False,True,False,Metadata and source URL only; review IMSLP file-page rights before downloading or redistributing audio
hauptstimme-audio-06b084597faab1eee59e,44,Marcia funebre. Adagio assai,"Beethoven, Ludwig van","Symphony No.3, Op.55",2,"Beethoven,_Ludwig_van/Symphony_No.3,_Op.55/2","data/Beethoven,_Ludwig_van/Symphony_No.3,_Op.55/2/Beethoven_Op.55_2.mscz",7d0290d9db9a868a4f1c43e0bb33be9462be77be1a7a8d7e2901cf24872517d9,"data/Beethoven,_Ludwig_van/Symphony_No.3,_Op.55/2/Beethoven_Op.55_2.mxl",35f77448c9d43e8ab5a234186ebd5dd5f9c759e87be61cc42b4604382285fb12,"data/Beethoven,_Ludwig_van/Symphony_No.3,_Op.55/2/Beethoven_Op.55_2_alignment.csv",00bc75ffaadacabb34d0af55122a876df5773f974647a6e5d64aef4368d85e2a,2055,728915_tstamp,67,"Wiener Philharmoniker, Pierre Monteux",RCA Victrola Red Seal. VICS 1036.,1963,728915,https://imslp.org/images/5/5e/PMLP2581-02.01._Symphony_No._3_In_E-Flat%2C_Op._55_%28%22Eroica%22%29-_Second_Movement-_Marcia_Funebre_Adagio_Assai_%28Concluded%29.mp3,MarkGotham/Hauptstimme,v4.7.3,human_performance_note_onset_aligned_strong_match,Repository alignment maps score onset positions to timestamps in this specific IMSLP audio file,False,True,False,Metadata and source URL only; review IMSLP file-page rights before downloading or redistributing audio
hauptstimme-audio-8d6c8c6493b8bdc9930c,44,Marcia funebre. Adagio assai,"Beethoven, Ludwig van","Symphony No.3, Op.55",2,"Beethoven,_Ludwig_van/Symphony_No.3,_Op.55/2","data/Beethoven,_Ludwig_van/Symphony_No.3,_Op.55/2/Beethoven_Op.55_2.mscz",7d0290d9db9a868a4f1c43e0bb33be9462be77be1a7a8d7e2901cf24872517d9,"data/Beethoven,_Ludwig_van/Symphony_No.3,_Op.55/2/Beethoven_Op.55_2.mxl",35f77448c9d43e8ab5a234186ebd5dd5f9c759e87be61cc42b4604382285fb12,"data/Beethoven,_Ludwig_van/Symphony_No.3,_Op.55/2/Beethoven_Op.55_2_alignment.csv",00bc75ffaadacabb34d0af55122a876df5773f974647a6e5d64aef4368d85e2a,2055,728921_tstamp,84,"Philadelphia Orchestra, Eugene Ormandy",Columbia Masterworks. MS 6266.,1961,728921,https://imslp.org/images/a/a8/PMLP2581-01.02._Symphony_No._3%2C_in_E-Flat_Major%2C_Op._55_%28%22Eroica%22%29-_Marcia_Funebre-_Adagio_Assai_%28Beginning%29.mp3,MarkGotham/Hauptstimme,v4.7.3,human_performance_note_onset_aligned_strong_match,Repository alignment maps score onset positions to timestamps in this specific IMSLP audio file,False,True,False,Metadata and source URL only; review IMSLP file-page rights before downloading or redistributing audio
hauptstimme-audio-ea46fe3ef9aa35301ef7,44,Marcia funebre. Adagio assai,"Beethoven, Ludwig van","Symphony No.3, Op.55",2,"Beethoven,_Ludwig_van/Symphony_No.3,_Op.55/2","data/Beethoven,_Ludwig_van/Symphony_No.3,_Op.55/2/Beethoven_Op.55_2.mscz",7d0290d9db9a868a4f1c43e0bb33be9462be77be1a7a8d7e2901cf24872517d9,"data/Beethoven,_Ludwig_van/Symphony_No.3,_Op.55/2/Beethoven_Op.55_2.mxl",35f77448c9d43e8ab5a234186ebd5dd5f9c759e87be61cc42b4604382285fb12,"data/Beethoven,_Ludwig_van/Symphony_No.3,_Op.55/2/Beethoven_Op.55_2_alignment.csv",00bc75ffaadacabb34d0af55122a876df5773f974647a6e5d64aef4368d85e2a,2055,728922_tstamp,85,"Philadelphia Orchestra, Eugene Ormandy",Columbia Masterworks. MS 6266.,1961,728922,https://imslp.org/images/e/ee/PMLP2581-02.01._Symphony_No._3%2C_in_E-Flat_Major%2C_Op._55_%28%22Eroica%22%29-_Marcia_Funebre-_Adagio_Assai_%28Conclusion%29_.mp3,MarkGotham/Hauptstimme,v4.7.3,human_performance_note_onset_aligned_strong_match,Repository alignment maps score onset positions to timestamps in this specific IMSLP audio file,False,True,False,Metadata and source URL only; review IMSLP file-page rights before downloading or redistributing audio
hauptstimme-audio-2e31dfe2fd3f231c8e0f,44,Marcia funebre. Adagio assai,"Beethoven, Ludwig van","Symphony No.3, Op.55",2,"Beethoven,_Ludwig_van/Symphony_No.3,_Op.55/2","data/Beethoven,_Ludwig_van/Symphony_No.3,_Op.55/2/Beethoven_Op.55_2.mscz",7d0290d9db9a868a4f1c43e0bb33be9462be77be1a7a8d7e2901cf24872517d9,"data/Beethoven,_Ludwig_van/Symphony_No.3,_Op.55/2/Beethoven_Op.55_2.mxl",35f77448c9d43e8ab5a234186ebd5dd5f9c759e87be61cc42b4604382285fb12,"data/Beethoven,_Ludwig_van/Symphony_No.3,_Op.55/2/Beethoven_Op.55_2_alignment.csv",00bc75ffaadacabb34d0af55122a876df5773f974647a6e5d64aef4368d85e2a,2055,728926_tstamp,107,"Berliner Philharmoniker, Eugen Jochum",Decca. DL 9865.,1955,728926,https://imslp.org/images/f/f3/PMLP2581-01.02._2nd_Movement-_Marcia_Funebre_%28Adagio_Assai%29.mp3,MarkGotham/Hauptstimme,v4.7.3,human_performance_note_onset_aligned_strong_match,Repository alignment maps score onset positions to timestamps in this specific IMSLP audio file,False,True,False,Metadata and source URL only; review IMSLP file-page rights before downloading or redistributing audio
hauptstimme-audio-884c56de086acc87af77,44,Marcia funebre. Adagio assai,"Beethoven, Ludwig van","Symphony No.3, Op.55",2,"Beethoven,_Ludwig_van/Symphony_No.3,_Op.55/2","data/Beethoven,_Ludwig_van/Symphony_No.3,_Op.55/2/Beethoven_Op.55_2.mscz",7d0290d9db9a868a4f1c43e0bb33be9462be77be1a7a8d7e2901cf24872517d9,"data/Beethoven,_Ludwig_van/Symphony_No.3,_Op.55/2/Beethoven_Op.55_2.mxl",35f77448c9d43e8ab5a234186ebd5dd5f9c759e87be61cc42b4604382285fb12,"data/Beethoven,_Ludwig_van/Symphony_No.3,_Op.55/2/Beethoven_Op.55_2_alignment.csv",00bc75ffaadacabb34d0af55122a876df5773f974647a6e5d64aef4368d85e2a,2055,728930_tstamp,94,"Orchestre de la Suisse Romande, Ernest Ansermet",London Records. STS 15069.,1958,728930,https://imslp.org/images/3/39/PMLP2581-01.02._Marcia_Funebre_-_Adagio.mp3,MarkGotham/Hauptstimme,v4.7.3,human_performance_note_onset_aligned_strong_match,Repository alignment maps score onset positions to timestamps in this specific IMSLP audio file,False,True,False,Metadata and source URL only; review IMSLP file-page rights before downloading or redistributing audio
hauptstimme-audio-439b9f4d578771b69054,44,Marcia funebre. Adagio assai,"Beethoven, Ludwig van","Symphony No.3, Op.55",2,"Beethoven,_Ludwig_van/Symphony_No.3,_Op.55/2","data/Beethoven,_Ludwig_van/Symphony_No.3,_Op.55/2/Beethoven_Op.55_2.mscz",7d0290d9db9a868a4f1c43e0bb33be9462be77be1a7a8d7e2901cf24872517d9,"data/Beethoven,_Ludwig_van/Symphony_No.3,_Op.55/2/Beethoven_Op.55_2.mxl",35f77448c9d43e8ab5a234186ebd5dd5f9c759e87be61cc42b4604382285fb12,"data/Beethoven,_Ludwig_van/Symphony_No.3,_Op.55/2/Beethoven_Op.55_2_alignment.csv",00bc75ffaadacabb34d0af55122a876df5773f974647a6e5d64aef4368d85e2a,2055,728934_tstamp,103,"Symphony of the Air, Igor Markevitch",Decca. DL 9912.,1957,728934,https://imslp.org/images/9/9f/PMLP2581-01.02._2nd_Movement-_Marcia_funebre-_Adagio_assai.mp3,MarkGotham/Hauptstimme,v4.7.3,human_performance_note_onset_aligned_strong_match,Repository alignment maps score onset positions to timestamps in this specific IMSLP audio file,False,True,False,Metadata and source URL only; review IMSLP file-page rights before downloading or redistributing audio
hauptstimme-audio-62d5e1ccffc9adcd7be6,44,Marcia funebre. Adagio assai,"Beethoven, Ludwig van","Symphony No.3, Op.55",2,"Beethoven,_Ludwig_van/Symphony_No.3,_Op.55/2","data/Beethoven,_Ludwig_van/Symphony_No.3,_Op.55/2/Beethoven_Op.55_2.mscz",7d0290d9db9a868a4f1c43e0bb33be9462be77be1a7a8d7e2901cf24872517d9,"data/Beethoven,_Ludwig_van/Symphony_No.3,_Op.55/2/Beethoven_Op.55_2.mxl",35f77448c9d43e8ab5a234186ebd5dd5f9c759e87be61cc42b4604382285fb12,"data/Beethoven,_Ludwig_van/Symphony_No.3,_Op.55/2/Beethoven_Op.55_2_alignment.csv",00bc75ffaadacabb34d0af55122a876df5773f974647a6e5d64aef4368d85e2a,2055,728938_tstamp,98,"Boston Symphony Orchestra, Charles Munch",RCA Victrola. VICS 1626.,1958,728938,https://imslp.org/images/7/74/PMLP2581-01.02._Marcia_Funebre_-_Adagio_Assai_%28Part_1%29.mp3,MarkGotham/Hauptstimme,v4.7.3,human_performance_note_onset_aligned_strong_match,Repository alignment maps score onset positions to timestamps in this specific IMSLP audio file,False,True,False,Metadata and source URL only; review IMSLP file-page rights before downloading or redistributing audio
hauptstimme-audio-0c9fbab5f04d060a3ec3,44,Marcia funebre. Adagio assai,"Beethoven, Ludwig van","Symphony No.3, Op.55",2,"Beethoven,_Ludwig_van/Symphony_No.3,_Op.55/2","data/Beethoven,_Ludwig_van/Symphony_No.3,_Op.55/2/Beethoven_Op.55_2.mscz",7d0290d9db9a868a4f1c43e0bb33be9462be77be1a7a8d7e2901cf24872517d9,"data/Beethoven,_Ludwig_van/Symphony_No.3,_Op.55/2/Beethoven_Op.55_2.mxl",35f77448c9d43e8ab5a234186ebd5dd5f9c759e87be61cc42b4604382285fb12,"data/Beethoven,_Ludwig_van/Symphony_No.3,_Op.55/2/Beethoven_Op.55_2_alignment.csv",00bc75ffaadacabb34d0af55122a876df5773f974647a6e5d64aef4368d85e2a,2055,728939_tstamp,99,"Boston Symphony Orchestra, Charles Munch",RCA Victrola. VICS 1626.,1958,728939,https://imslp.org/images/7/7e/PMLP2581-02.01._Marcia_Funebre_-_Adagio_Assai_%28Part_2%29.mp3,MarkGotham/Hauptstimme,v4.7.3,human_performance_note_onset_aligned_strong_match,Repository alignment maps score onset positions to timestamps in this specific IMSLP audio file,False,True,False,Metadata and source URL only; review IMSLP file-page rights before downloading or redistributing audio
hauptstimme-audio-1f0eee8d0804749a0a65,44,Marcia funebre. Adagio assai,"Beethoven, Ludwig van","Symphony No.3, Op.55",2,"Beethoven,_Ludwig_van/Symphony_No.3,_Op.55/2","data/Beethoven,_Ludwig_van/Symphony_No.3,_Op.55/2/Beethoven_Op.55_2.mscz",7d0290d9db9a868a4f1c43e0bb33be9462be77be1a7a8d7e2901cf24872517d9,"data/Beethoven,_Ludwig_van/Symphony_No.3,_Op.55/2/Beethoven_Op.55_2.mxl",35f77448c9d43e8ab5a234186ebd5dd5f9c759e87be61cc42b4604382285fb12,"data/Beethoven,_Ludwig_van/Symphony_No.3,_Op.55/2/Beethoven_Op.55_2_alignment.csv",00bc75ffaadacabb34d0af55122a876df5773f974647a6e5d64aef4368d85e2a,2055,728943_tstamp,119,"Boston Symphony Orchestra, Serge Koussevitzky",RCA Victor Red Seal. DM 1161.,1947,728943,https://imslp.org/images/a/a2/PMLP2581-02.Ii.MarciaFunebre-AdagioAssai.mp3,MarkGotham/Hauptstimme,v4.7.3,human_performance_note_onset_aligned_strong_match,Repository alignment maps score onset positions to timestamps in this specific IMSLP audio file,False,True,False,Metadata and source URL only; review IMSLP file-page rights before downloading or redistributing audio
hauptstimme-audio-21bcb6cc4e961aaca4a9,44,Marcia funebre. Adagio assai,"Beethoven, Ludwig van","Symphony No.3, Op.55",2,"Beethoven,_Ludwig_van/Symphony_No.3,_Op.55/2","data/Beethoven,_Ludwig_van/Symphony_No.3,_Op.55/2/Beethoven_Op.55_2.mscz",7d0290d9db9a868a4f1c43e0bb33be9462be77be1a7a8d7e2901cf24872517d9,"data/Beethoven,_Ludwig_van/Symphony_No.3,_Op.55/2/Beethoven_Op.55_2.mxl",35f77448c9d43e8ab5a234186ebd5dd5f9c759e87be61cc42b4604382285fb12,"data/Beethoven,_Ludwig_van/Symphony_No.3,_Op.55/2/Beethoven_Op.55_2_alignment.csv",00bc75ffaadacabb34d0af55122a876df5773f974647a6e5d64aef4368d85e2a,2055,728951_tstamp,127,"Berliner Philharmoniker, Hans Pfitzner",Brunswick Hall of Fame. 90060-90065.,1929,728951,https://imslp.org/images/4/45/PMLP2581-02.Ii.MarciaFunebreAdagioAssai.mp3,MarkGotham/Hauptstimme,v4.7.3,human_performance_note_onset_aligned_strong_match,Repository alignment maps score onset positions to timestamps in this specific IMSLP audio file,False,True,False,Metadata and source URL only; review IMSLP file-page rights before downloading or redistributing audio
hauptstimme-audio-ebb84cb4f1f7ab5b24c3,44,Marcia funebre. Adagio assai,"Beethoven, Ludwig van","Symphony No.3, Op.55",2,"Beethoven,_Ludwig_van/Symphony_No.3,_Op.55/2","data/Beethoven,_Ludwig_van/Symphony_No.3,_Op.55/2/Beethoven_Op.55_2.mscz",7d0290d9db9a868a4f1c43e0bb33be9462be77be1a7a8d7e2901cf24872517d9,"data/Beethoven,_Ludwig_van/Symphony_No.3,_Op.55/2/Beethoven_Op.55_2.mxl",35f77448c9d43e8ab5a234186ebd5dd5f9c759e87be61cc42b4604382285fb12,"data/Beethoven,_Ludwig_van/Symphony_No.3,_Op.55/2/Beethoven_Op.55_2_alignment.csv",00bc75ffaadacabb34d0af55122a876df5773f974647a6e5d64aef4368d85e2a,2055,728957_tstamp,123,"New York Philharmonic, Bruno Walter",Columbia. MM 449.,1941,728957,https://imslp.org/images/1/17/PMLP2581-New_York_-_1941_-_02.Ii.MarciaFunebre-AdagioAssai.mp3,MarkGotham/Hauptstimme,v4.7.3,human_performance_note_onset_aligned_strong_match,Repository alignment maps score onset positions to timestamps in this specific IMSLP audio file,False,True,False,Metadata and source URL only; review IMSLP file-page rights before downloading or redistributing audio
hauptstimme-audio-756c1caa7ac517e499ea,44,Marcia funebre. Adagio assai,"Beethoven, Ludwig van","Symphony No.3, Op.55",2,"Beethoven,_Ludwig_van/Symphony_No.3,_Op.55/2","data/Beethoven,_Ludwig_van/Symphony_No.3,_Op.55/2/Beethoven_Op.55_2.mscz",7d0290d9db9a868a4f1c43e0bb33be9462be77be1a7a8d7e2901cf24872517d9,"data/Beethoven,_Ludwig_van/Symphony_No.3,_Op.55/2/Beethoven_Op.55_2.mxl",35f77448c9d43e8ab5a234186ebd5dd5f9c759e87be61cc42b4604382285fb12,"data/Beethoven,_Ludwig_van/Symphony_No.3,_Op.55/2/Beethoven_Op.55_2_alignment.csv",00bc75ffaadacabb34d0af55122a876df5773f974647a6e5d64aef4368d85e2a,2055,729160_tstamp,80,"Royal Philharmonic Orchestra, René Leibowitz",Reader's Digest. RDA-6 (1-7).,1961,729160,https://imslp.org/images/d/dc/PMLP2581-03.02._Symphony_No._3_In_E-Flat_Major%2C_Op._55_%28%22Eroica%22%29-_Second_Movement_-_Marcia_Funebre-_Adagio_Assai.mp3,MarkGotham/Hauptstimme,v4.7.3,human_performance_note_onset_aligned_strong_match,Repository alignment maps score onset positions to timestamps in this specific IMSLP audio file,False,True,False,Metadata and source URL only; review IMSLP file-page rights before downloading or redistributing audio
hauptstimme-audio-35a02f3f79a07517e262,44,Marcia funebre. Adagio assai,"Beethoven, Ludwig van","Symphony No.3, Op.55",2,"Beethoven,_Ludwig_van/Symphony_No.3,_Op.55/2","data/Beethoven,_Ludwig_van/Symphony_No.3,_Op.55/2/Beethoven_Op.55_2.mscz",7d0290d9db9a868a4f1c43e0bb33be9462be77be1a7a8d7e2901cf24872517d9,"data/Beethoven,_Ludwig_van/Symphony_No.3,_Op.55/2/Beethoven_Op.55_2.mxl",35f77448c9d43e8ab5a234186ebd5dd5f9c759e87be61cc42b4604382285fb12,"data/Beethoven,_Ludwig_van/Symphony_No.3,_Op.55/2/Beethoven_Op.55_2_alignment.csv",00bc75ffaadacabb34d0af55122a876df5773f974647a6e5d64aef4368d85e2a,2055,736746_tstamp,89,"Philharmonia Orchestra, Otto Klemperer",Angel Records.,1961,736746,https://imslp.org/images/f/f7/PMLP2581-01.02._Second_Movement%2C_Part_1-_Marcia_Funebre-_Adagio_Assai.mp3,MarkGotham/Hauptstimme,v4.7.3,human_performance_note_onset_aligned_strong_match,Repository alignment maps score onset positions to timestamps in this specific IMSLP audio file,False,True,False,Metadata and source URL only; review IMSLP file-page rights before downloading or redistributing audio
hauptstimme-audio-95c22635c97e9115d99c,44,Marcia funebre. Adagio assai,"Beethoven, Ludwig van","Symphony No.3, Op.55",2,"Beethoven,_Ludwig_van/Symphony_No.3,_Op.55/2","data/Beethoven,_Ludwig_van/Symphony_No.3,_Op.55/2/Beethoven_Op.55_2.mscz",7d0290d9db9a868a4f1c43e0bb33be9462be77be1a7a8d7e2901cf24872517d9,"data/Beethoven,_Ludwig_van/Symphony_No.3,_Op.55/2/Beethoven_Op.55_2.mxl",35f77448c9d43e8ab5a234186ebd5dd5f9c759e87be61cc42b4604382285fb12,"data/Beethoven,_Ludwig_van/Symphony_No.3,_Op.55/2/Beethoven_Op.55_2_alignment.csv",00bc75ffaadacabb34d0af55122a876df5773f974647a6e5d64aef4368d85e2a,2055,736747_tstamp,90,"Philharmonia Orchestra, Otto Klemperer",Angel Records.,1961,736747,https://imslp.org/images/0/07/PMLP2581-02.01._Second_Movementm_Conclusion-_Marcia_Funebre-_Adagio_Assai.mp3,MarkGotham/Hauptstimme,v4.7.3,human_performance_note_onset_aligned_strong_match,Repository alignment maps score onset positions to timestamps in this specific IMSLP audio file,False,True,False,Metadata and source URL only; review IMSLP file-page rights before downloading or redistributing audio
hauptstimme-audio-a9b2097fe429258110e0,44,Marcia funebre. Adagio assai,"Beethoven, Ludwig van","Symphony No.3, Op.55",2,"Beethoven,_Ludwig_van/Symphony_No.3,_Op.55/2","data/Beethoven,_Ludwig_van/Symphony_No.3,_Op.55/2/Beethoven_Op.55_2.mscz",7d0290d9db9a868a4f1c43e0bb33be9462be77be1a7a8d7e2901cf24872517d9,"data/Beethoven,_Ludwig_van/Symphony_No.3,_Op.55/2/Beethoven_Op.55_2.mxl",35f77448c9d43e8ab5a234186ebd5dd5f9c759e87be61cc42b4604382285fb12,"data/Beethoven,_Ludwig_van/Symphony_No.3,_Op.55/2/Beethoven_Op.55_2_alignment.csv",00bc75ffaadacabb34d0af55122a876df5773f974647a6e5d64aef4368d85e2a,2055,831987_tstamp,57,Czech National Symphony Orchestra,Palo Alto: Musopen.,2012,831987,https://imslp.org/images/5/54/PMLP2581-Symphony_No._3_in_E_Flat_Major_Eroica%2C_Op._55_-_2._Marcia_funebre_Adagio_assai.flac,MarkGotham/Hauptstimme,v4.7.3,human_performance_note_onset_aligned_strong_match,Repository alignment maps score onset positions to timestamps in this specific IMSLP audio file,False,True,False,Metadata and source URL only; review IMSLP file-page rights before downloading or redistributing audio
hauptstimme-audio-b0ed70eb69dd687b9181,45,Scherzo. Allegro vivace – Trio,"Beethoven, Ludwig van","Symphony No.3, Op.55",3,"Beethoven,_Ludwig_van/Symphony_No.3,_Op.55/3","data/Beethoven,_Ludwig_van/Symphony_No.3,_Op.55/3/Beethoven_Op.55_3.mscz",0b7cc9631fa629db614b85267c2e4b44bf88dfb50da93331a28f32df83569b0a,"data/Beethoven,_Ludwig_van/Symphony_No.3,_Op.55/3/Beethoven_Op.55_3.mxl",b4491fc8e8c512c95272103d2051ed0ee966aa26abcb0dbfeb049e1421220677,"data/Beethoven,_Ludwig_van/Symphony_No.3,_Op.55/3/Beethoven_Op.55_3_alignment.csv",e0922fb6d61391e7a3ce7db245d100ddaad3f7b1515900c1112650e8648b185d,1994,728944_tstamp,120,"Boston Symphony Orchestra, Serge Koussevitzky",RCA Victor Red Seal. DM 1161.,1947,728944,https://imslp.org/images/c/cd/PMLP2581-03.Iii.Scherzo-AllegroVivaceTrio.mp3,MarkGotham/Hauptstimme,v4.7.3,human_performance_note_onset_aligned_strong_match,Repository alignment maps score onset positions to timestamps in this specific IMSLP audio file,False,True,False,Metadata and source URL only; review IMSLP file-page rights before downloading or redistributing audio
hauptstimme-audio-f566ed1c002b29293091,45,Scherzo. Allegro vivace – Trio,"Beethoven, Ludwig van","Symphony No.3, Op.55",3,"Beethoven,_Ludwig_van/Symphony_No.3,_Op.55/3","data/Beethoven,_Ludwig_van/Symphony_No.3,_Op.55/3/Beethoven_Op.55_3.mscz",0b7cc9631fa629db614b85267c2e4b44bf88dfb50da93331a28f32df83569b0a,"data/Beethoven,_Ludwig_van/Symphony_No.3,_Op.55/3/Beethoven_Op.55_3.mxl",b4491fc8e8c512c95272103d2051ed0ee966aa26abcb0dbfeb049e1421220677,"data/Beethoven,_Ludwig_van/Symphony_No.3,_Op.55/3/Beethoven_Op.55_3_alignment.csv",e0922fb6d61391e7a3ce7db245d100ddaad3f7b1515900c1112650e8648b185d,1994,736748_tstamp,91,"Philharmonia Orchestra, Otto Klemperer",Angel Records.,1961,736748,https://imslp.org/images/2/2d/PMLP2581-02.02._Third_Movement-_Scherzo-_Allegro_Vivace%3B_Trio.mp3,MarkGotham/Hauptstimme,v4.7.3,human_performance_note_onset_aligned_strong_match,Repository alignment maps score onset positions to timestamps in this specific IMSLP audio file,False,True,False,Metadata and source URL only; review IMSLP file-page rights before downloading or redistributing audio
hauptstimme-audio-3d9991401db94650ae16,45,Scherzo. Allegro vivace – Trio,"Beethoven, Ludwig van","Symphony No.3, Op.55",3,"Beethoven,_Ludwig_van/Symphony_No.3,_Op.55/3","data/Beethoven,_Ludwig_van/Symphony_No.3,_Op.55/3/Beethoven_Op.55_3.mscz",0b7cc9631fa629db614b85267c2e4b44bf88dfb50da93331a28f32df83569b0a,"data/Beethoven,_Ludwig_van/Symphony_No.3,_Op.55/3/Beethoven_Op.55_3.mxl",b4491fc8e8c512c95272103d2051ed0ee966aa26abcb0dbfeb049e1421220677,"data/Beethoven,_Ludwig_van/Symphony_No.3,_Op.55/3/Beethoven_Op.55_3_alignment.csv",e0922fb6d61391e7a3ce7db245d100ddaad3f7b1515900c1112650e8648b185d,1994,831985_tstamp,58,Czech National Symphony Orchestra,Palo Alto: Musopen.,2012,831985,https://imslp.org/images/e/ec/PMLP2581-Symphony_No._3_in_E_Flat_Major_Eroica%2C_Op._55_-_3._Scherzo_Allegro_vivace.flac,MarkGotham/Hauptstimme,v4.7.3,human_performance_note_onset_aligned_strong_match,Repository alignment maps score onset positions to timestamps in this specific IMSLP audio file,False,True,False,Metadata and source URL only; review IMSLP file-page rights before downloading or redistributing audio
hauptstimme-audio-1939e68cee226b2666a3,46,Finale. Allegro molto,"Beethoven, Ludwig van","Symphony No.3, Op.55",4,"Beethoven,_Ludwig_van/Symphony_No.3,_Op.55/4","data/Beethoven,_Ludwig_van/Symphony_No.3,_Op.55/4/Beethoven_Op.55_4.mscz",3c59ef4a35e82d03c73956cbda500ca21748924741c0e0589813cfad9e9f16f2,"data/Beethoven,_Ludwig_van/Symphony_No.3,_Op.55/4/Beethoven_Op.55_4.mxl",0513cf6ef1273d42a9eace0e09bb1b7871d9b744fa7839d9a4a3449ba975b4bb,"data/Beethoven,_Ludwig_van/Symphony_No.3,_Op.55/4/Beethoven_Op.55_4_alignment.csv",3929b95e69d70f5b99e581f52ab0d37fac72e0f4db6c6f5fe58ddcd2898f9dd8,3380,728894_tstamp,73,"Berliner Philharmoniker, Herbert von Karajan",Deutsche Grammophon. 2535 302.,1962,728894,https://imslp.org/images/8/86/PMLP2581-02.02._4._Satz-_Finale-_Allegro_Molto_-_Poco_Andante_-_Presto.mp3,MarkGotham/Hauptstimme,v4.7.3,human_performance_note_onset_aligned_strong_match,Repository alignment maps score onset positions to timestamps in this specific IMSLP audio file,False,True,False,Metadata and source URL only; review IMSLP file-page rights before downloading or redistributing audio
hauptstimme-audio-370a39c78d8538a1d213,46,Finale. Allegro molto,"Beethoven, Ludwig van","Symphony No.3, Op.55",4,"Beethoven,_Ludwig_van/Symphony_No.3,_Op.55/4","data/Beethoven,_Ludwig_van/Symphony_No.3,_Op.55/4/Beethoven_Op.55_4.mscz",3c59ef4a35e82d03c73956cbda500ca21748924741c0e0589813cfad9e9f16f2,"data/Beethoven,_Ludwig_van/Symphony_No.3,_Op.55/4/Beethoven_Op.55_4.mxl",0513cf6ef1273d42a9eace0e09bb1b7871d9b744fa7839d9a4a3449ba975b4bb,"data/Beethoven,_Ludwig_van/Symphony_No.3,_Op.55/4/Beethoven_Op.55_4_alignment.csv",3929b95e69d70f5b99e581f52ab0d37fac72e0f4db6c6f5fe58ddcd2898f9dd8,3380,728899_tstamp,78,"London Philharmonic, Adrian Boult",Alshire. ASC 814.,1962,728899,https://imslp.org/images/2/2b/PMLP2581-02.03._Finale%2C_Allegro_molto.mp3,MarkGotham/Hauptstimme,v4.7.3,human_performance_note_onset_aligned_strong_match,Repository alignment maps score onset positions to timestamps in this specific IMSLP audio file,False,True,False,Metadata and source URL only; review IMSLP file-page rights before downloading or redistributing audio
hauptstimme-audio-cc7156c76d500fb11e31,46,Finale. Allegro molto,"Beethoven, Ludwig van","Symphony No.3, Op.55",4,"Beethoven,_Ludwig_van/Symphony_No.3,_Op.55/4","data/Beethoven,_Ludwig_van/Symphony_No.3,_Op.55/4/Beethoven_Op.55_4.mscz",3c59ef4a35e82d03c73956cbda500ca21748924741c0e0589813cfad9e9f16f2,"data/Beethoven,_Ludwig_van/Symphony_No.3,_Op.55/4/Beethoven_Op.55_4.mxl",0513cf6ef1273d42a9eace0e09bb1b7871d9b744fa7839d9a4a3449ba975b4bb,"data/Beethoven,_Ludwig_van/Symphony_No.3,_Op.55/4/Beethoven_Op.55_4_alignment.csv",3929b95e69d70f5b99e581f52ab0d37fac72e0f4db6c6f5fe58ddcd2898f9dd8,3380,728912_tstamp,117,"New York Philharmonic, Bruno Walter",Columbia Masterworks. ML 4228.,1949,728912,https://imslp.org/images/1/12/PMLP2581-02.02._Symphony_No._3_In_E-Flat_Major%2C_Op._55_%28%22Eroica%22%29-_Band_No._2-_Fourth_Movement-_Finale_%28Allegro_Molto%29.mp3,MarkGotham/Hauptstimme,v4.7.3,human_performance_note_onset_aligned_strong_match,Repository alignment maps score onset positions to timestamps in this specific IMSLP audio file,False,True,False,Metadata and source URL only; review IMSLP file-page rights before downloading or redistributing audio
hauptstimme-audio-555b9cff8fa357dffbe2,46,Finale. Allegro molto,"Beethoven, Ludwig van","Symphony No.3, Op.55",4,"Beethoven,_Ludwig_van/Symphony_No.3,_Op.55/4","data/Beethoven,_Ludwig_van/Symphony_No.3,_Op.55/4/Beethoven_Op.55_4.mscz",3c59ef4a35e82d03c73956cbda500ca21748924741c0e0589813cfad9e9f16f2,"data/Beethoven,_Ludwig_van/Symphony_No.3,_Op.55/4/Beethoven_Op.55_4.mxl",0513cf6ef1273d42a9eace0e09bb1b7871d9b744fa7839d9a4a3449ba975b4bb,"data/Beethoven,_Ludwig_van/Symphony_No.3,_Op.55/4/Beethoven_Op.55_4_alignment.csv",3929b95e69d70f5b99e581f52ab0d37fac72e0f4db6c6f5fe58ddcd2898f9dd8,3380,728917_tstamp,69,"Wiener Philharmoniker, Pierre Monteux",RCA Victrola Red Seal. VICS 1036.,1963,728917,https://imslp.org/images/5/5b/PMLP2581-02.03._Symphony_No._3_In_E-Flat%2C_Op._55_%28%22Eroica%22%29-_Fourth_Movement-_Finale-_Allegro_Molto.mp3,MarkGotham/Hauptstimme,v4.7.3,human_performance_note_onset_aligned_strong_match,Repository alignment maps score onset positions to timestamps in this specific IMSLP audio file,False,True,False,Metadata and source URL only; review IMSLP file-page rights before downloading or redistributing audio
hauptstimme-audio-5d1295fac29d5f90da2a,46,Finale. Allegro molto,"Beethoven, Ludwig van","Symphony No.3, Op.55",4,"Beethoven,_Ludwig_van/Symphony_No.3,_Op.55/4","data/Beethoven,_Ludwig_van/Symphony_No.3,_Op.55/4/Beethoven_Op.55_4.mscz",3c59ef4a35e82d03c73956cbda500ca21748924741c0e0589813cfad9e9f16f2,"data/Beethoven,_Ludwig_van/Symphony_No.3,_Op.55/4/Beethoven_Op.55_4.mxl",0513cf6ef1273d42a9eace0e09bb1b7871d9b744fa7839d9a4a3449ba975b4bb,"data/Beethoven,_Ludwig_van/Symphony_No.3,_Op.55/4/Beethoven_Op.55_4_alignment.csv",3929b95e69d70f5b99e581f52ab0d37fac72e0f4db6c6f5fe58ddcd2898f9dd8,3380,728924_tstamp,87,"Philadelphia Orchestra, Eugene Ormandy",Columbia Masterworks. MS 6266.,1961,728924,https://imslp.org/images/6/6e/PMLP2581-02.03._Symphony_No._3%2C_in_E-Flat_Major%2C_Op._55_%28%22Eroica%22%29-_Finale-_Allegro_Molto.mp3,MarkGotham/Hauptstimme,v4.7.3,human_performance_note_onset_aligned_strong_match,Repository alignment maps score onset positions to timestamps in this specific IMSLP audio file,False,True,False,Metadata and source URL only; review IMSLP file-page rights before downloading or redistributing audio
hauptstimme-audio-24c8e100a5362563f0fa,46,Finale. Allegro molto,"Beethoven, Ludwig van","Symphony No.3, Op.55",4,"Beethoven,_Ludwig_van/Symphony_No.3,_Op.55/4","data/Beethoven,_Ludwig_van/Symphony_No.3,_Op.55/4/Beethoven_Op.55_4.mscz",3c59ef4a35e82d03c73956cbda500ca21748924741c0e0589813cfad9e9f16f2,"data/Beethoven,_Ludwig_van/Symphony_No.3,_Op.55/4/Beethoven_Op.55_4.mxl",0513cf6ef1273d42a9eace0e09bb1b7871d9b744fa7839d9a4a3449ba975b4bb,"data/Beethoven,_Ludwig_van/Symphony_No.3,_Op.55/4/Beethoven_Op.55_4_alignment.csv",3929b95e69d70f5b99e581f52ab0d37fac72e0f4db6c6f5fe58ddcd2898f9dd8,3380,728928_tstamp,109,"Berliner Philharmoniker, Eugen Jochum",Decca. DL 9865.,1955,728928,https://imslp.org/images/c/cf/PMLP2581-02.02._4th_Movement-_Finale_%28Allegro_Molto%29.mp3,MarkGotham/Hauptstimme,v4.7.3,human_performance_note_onset_aligned_strong_match,Repository alignment maps score onset positions to timestamps in this specific IMSLP audio file,False,True,False,Metadata and source URL only; review IMSLP file-page rights before downloading or redistributing audio
hauptstimme-audio-83d8b45864252b450ced,46,Finale. Allegro molto,"Beethoven, Ludwig van","Symphony No.3, Op.55",4,"Beethoven,_Ludwig_van/Symphony_No.3,_Op.55/4","data/Beethoven,_Ludwig_van/Symphony_No.3,_Op.55/4/Beethoven_Op.55_4.mscz",3c59ef4a35e82d03c73956cbda500ca21748924741c0e0589813cfad9e9f16f2,"data/Beethoven,_Ludwig_van/Symphony_No.3,_Op.55/4/Beethoven_Op.55_4.mxl",0513cf6ef1273d42a9eace0e09bb1b7871d9b744fa7839d9a4a3449ba975b4bb,"data/Beethoven,_Ludwig_van/Symphony_No.3,_Op.55/4/Beethoven_Op.55_4_alignment.csv",3929b95e69d70f5b99e581f52ab0d37fac72e0f4db6c6f5fe58ddcd2898f9dd8,3380,728932_tstamp,96,"Orchestre de la Suisse Romande, Ernest Ansermet",London Records. STS 15069.,1958,728932,https://imslp.org/images/1/13/PMLP2581-02.02._Finale-_Allegro_Molto.mp3,MarkGotham/Hauptstimme,v4.7.3,human_performance_note_onset_aligned_strong_match,Repository alignment maps score onset positions to timestamps in this specific IMSLP audio file,False,True,False,Metadata and source URL only; review IMSLP file-page rights before downloading or redistributing audio
hauptstimme-audio-e2d91243391924817a77,46,Finale. Allegro molto,"Beethoven, Ludwig van","Symphony No.3, Op.55",4,"Beethoven,_Ludwig_van/Symphony_No.3,_Op.55/4","data/Beethoven,_Ludwig_van/Symphony_No.3,_Op.55/4/Beethoven_Op.55_4.mscz",3c59ef4a35e82d03c73956cbda500ca21748924741c0e0589813cfad9e9f16f2,"data/Beethoven,_Ludwig_van/Symphony_No.3,_Op.55/4/Beethoven_Op.55_4.mxl",0513cf6ef1273d42a9eace0e09bb1b7871d9b744fa7839d9a4a3449ba975b4bb,"data/Beethoven,_Ludwig_van/Symphony_No.3,_Op.55/4/Beethoven_Op.55_4_alignment.csv",3929b95e69d70f5b99e581f52ab0d37fac72e0f4db6c6f5fe58ddcd2898f9dd8,3380,728936_tstamp,105,"Symphony of the Air, Igor Markevitch",Decca. DL 9912.,1957,728936,https://imslp.org/images/c/c1/PMLP2581-02.02._4th_Movement-_Finale-_Allegro_molto.mp3,MarkGotham/Hauptstimme,v4.7.3,human_performance_note_onset_aligned_strong_match,Repository alignment maps score onset positions to timestamps in this specific IMSLP audio file,False,True,False,Metadata and source URL only; review IMSLP file-page rights before downloading or redistributing audio
hauptstimme-audio-561242df8bef8d55896d,46,Finale. Allegro molto,"Beethoven, Ludwig van","Symphony No.3, Op.55",4,"Beethoven,_Ludwig_van/Symphony_No.3,_Op.55/4","data/Beethoven,_Ludwig_van/Symphony_No.3,_Op.55/4/Beethoven_Op.55_4.mscz",3c59ef4a35e82d03c73956cbda500ca21748924741c0e0589813cfad9e9f16f2,"data/Beethoven,_Ludwig_van/Symphony_No.3,_Op.55/4/Beethoven_Op.55_4.mxl",0513cf6ef1273d42a9eace0e09bb1b7871d9b744fa7839d9a4a3449ba975b4bb,"data/Beethoven,_Ludwig_van/Symphony_No.3,_Op.55/4/Beethoven_Op.55_4_alignment.csv",3929b95e69d70f5b99e581f52ab0d37fac72e0f4db6c6f5fe58ddcd2898f9dd8,3380,728945_tstamp,121,"Boston Symphony Orchestra, Serge Koussevitzky",RCA Victor Red Seal. DM 1161.,1947,728945,https://imslp.org/images/e/e6/PMLP2581-04.Iv.Finale-AllegroMoltoPocoAndante.mp3,MarkGotham/Hauptstimme,v4.7.3,human_performance_note_onset_aligned_strong_match,Repository alignment maps score onset positions to timestamps in this specific IMSLP audio file,False,True,False,Metadata and source URL only; review IMSLP file-page rights before downloading or redistributing audio
hauptstimme-audio-5e2aec99ee9d1ed62799,46,Finale. Allegro molto,"Beethoven, Ludwig van","Symphony No.3, Op.55",4,"Beethoven,_Ludwig_van/Symphony_No.3,_Op.55/4","data/Beethoven,_Ludwig_van/Symphony_No.3,_Op.55/4/Beethoven_Op.55_4.mscz",3c59ef4a35e82d03c73956cbda500ca21748924741c0e0589813cfad9e9f16f2,"data/Beethoven,_Ludwig_van/Symphony_No.3,_Op.55/4/Beethoven_Op.55_4.mxl",0513cf6ef1273d42a9eace0e09bb1b7871d9b744fa7839d9a4a3449ba975b4bb,"data/Beethoven,_Ludwig_van/Symphony_No.3,_Op.55/4/Beethoven_Op.55_4_alignment.csv",3929b95e69d70f5b99e581f52ab0d37fac72e0f4db6c6f5fe58ddcd2898f9dd8,3380,728959_tstamp,125,"New York Philharmonic, Bruno Walter",Columbia. MM 449.,1941,728959,https://imslp.org/images/d/d3/PMLP2581-New_York_-_1941_-_04.Iv.Finale-AllegroMoltoPocoAndante.mp3,MarkGotham/Hauptstimme,v4.7.3,human_performance_note_onset_aligned_strong_match,Repository alignment maps score onset positions to timestamps in this specific IMSLP audio file,False,True,False,Metadata and source URL only; review IMSLP file-page rights before downloading or redistributing audio
hauptstimme-audio-9e8c805bdf9d2cbcf7b1,46,Finale. Allegro molto,"Beethoven, Ludwig van","Symphony No.3, Op.55",4,"Beethoven,_Ludwig_van/Symphony_No.3,_Op.55/4","data/Beethoven,_Ludwig_van/Symphony_No.3,_Op.55/4/Beethoven_Op.55_4.mscz",3c59ef4a35e82d03c73956cbda500ca21748924741c0e0589813cfad9e9f16f2,"data/Beethoven,_Ludwig_van/Symphony_No.3,_Op.55/4/Beethoven_Op.55_4.mxl",0513cf6ef1273d42a9eace0e09bb1b7871d9b744fa7839d9a4a3449ba975b4bb,"data/Beethoven,_Ludwig_van/Symphony_No.3,_Op.55/4/Beethoven_Op.55_4_alignment.csv",3929b95e69d70f5b99e581f52ab0d37fac72e0f4db6c6f5fe58ddcd2898f9dd8,3380,728962_tstamp,129,"Berliner Philharmoniker, Hans Pfitzner",Brunswick Hall of Fame. 90060-90065.,1929,728962,https://imslp.org/images/1/16/PMLP2581-Berliner_-_1929_-_04.Iv.Finale-AllegroMoltoPocoAndante.mp3,MarkGotham/Hauptstimme,v4.7.3,human_performance_note_onset_aligned_strong_match,Repository alignment maps score onset positions to timestamps in this specific IMSLP audio file,False,True,False,Metadata and source URL only; review IMSLP file-page rights before downloading or redistributing audio
hauptstimme-audio-3a238b92cee81db5ca89,46,Finale. Allegro molto,"Beethoven, Ludwig van","Symphony No.3, Op.55",4,"Beethoven,_Ludwig_van/Symphony_No.3,_Op.55/4","data/Beethoven,_Ludwig_van/Symphony_No.3,_Op.55/4/Beethoven_Op.55_4.mscz",3c59ef4a35e82d03c73956cbda500ca21748924741c0e0589813cfad9e9f16f2,"data/Beethoven,_Ludwig_van/Symphony_No.3,_Op.55/4/Beethoven_Op.55_4.mxl",0513cf6ef1273d42a9eace0e09bb1b7871d9b744fa7839d9a4a3449ba975b4bb,"data/Beethoven,_Ludwig_van/Symphony_No.3,_Op.55/4/Beethoven_Op.55_4_alignment.csv",3929b95e69d70f5b99e581f52ab0d37fac72e0f4db6c6f5fe58ddcd2898f9dd8,3380,729162_tstamp,82,"Royal Philharmonic Orchestra, René Leibowitz",Reader's Digest. RDA-6 (1-7).,1961,729162,https://imslp.org/images/5/57/PMLP2581-04.02._Symphony_No._3_In_E-Flat_Major%2C_Op._55_%28%22Eroica%22%29-_Fourth_Movement_-_Allegro_Molto%3B_Poco_Andante%3B_Presto.mp3,MarkGotham/Hauptstimme,v4.7.3,human_performance_note_onset_aligned_strong_match,Repository alignment maps score onset positions to timestamps in this specific IMSLP audio file,False,True,False,Metadata and source URL only; review IMSLP file-page rights before downloading or redistributing audio
hauptstimme-audio-194448ef3313bae04b05,46,Finale. Allegro molto,"Beethoven, Ludwig van","Symphony No.3, Op.55",4,"Beethoven,_Ludwig_van/Symphony_No.3,_Op.55/4","data/Beethoven,_Ludwig_van/Symphony_No.3,_Op.55/4/Beethoven_Op.55_4.mscz",3c59ef4a35e82d03c73956cbda500ca21748924741c0e0589813cfad9e9f16f2,"data/Beethoven,_Ludwig_van/Symphony_No.3,_Op.55/4/Beethoven_Op.55_4.mxl",0513cf6ef1273d42a9eace0e09bb1b7871d9b744fa7839d9a4a3449ba975b4bb,"data/Beethoven,_Ludwig_van/Symphony_No.3,_Op.55/4/Beethoven_Op.55_4_alignment.csv",3929b95e69d70f5b99e581f52ab0d37fac72e0f4db6c6f5fe58ddcd2898f9dd8,3380,831986_tstamp,59,Czech National Symphony Orchestra,Palo Alto: Musopen.,2012,831986,https://imslp.org/images/c/c2/PMLP2581-Symphony_No._3_in_E_Flat_Major_Eroica%2C_Op._55_-_4._Finale_Allegro_molto.flac,MarkGotham/Hauptstimme,v4.7.3,human_performance_note_onset_aligned_strong_match,Repository alignment maps score onset positions to timestamps in this specific IMSLP audio file,False,True,False,Metadata and source URL only; review IMSLP file-page rights before downloading or redistributing audio
hauptstimme-audio-8bbfcd722b39c51f56da,48,Adagio,"Beethoven, Ludwig van","Symphony No.4, Op.60",2,"Beethoven,_Ludwig_van/Symphony_No.4,_Op.60/2","data/Beethoven,_Ludwig_van/Symphony_No.4,_Op.60/2/Beethoven_Op.60_2.mscz",854487cb2dbefdfb178ef8730b702daf4b9285c29f1a533ed23b60fb5487bf89,"data/Beethoven,_Ludwig_van/Symphony_No.4,_Op.60/2/Beethoven_Op.60_2.mxl",ecef655c160a18b6da51f0faa3f718e5088aed02a3bb13605c55c5dbb7e9617a,"data/Beethoven,_Ludwig_van/Symphony_No.4,_Op.60/2/Beethoven_Op.60_2_alignment.csv",ab2314679f846cc92b37d42fcbb9a82064856dd7c87833a0c8c64725ca404c47,1879,729164_tstamp,131,"Royal Philharmonic Orchestra, René Leibowitz",Reader's Digest. RDA-6 (1-7).,1961,729164,https://imslp.org/images/a/a2/PMLP1585-05.02._Symphony_No._4_In_B-Flat_Major%2C_Op._60-_Second_Movement_-_Adagio.mp3,MarkGotham/Hauptstimme,v4.7.3,human_performance_note_onset_aligned_strong_match,Repository alignment maps score onset positions to timestamps in this specific IMSLP audio file,False,True,False,Metadata and source URL only; review IMSLP file-page rights before downloading or redistributing audio
hauptstimme-audio-c1f679d4a88286282cae,48,Adagio,"Beethoven, Ludwig van","Symphony No.4, Op.60",2,"Beethoven,_Ludwig_van/Symphony_No.4,_Op.60/2","data/Beethoven,_Ludwig_van/Symphony_No.4,_Op.60/2/Beethoven_Op.60_2.mscz",854487cb2dbefdfb178ef8730b702daf4b9285c29f1a533ed23b60fb5487bf89,"data/Beethoven,_Ludwig_van/Symphony_No.4,_Op.60/2/Beethoven_Op.60_2.mxl",ecef655c160a18b6da51f0faa3f718e5088aed02a3bb13605c55c5dbb7e9617a,"data/Beethoven,_Ludwig_van/Symphony_No.4,_Op.60/2/Beethoven_Op.60_2_alignment.csv",ab2314679f846cc92b37d42fcbb9a82064856dd7c87833a0c8c64725ca404c47,1879,736751_tstamp,143,"Philharmonia Orchestra, Herbert von Karajan",Angel Records. Angel 35203.,1955,736751,https://imslp.org/images/d/d2/PMLP1585-01.02._Symphony_No._4_In_B_Flat_Major%2C_Op._60-_Second_Movement.mp3,MarkGotham/Hauptstimme,v4.7.3,human_performance_note_onset_aligned_strong_match,Repository alignment maps score onset positions to timestamps in this specific IMSLP audio file,False,True,False,Metadata and source URL only; review IMSLP file-page rights before downloading or redistributing audio
hauptstimme-audio-afdd715c4836c881d93d,48,Adagio,"Beethoven, Ludwig van","Symphony No.4, Op.60",2,"Beethoven,_Ludwig_van/Symphony_No.4,_Op.60/2","data/Beethoven,_Ludwig_van/Symphony_No.4,_Op.60/2/Beethoven_Op.60_2.mscz",854487cb2dbefdfb178ef8730b702daf4b9285c29f1a533ed23b60fb5487bf89,"data/Beethoven,_Ludwig_van/Symphony_No.4,_Op.60/2/Beethoven_Op.60_2.mxl",ecef655c160a18b6da51f0faa3f718e5088aed02a3bb13605c55c5dbb7e9617a,"data/Beethoven,_Ludwig_van/Symphony_No.4,_Op.60/2/Beethoven_Op.60_2_alignment.csv",ab2314679f846cc92b37d42fcbb9a82064856dd7c87833a0c8c64725ca404c47,1879,736758_tstamp,147,"London Philharmonic, Felix Weingartner",Columbia. ML 4504.,1952,736758,https://imslp.org/images/6/62/PMLP1585-01.02._Symphony_No._4_In_B-Flat_Major%2C_Op._60-_Second_Movement-_Adagio.mp3,MarkGotham/Hauptstimme,v4.7.3,human_performance_note_onset_aligned_strong_match,Repository alignment maps score onset positions to timestamps in this specific IMSLP audio file,False,True,False,Metadata and source URL only; review IMSLP file-page rights before downloading or redistributing audio
hauptstimme-audio-a2540cd1b7703d0d5485,48,Adagio,"Beethoven, Ludwig van","Symphony No.4, Op.60",2,"Beethoven,_Ludwig_van/Symphony_No.4,_Op.60/2","data/Beethoven,_Ludwig_van/Symphony_No.4,_Op.60/2/Beethoven_Op.60_2.mscz",854487cb2dbefdfb178ef8730b702daf4b9285c29f1a533ed23b60fb5487bf89,"data/Beethoven,_Ludwig_van/Symphony_No.4,_Op.60/2/Beethoven_Op.60_2.mxl",ecef655c160a18b6da51f0faa3f718e5088aed02a3bb13605c55c5dbb7e9617a,"data/Beethoven,_Ludwig_van/Symphony_No.4,_Op.60/2/Beethoven_Op.60_2_alignment.csv",ab2314679f846cc92b37d42fcbb9a82064856dd7c87833a0c8c64725ca404c47,1879,736762_tstamp,135,"Orchestre de la Suisse Romande, Ernest Ansermet",London Records. STS 15055.,1959,736762,https://imslp.org/images/7/74/PMLP1585-01.02._Symphony_No._4_In_B_Flat_Major%2C_Op._60-_2nd_Mov.-_Adagio.mp3,MarkGotham/Hauptstimme,v4.7.3,human_performance_note_onset_aligned_strong_match,Repository alignment maps score onset positions to timestamps in this specific IMSLP audio file,False,True,False,Metadata and source URL only; review IMSLP file-page rights before downloading or redistributing audio
hauptstimme-audio-ecf035d7273b9cc1a31b,48,Adagio,"Beethoven, Ludwig van","Symphony No.4, Op.60",2,"Beethoven,_Ludwig_van/Symphony_No.4,_Op.60/2","data/Beethoven,_Ludwig_van/Symphony_No.4,_Op.60/2/Beethoven_Op.60_2.mscz",854487cb2dbefdfb178ef8730b702daf4b9285c29f1a533ed23b60fb5487bf89,"data/Beethoven,_Ludwig_van/Symphony_No.4,_Op.60/2/Beethoven_Op.60_2.mxl",ecef655c160a18b6da51f0faa3f718e5088aed02a3bb13605c55c5dbb7e9617a,"data/Beethoven,_Ludwig_van/Symphony_No.4,_Op.60/2/Beethoven_Op.60_2_alignment.csv",ab2314679f846cc92b37d42fcbb9a82064856dd7c87833a0c8c64725ca404c47,1879,736769_tstamp,139,"Orchestre de la Suisse Romande, Ernest Ansermet",London Records. CS 6070.,1959,736769,https://imslp.org/images/0/01/PMLP1585-01.02._2nd_Mov.-_Adagio.mp3,MarkGotham/Hauptstimme,v4.7.3,human_performance_note_onset_aligned_strong_match,Repository alignment maps score onset positions to timestamps in this specific IMSLP audio file,False,True,False,Metadata and source URL only; review IMSLP file-page rights before downloading or redistributing audio
hauptstimme-audio-c3333d70b451ae9ddca1,49,Allegro vivace,"Beethoven, Ludwig van","Symphony No.4, Op.60",3,"Beethoven,_Ludwig_van/Symphony_No.4,_Op.60/3","data/Beethoven,_Ludwig_van/Symphony_No.4,_Op.60/3/Beethoven_Op.60_3.mscz",dba5bf41e00ad1d6bf1c6cdc4c1022f971494cd0c704371cc0241078935b2241,"data/Beethoven,_Ludwig_van/Symphony_No.4,_Op.60/3/Beethoven_Op.60_3.mxl",e7de5cf3efd67d6fdab78d76c0c9a5e7bb405d40de5aaf538313340e1d6a61e0,"data/Beethoven,_Ludwig_van/Symphony_No.4,_Op.60/3/Beethoven_Op.60_3_alignment.csv",f0963812ddf39e035fef88e56d455bc65052a50e8768c93b0677d73b4c8b6ed4,1582,736752_tstamp,144,"Philharmonia Orchestra, Herbert von Karajan",Angel Records. Angel 35203.,1955,736752,https://imslp.org/images/0/0f/PMLP1585-01.03._Symphony_No._4_In_B_Flat_Major%2C_Op._60-_Third_Movement.mp3,MarkGotham/Hauptstimme,v4.7.3,human_performance_note_onset_aligned_strong_match,Repository alignment maps score onset positions to timestamps in this specific IMSLP audio file,False,True,False,Metadata and source URL only; review IMSLP file-page rights before downloading or redistributing audio
hauptstimme-audio-1bc3080438f0b067289c,49,Allegro vivace,"Beethoven, Ludwig van","Symphony No.4, Op.60",3,"Beethoven,_Ludwig_van/Symphony_No.4,_Op.60/3","data/Beethoven,_Ludwig_van/Symphony_No.4,_Op.60/3/Beethoven_Op.60_3.mscz",dba5bf41e00ad1d6bf1c6cdc4c1022f971494cd0c704371cc0241078935b2241,"data/Beethoven,_Ludwig_van/Symphony_No.4,_Op.60/3/Beethoven_Op.60_3.mxl",e7de5cf3efd67d6fdab78d76c0c9a5e7bb405d40de5aaf538313340e1d6a61e0,"data/Beethoven,_Ludwig_van/Symphony_No.4,_Op.60/3/Beethoven_Op.60_3_alignment.csv",f0963812ddf39e035fef88e56d455bc65052a50e8768c93b0677d73b4c8b6ed4,1582,736763_tstamp,136,"Orchestre de la Suisse Romande, Ernest Ansermet",London Records. STS 15055.,1959,736763,https://imslp.org/images/8/82/PMLP1585-02.01._Symphony_No._4_In_B_Flat_Major%2C_Op._60-_3rd_Mov.-_Allegro_Vivace.mp3,MarkGotham/Hauptstimme,v4.7.3,human_performance_note_onset_aligned_strong_match,Repository alignment maps score onset positions to timestamps in this specific IMSLP audio file,False,True,False,Metadata and source URL only; review IMSLP file-page rights before downloading or redistributing audio
hauptstimme-audio-6ec4135d90252e7bb4a1,49,Allegro vivace,"Beethoven, Ludwig van","Symphony No.4, Op.60",3,"Beethoven,_Ludwig_van/Symphony_No.4,_Op.60/3","data/Beethoven,_Ludwig_van/Symphony_No.4,_Op.60/3/Beethoven_Op.60_3.mscz",dba5bf41e00ad1d6bf1c6cdc4c1022f971494cd0c704371cc0241078935b2241,"data/Beethoven,_Ludwig_van/Symphony_No.4,_Op.60/3/Beethoven_Op.60_3.mxl",e7de5cf3efd67d6fdab78d76c0c9a5e7bb405d40de5aaf538313340e1d6a61e0,"data/Beethoven,_Ludwig_van/Symphony_No.4,_Op.60/3/Beethoven_Op.60_3_alignment.csv",f0963812ddf39e035fef88e56d455bc65052a50e8768c93b0677d73b4c8b6ed4,1582,736770_tstamp,140,"Orchestre de la Suisse Romande, Ernest Ansermet",London Records. CS 6070.,1959,736770,https://imslp.org/images/3/33/PMLP1585-02.01._3rd_Mov.-_Allegro_Vivace.mp3,MarkGotham/Hauptstimme,v4.7.3,human_performance_note_onset_aligned_strong_match,Repository alignment maps score onset positions to timestamps in this specific IMSLP audio file,False,True,False,Metadata and source URL only; review IMSLP file-page rights before downloading or redistributing audio
hauptstimme-audio-19e76435672b8011b5ad,50,Allegro ma non troppo,"Beethoven, Ludwig van","Symphony No.4, Op.60",4,"Beethoven,_Ludwig_van/Symphony_No.4,_Op.60/4","data/Beethoven,_Ludwig_van/Symphony_No.4,_Op.60/4/Beethoven_Op.60_4.mscz",5653286d427457a9d3e8c01f03d789e221cecabcdadb3925d01939092c171177,"data/Beethoven,_Ludwig_van/Symphony_No.4,_Op.60/4/Beethoven_Op.60_4.mxl",99bd981671d5fac5b4350d2ee55cd27e3a1dfe93388324cf341c29dd8a39b94a,"data/Beethoven,_Ludwig_van/Symphony_No.4,_Op.60/4/Beethoven_Op.60_4_alignment.csv",8c4f1e0d325385168e35f57e6c7218b35e49587abfff0b3149fa6da630b0ffbf,3008,736760_tstamp,149,"London Philharmonic, Felix Weingartner",Columbia. ML 4504.,1952,736760,https://imslp.org/images/9/9b/PMLP1585-02.02._Symphony_No._4_In_B-Flat_Major%2C_Op._60-_Fourth_Movement-_Adagio_Ma_Non_Troppo.mp3,MarkGotham/Hauptstimme,v4.7.3,human_performance_note_onset_aligned_strong_match,Repository alignment maps score onset positions to timestamps in this specific IMSLP audio file,False,True,False,Metadata and source URL only; review IMSLP file-page rights before downloading or redistributing audio
hauptstimme-audio-df8189c92812f2d89abf,50,Allegro ma non troppo,"Beethoven, Ludwig van","Symphony No.4, Op.60",4,"Beethoven,_Ludwig_van/Symphony_No.4,_Op.60/4","data/Beethoven,_Ludwig_van/Symphony_No.4,_Op.60/4/Beethoven_Op.60_4.mscz",5653286d427457a9d3e8c01f03d789e221cecabcdadb3925d01939092c171177,"data/Beethoven,_Ludwig_van/Symphony_No.4,_Op.60/4/Beethoven_Op.60_4.mxl",99bd981671d5fac5b4350d2ee55cd27e3a1dfe93388324cf341c29dd8a39b94a,"data/Beethoven,_Ludwig_van/Symphony_No.4,_Op.60/4/Beethoven_Op.60_4_alignment.csv",8c4f1e0d325385168e35f57e6c7218b35e49587abfff0b3149fa6da630b0ffbf,3008,736764_tstamp,137,"Orchestre de la Suisse Romande, Ernest Ansermet",London Records. STS 15055.,1959,736764,https://imslp.org/images/5/51/PMLP1585-02.02._Symphony_No._4_In_B_Flat_Major%2C_Op._60-_4th_Mov.-_Allegro_Ma_Non_Troppo.mp3,MarkGotham/Hauptstimme,v4.7.3,human_performance_note_onset_aligned_strong_match,Repository alignment maps score onset positions to timestamps in this specific IMSLP audio file,False,True,False,Metadata and source URL only; review IMSLP file-page rights before downloading or redistributing audio
hauptstimme-audio-33491532cc5d6b193b77,50,Allegro ma non troppo,"Beethoven, Ludwig van","Symphony No.4, Op.60",4,"Beethoven,_Ludwig_van/Symphony_No.4,_Op.60/4","data/Beethoven,_Ludwig_van/Symphony_No.4,_Op.60/4/Beethoven_Op.60_4.mscz",5653286d427457a9d3e8c01f03d789e221cecabcdadb3925d01939092c171177,"data/Beethoven,_Ludwig_van/Symphony_No.4,_Op.60/4/Beethoven_Op.60_4.mxl",99bd981671d5fac5b4350d2ee55cd27e3a1dfe93388324cf341c29dd8a39b94a,"data/Beethoven,_Ludwig_van/Symphony_No.4,_Op.60/4/Beethoven_Op.60_4_alignment.csv",8c4f1e0d325385168e35f57e6c7218b35e49587abfff0b3149fa6da630b0ffbf,3008,736771_tstamp,141,"Orchestre de la Suisse Romande, Ernest Ansermet",London Records. CS 6070.,1959,736771,https://imslp.org/images/0/0f/PMLP1585-02.02._4th_Mov.-_Allegro_Ma_Non_Troppo.mp3,MarkGotham/Hauptstimme,v4.7.3,human_performance_note_onset_aligned_strong_match,Repository alignment maps score onset positions to timestamps in this specific IMSLP audio file,False,True,False,Metadata and source URL only; review IMSLP file-page rights before downloading or redistributing audio
hauptstimme-audio-8951560561cc2a0063c1,51,Allegro con brio,"Beethoven, Ludwig van","Symphony No.5, Op.67",1,"Beethoven,_Ludwig_van/Symphony_No.5,_Op.67/1","data/Beethoven,_Ludwig_van/Symphony_No.5,_Op.67/1/Beethoven_Op.67_1.mscz",8413146ebc57c2a75295c706c7c50c46f068236e976dbb2cab1a3eb62101f9de,"data/Beethoven,_Ludwig_van/Symphony_No.5,_Op.67/1/Beethoven_Op.67_1.mxl",62b72bb1ab6ea50f6ed6ba4be990164722f720b85b7148e033f754a8b34906e2,"data/Beethoven,_Ludwig_van/Symphony_No.5,_Op.67/1/Beethoven_Op.67_1_alignment.csv",d3eb6aac40ad596d90764022a8ab57550f706ab2976ec7e47fb0de8fc28e54e3,1791,726640_tstamp,172,"Royal Concertgebouw Orchestra, Willem Mengelberg",Capitol Records. P-8110.,1937,726640,https://imslp.org/images/e/e7/PMLP1586-01.01._First_Movement-_Allegro.mp3,MarkGotham/Hauptstimme,v4.7.3,human_performance_note_onset_aligned_strong_match,Repository alignment maps score onset positions to timestamps in this specific IMSLP audio file,False,True,False,Metadata and source URL only; review IMSLP file-page rights before downloading or redistributing audio
hauptstimme-audio-2fc5a0bcee822df60f5d,51,Allegro con brio,"Beethoven, Ludwig van","Symphony No.5, Op.67",1,"Beethoven,_Ludwig_van/Symphony_No.5,_Op.67/1","data/Beethoven,_Ludwig_van/Symphony_No.5,_Op.67/1/Beethoven_Op.67_1.mscz",8413146ebc57c2a75295c706c7c50c46f068236e976dbb2cab1a3eb62101f9de,"data/Beethoven,_Ludwig_van/Symphony_No.5,_Op.67/1/Beethoven_Op.67_1.mxl",62b72bb1ab6ea50f6ed6ba4be990164722f720b85b7148e033f754a8b34906e2,"data/Beethoven,_Ludwig_van/Symphony_No.5,_Op.67/1/Beethoven_Op.67_1_alignment.csv",d3eb6aac40ad596d90764022a8ab57550f706ab2976ec7e47fb0de8fc28e54e3,1791,726687_tstamp,170,"Berliner Philharmoniker, Wilhelm Furtwängler",Unicorn Records. UNI 106.,1943,726687,https://imslp.org/images/f/f9/PMLP1586-01.01._Symphony_No._5_Op._67-_Allegro_Con_Brio.mp3,MarkGotham/Hauptstimme,v4.7.3,human_performance_note_onset_aligned_strong_match,Repository alignment maps score onset positions to timestamps in this specific IMSLP audio file,False,True,False,Metadata and source URL only; review IMSLP file-page rights before downloading or redistributing audio
hauptstimme-audio-7393a3116e2926d36902,51,Allegro con brio,"Beethoven, Ludwig van","Symphony No.5, Op.67",1,"Beethoven,_Ludwig_van/Symphony_No.5,_Op.67/1","data/Beethoven,_Ludwig_van/Symphony_No.5,_Op.67/1/Beethoven_Op.67_1.mscz",8413146ebc57c2a75295c706c7c50c46f068236e976dbb2cab1a3eb62101f9de,"data/Beethoven,_Ludwig_van/Symphony_No.5,_Op.67/1/Beethoven_Op.67_1.mxl",62b72bb1ab6ea50f6ed6ba4be990164722f720b85b7148e033f754a8b34906e2,"data/Beethoven,_Ludwig_van/Symphony_No.5,_Op.67/1/Beethoven_Op.67_1_alignment.csv",d3eb6aac40ad596d90764022a8ab57550f706ab2976ec7e47fb0de8fc28e54e3,1791,728533_tstamp,152,"Berliner Philharmoniker, Herbert von Karajan",Deutsche Grammophon. 2535 304.,1962,728533,https://imslp.org/images/d/d6/PMLP1586-01.01._Symphonie_Nr._5_C-min.%2C_Op._67-_1._Mov-_Allegro_Con_Brio.mp3,MarkGotham/Hauptstimme,v4.7.3,human_performance_note_onset_aligned_strong_match,Repository alignment maps score onset positions to timestamps in this specific IMSLP audio file,False,True,False,Metadata and source URL only; review IMSLP file-page rights before downloading or redistributing audio
hauptstimme-audio-a0bc476bcccb1069a0b4,51,Allegro con brio,"Beethoven, Ludwig van","Symphony No.5, Op.67",1,"Beethoven,_Ludwig_van/Symphony_No.5,_Op.67/1","data/Beethoven,_Ludwig_van/Symphony_No.5,_Op.67/1/Beethoven_Op.67_1.mscz",8413146ebc57c2a75295c706c7c50c46f068236e976dbb2cab1a3eb62101f9de,"data/Beethoven,_Ludwig_van/Symphony_No.5,_Op.67/1/Beethoven_Op.67_1.mxl",62b72bb1ab6ea50f6ed6ba4be990164722f720b85b7148e033f754a8b34906e2,"data/Beethoven,_Ludwig_van/Symphony_No.5,_Op.67/1/Beethoven_Op.67_1_alignment.csv",d3eb6aac40ad596d90764022a8ab57550f706ab2976ec7e47fb0de8fc28e54e3,1791,729213_tstamp,156,"Royal Philharmonic Orchestra, René Leibowitz",Reader's Digest. RDA-6 (1-7).,1961,729213,https://imslp.org/images/d/d1/PMLP1586-06.01._Symphony_No._5_In_C_Minor%2C_Op._67-_First_Movement_-_Allegro_Con_Brio.mp3,MarkGotham/Hauptstimme,v4.7.3,human_performance_note_onset_aligned_strong_match,Repository alignment maps score onset positions to timestamps in this specific IMSLP audio file,False,True,False,Metadata and source URL only; review IMSLP file-page rights before downloading or redistributing audio
hauptstimme-audio-ae2cd6ad012ffa866152,51,Allegro con brio,"Beethoven, Ludwig van","Symphony No.5, Op.67",1,"Beethoven,_Ludwig_van/Symphony_No.5,_Op.67/1","data/Beethoven,_Ludwig_van/Symphony_No.5,_Op.67/1/Beethoven_Op.67_1.mscz",8413146ebc57c2a75295c706c7c50c46f068236e976dbb2cab1a3eb62101f9de,"data/Beethoven,_Ludwig_van/Symphony_No.5,_Op.67/1/Beethoven_Op.67_1.mxl",62b72bb1ab6ea50f6ed6ba4be990164722f720b85b7148e033f754a8b34906e2,"data/Beethoven,_Ludwig_van/Symphony_No.5,_Op.67/1/Beethoven_Op.67_1_alignment.csv",d3eb6aac40ad596d90764022a8ab57550f706ab2976ec7e47fb0de8fc28e54e3,1791,729226_tstamp,160,"Orchestre de la Suisse Romande, Ernest Ansermet",London Records. CS 6037.,1958,729226,https://imslp.org/images/2/29/PMLP1586-london01.01._Symphony_No._5_In_C_Minor%2C_Op._67_First_Movement_Allegro_Con_Brio.mp3,MarkGotham/Hauptstimme,v4.7.3,human_performance_note_onset_aligned_strong_match,Repository alignment maps score onset positions to timestamps in this specific IMSLP audio file,False,True,False,Metadata and source URL only; review IMSLP file-page rights before downloading or redistributing audio
hauptstimme-audio-8521d62e3a082b5de5c0,52,Andante con moto,"Beethoven, Ludwig van","Symphony No.5, Op.67",2,"Beethoven,_Ludwig_van/Symphony_No.5,_Op.67/2","data/Beethoven,_Ludwig_van/Symphony_No.5,_Op.67/2/Beethoven_Op.67_2.mscz",96ad2b37ee43d549de3b67f546b6fd9ac040949dca56d06c83fddcf3a9960b97,"data/Beethoven,_Ludwig_van/Symphony_No.5,_Op.67/2/Beethoven_Op.67_2.mxl",df4391c2395295f6ab8c6154bf00c2c3407f2d1cb1a2180e2dd87cf7472e039f,"data/Beethoven,_Ludwig_van/Symphony_No.5,_Op.67/2/Beethoven_Op.67_2_alignment.csv",3b422497473527fc4d14385ea5b977cae62bf7ed8bbd3f5d103f367ad48eafd4,1565,726628_tstamp,169,"New York Philharmonic, Bruno Walter",Columbia Masterworks. ML 4009.,1948,726628,https://imslp.org/images/0/09/PMLP1586-01.02._Symphony_No._5_In_C_Minor%2C_Op._67-_Second_Movement-_Andante_Con_Moto.mp3,MarkGotham/Hauptstimme,v4.7.3,human_performance_note_onset_aligned_strong_match,Repository alignment maps score onset positions to timestamps in this specific IMSLP audio file,False,True,False,Metadata and source URL only; review IMSLP file-page rights before downloading or redistributing audio
hauptstimme-audio-d87884d60226767e0442,52,Andante con moto,"Beethoven, Ludwig van","Symphony No.5, Op.67",2,"Beethoven,_Ludwig_van/Symphony_No.5,_Op.67/2","data/Beethoven,_Ludwig_van/Symphony_No.5,_Op.67/2/Beethoven_Op.67_2.mscz",96ad2b37ee43d549de3b67f546b6fd9ac040949dca56d06c83fddcf3a9960b97,"data/Beethoven,_Ludwig_van/Symphony_No.5,_Op.67/2/Beethoven_Op.67_2.mxl",df4391c2395295f6ab8c6154bf00c2c3407f2d1cb1a2180e2dd87cf7472e039f,"data/Beethoven,_Ludwig_van/Symphony_No.5,_Op.67/2/Beethoven_Op.67_2_alignment.csv",3b422497473527fc4d14385ea5b977cae62bf7ed8bbd3f5d103f367ad48eafd4,1565,726641_tstamp,173,"Royal Concertgebouw Orchestra, Willem Mengelberg",Capitol Records. P-8110.,1937,726641,https://imslp.org/images/7/74/PMLP1586-01.02._Second_Movement-_Adante_con_moto.mp3,MarkGotham/Hauptstimme,v4.7.3,human_performance_note_onset_aligned_strong_match,Repository alignment maps score onset positions to timestamps in this specific IMSLP audio file,False,True,False,Metadata and source URL only; review IMSLP file-page rights before downloading or redistributing audio
hauptstimme-audio-90bc2f5c3d7b902fb3c0,52,Andante con moto,"Beethoven, Ludwig van","Symphony No.5, Op.67",2,"Beethoven,_Ludwig_van/Symphony_No.5,_Op.67/2","data/Beethoven,_Ludwig_van/Symphony_No.5,_Op.67/2/Beethoven_Op.67_2.mscz",96ad2b37ee43d549de3b67f546b6fd9ac040949dca56d06c83fddcf3a9960b97,"data/Beethoven,_Ludwig_van/Symphony_No.5,_Op.67/2/Beethoven_Op.67_2.mxl",df4391c2395295f6ab8c6154bf00c2c3407f2d1cb1a2180e2dd87cf7472e039f,"data/Beethoven,_Ludwig_van/Symphony_No.5,_Op.67/2/Beethoven_Op.67_2_alignment.csv",3b422497473527fc4d14385ea5b977cae62bf7ed8bbd3f5d103f367ad48eafd4,1565,726652_tstamp,167,"Philadelphia Orchestra, Eugene Ormandy",Columbia Masterworks. ML 5098.,1956,726652,https://imslp.org/images/8/84/PMLP1586-01.02._Symphony_No._5_In_C_Minor%2C_OP_57-_II_-_Andante_Con_Moto.mp3,MarkGotham/Hauptstimme,v4.7.3,human_performance_note_onset_aligned_strong_match,Repository alignment maps score onset positions to timestamps in this specific IMSLP audio file,False,True,False,Metadata and source URL only; review IMSLP file-page rights before downloading or redistributing audio
hauptstimme-audio-42006653b34a7113302a,52,Andante con moto,"Beethoven, Ludwig van","Symphony No.5, Op.67",2,"Beethoven,_Ludwig_van/Symphony_No.5,_Op.67/2","data/Beethoven,_Ludwig_van/Symphony_No.5,_Op.67/2/Beethoven_Op.67_2.mscz",96ad2b37ee43d549de3b67f546b6fd9ac040949dca56d06c83fddcf3a9960b97,"data/Beethoven,_Ludwig_van/Symphony_No.5,_Op.67/2/Beethoven_Op.67_2.mxl",df4391c2395295f6ab8c6154bf00c2c3407f2d1cb1a2180e2dd87cf7472e039f,"data/Beethoven,_Ludwig_van/Symphony_No.5,_Op.67/2/Beethoven_Op.67_2_alignment.csv",3b422497473527fc4d14385ea5b977cae62bf7ed8bbd3f5d103f367ad48eafd4,1565,726680_tstamp,165,"Philharmonia Orchestra, Otto Klemperer",Angel. RL 32032.,1957,726680,https://imslp.org/images/e/eb/PMLP1586-01.02._Second_Movement-_Andante_con_moto_-_Piu_mosso_-_Tempo_1.mp3,MarkGotham/Hauptstimme,v4.7.3,human_performance_note_onset_aligned_strong_match,Repository alignment maps score onset positions to timestamps in this specific IMSLP audio file,False,True,False,Metadata and source URL only; review IMSLP file-page rights before downloading or redistributing audio
hauptstimme-audio-d124d8325211aecc8aaa,52,Andante con moto,"Beethoven, Ludwig van","Symphony No.5, Op.67",2,"Beethoven,_Ludwig_van/Symphony_No.5,_Op.67/2","data/Beethoven,_Ludwig_van/Symphony_No.5,_Op.67/2/Beethoven_Op.67_2.mscz",96ad2b37ee43d549de3b67f546b6fd9ac040949dca56d06c83fddcf3a9960b97,"data/Beethoven,_Ludwig_van/Symphony_No.5,_Op.67/2/Beethoven_Op.67_2.mxl",df4391c2395295f6ab8c6154bf00c2c3407f2d1cb1a2180e2dd87cf7472e039f,"data/Beethoven,_Ludwig_van/Symphony_No.5,_Op.67/2/Beethoven_Op.67_2_alignment.csv",3b422497473527fc4d14385ea5b977cae62bf7ed8bbd3f5d103f367ad48eafd4,1565,726688_tstamp,171,"Berliner Philharmoniker, Wilhelm Furtwängler",Unicorn Records. UNI 106.,1943,726688,https://imslp.org/images/6/60/PMLP1586-01.02._Symphony_No._5_Op._67-_Andante_Con_Moto.mp3,MarkGotham/Hauptstimme,v4.7.3,human_performance_note_onset_aligned_strong_match,Repository alignment maps score onset positions to timestamps in this specific IMSLP audio file,False,True,False,Metadata and source URL only; review IMSLP file-page rights before downloading or redistributing audio
hauptstimme-audio-96f27952c3d6d1525242,52,Andante con moto,"Beethoven, Ludwig van","Symphony No.5, Op.67",2,"Beethoven,_Ludwig_van/Symphony_No.5,_Op.67/2","data/Beethoven,_Ludwig_van/Symphony_No.5,_Op.67/2/Beethoven_Op.67_2.mscz",96ad2b37ee43d549de3b67f546b6fd9ac040949dca56d06c83fddcf3a9960b97,"data/Beethoven,_Ludwig_van/Symphony_No.5,_Op.67/2/Beethoven_Op.67_2.mxl",df4391c2395295f6ab8c6154bf00c2c3407f2d1cb1a2180e2dd87cf7472e039f,"data/Beethoven,_Ludwig_van/Symphony_No.5,_Op.67/2/Beethoven_Op.67_2_alignment.csv",3b422497473527fc4d14385ea5b977cae62bf7ed8bbd3f5d103f367ad48eafd4,1565,726691_tstamp,159,"Columbia Symphony Orchestra, Bruno Walter",Odyssey. Y 30314.,1961,726691,https://imslp.org/images/a/a1/PMLP1586-02.02._Symphony_No._5_In_C_Minor%2C_Op._67-_Andante_Con_Moto.mp3,MarkGotham/Hauptstimme,v4.7.3,human_performance_note_onset_aligned_strong_match,Repository alignment maps score onset positions to timestamps in this specific IMSLP audio file,False,True,False,Metadata and source URL only; review IMSLP file-page rights before downloading or redistributing audio
hauptstimme-audio-54050644b25ccf556071,52,Andante con moto,"Beethoven, Ludwig van","Symphony No.5, Op.67",2,"Beethoven,_Ludwig_van/Symphony_No.5,_Op.67/2","data/Beethoven,_Ludwig_van/Symphony_No.5,_Op.67/2/Beethoven_Op.67_2.mscz",96ad2b37ee43d549de3b67f546b6fd9ac040949dca56d06c83fddcf3a9960b97,"data/Beethoven,_Ludwig_van/Symphony_No.5,_Op.67/2/Beethoven_Op.67_2.mxl",df4391c2395295f6ab8c6154bf00c2c3407f2d1cb1a2180e2dd87cf7472e039f,"data/Beethoven,_Ludwig_van/Symphony_No.5,_Op.67/2/Beethoven_Op.67_2_alignment.csv",3b422497473527fc4d14385ea5b977cae62bf7ed8bbd3f5d103f367ad48eafd4,1565,726696_tstamp,151,"Columbia Symphony Orchestra, Bruno Walter",Columbia Masterworks. ML 5906.,1963,726696,https://imslp.org/images/2/22/PMLP1586-02.02._Symphony_No._5_In_C_Minor%2C_Op._67-_II_-_Andante_Con_Moto.mp3,MarkGotham/Hauptstimme,v4.7.3,human_performance_note_onset_aligned_strong_match,Repository alignment maps score onset positions to timestamps in this specific IMSLP audio file,False,True,False,Metadata and source URL only; review IMSLP file-page rights before downloading or redistributing audio
hauptstimme-audio-bac2a5ebe866f9733eda,52,Andante con moto,"Beethoven, Ludwig van","Symphony No.5, Op.67",2,"Beethoven,_Ludwig_van/Symphony_No.5,_Op.67/2","data/Beethoven,_Ludwig_van/Symphony_No.5,_Op.67/2/Beethoven_Op.67_2.mscz",96ad2b37ee43d549de3b67f546b6fd9ac040949dca56d06c83fddcf3a9960b97,"data/Beethoven,_Ludwig_van/Symphony_No.5,_Op.67/2/Beethoven_Op.67_2.mxl",df4391c2395295f6ab8c6154bf00c2c3407f2d1cb1a2180e2dd87cf7472e039f,"data/Beethoven,_Ludwig_van/Symphony_No.5,_Op.67/2/Beethoven_Op.67_2_alignment.csv",3b422497473527fc4d14385ea5b977cae62bf7ed8bbd3f5d103f367ad48eafd4,1565,728534_tstamp,153,"Berliner Philharmoniker, Herbert von Karajan",Deutsche Grammophon. 2535 304.,1962,728534,https://imslp.org/images/6/61/PMLP1586-01.02._Symphonie_Nr._5_C-min.%2C_Op._67-_2._Mov-_Andante_Con_Moto.mp3,MarkGotham/Hauptstimme,v4.7.3,human_performance_note_onset_aligned_strong_match,Repository alignment maps score onset positions to timestamps in this specific IMSLP audio file,False,True,False,Metadata and source URL only; review IMSLP file-page rights before downloading or redistributing audio
hauptstimme-audio-c528eaa405e1d43788c4,52,Andante con moto,"Beethoven, Ludwig van","Symphony No.5, Op.67",2,"Beethoven,_Ludwig_van/Symphony_No.5,_Op.67/2","data/Beethoven,_Ludwig_van/Symphony_No.5,_Op.67/2/Beethoven_Op.67_2.mscz",96ad2b37ee43d549de3b67f546b6fd9ac040949dca56d06c83fddcf3a9960b97,"data/Beethoven,_Ludwig_van/Symphony_No.5,_Op.67/2/Beethoven_Op.67_2.mxl",df4391c2395295f6ab8c6154bf00c2c3407f2d1cb1a2180e2dd87cf7472e039f,"data/Beethoven,_Ludwig_van/Symphony_No.5,_Op.67/2/Beethoven_Op.67_2_alignment.csv",3b422497473527fc4d14385ea5b977cae62bf7ed8bbd3f5d103f367ad48eafd4,1565,729214_tstamp,157,"Royal Philharmonic Orchestra, René Leibowitz",Reader's Digest. RDA-6 (1-7).,1961,729214,https://imslp.org/images/8/81/PMLP1586-06.02._Symphony_No._5_In_C_Minor%2C_Op._67-_Second_Movement_-_Andante_Con_Motto.mp3,MarkGotham/Hauptstimme,v4.7.3,human_performance_note_onset_aligned_strong_match,Repository alignment maps score onset positions to timestamps in this specific IMSLP audio file,False,True,False,Metadata and source URL only; review IMSLP file-page rights before downloading or redistributing audio
hauptstimme-audio-56955ba6067dd536fa4a,52,Andante con moto,"Beethoven, Ludwig van","Symphony No.5, Op.67",2,"Beethoven,_Ludwig_van/Symphony_No.5,_Op.67/2","data/Beethoven,_Ludwig_van/Symphony_No.5,_Op.67/2/Beethoven_Op.67_2.mscz",96ad2b37ee43d549de3b67f546b6fd9ac040949dca56d06c83fddcf3a9960b97,"data/Beethoven,_Ludwig_van/Symphony_No.5,_Op.67/2/Beethoven_Op.67_2.mxl",df4391c2395295f6ab8c6154bf00c2c3407f2d1cb1a2180e2dd87cf7472e039f,"data/Beethoven,_Ludwig_van/Symphony_No.5,_Op.67/2/Beethoven_Op.67_2_alignment.csv",3b422497473527fc4d14385ea5b977cae62bf7ed8bbd3f5d103f367ad48eafd4,1565,729227_tstamp,161,"Orchestre de la Suisse Romande, Ernest Ansermet",London Records. CS 6037.,1958,729227,https://imslp.org/images/1/15/PMLP1586-london01.02._Symphony_No._5_In_C_Minor%2C_Op._67_Second_Movement_Andante_Con_Moto.mp3,MarkGotham/Hauptstimme,v4.7.3,human_performance_note_onset_aligned_strong_match,Repository alignment maps score onset positions to timestamps in this specific IMSLP audio file,False,True,False,Metadata and source URL only; review IMSLP file-page rights before downloading or redistributing audio
hauptstimme-audio-1d5e8abab3fcef728ee6,55,Erwachen heiterer Gefühle bei der Ankunft auf dem Lande. Allegro ma non troppo,"Beethoven, Ludwig van","Symphony No.6, Op.68",1,"Beethoven,_Ludwig_van/Symphony_No.6,_Op.68/1","data/Beethoven,_Ludwig_van/Symphony_No.6,_Op.68/1/Beethoven_Op.68_1.mscz",c5fd6b92a920e703ab11510a71d0801894023879515c5fecb8f254839b8359a5,"data/Beethoven,_Ludwig_van/Symphony_No.6,_Op.68/1/Beethoven_Op.68_1.mxl",d8ed168e7e504d3df7842c7657c1067cf17cac099550a44cb8d092380049e61a,"data/Beethoven,_Ludwig_van/Symphony_No.6,_Op.68/1/Beethoven_Op.68_1_alignment.csv",81dc83ef5c80cfbeb60657834c176e2f858e11d97e08a0fc49fda71407107831,3471,734768_tstamp,174,"Wiener Philharmoniker, Pierre Monteux",RCA Victrola. VICS 1070.,1964,734768,https://imslp.org/images/a/a8/PMLP1595-01.01._Beethoven_Symphony_No._6_In_F._Op._68_%28%22Pastoral%22%29-_First_Movement-_Allegro_Ma_Non_Troppo.mp3,MarkGotham/Hauptstimme,v4.7.3,human_performance_note_onset_aligned_strong_match,Repository alignment maps score onset positions to timestamps in this specific IMSLP audio file,False,True,False,Metadata and source URL only; review IMSLP file-page rights before downloading or redistributing audio
hauptstimme-audio-706bbb90e0589f6b1560,55,Erwachen heiterer Gefühle bei der Ankunft auf dem Lande. Allegro ma non troppo,"Beethoven, Ludwig van","Symphony No.6, Op.68",1,"Beethoven,_Ludwig_van/Symphony_No.6,_Op.68/1","data/Beethoven,_Ludwig_van/Symphony_No.6,_Op.68/1/Beethoven_Op.68_1.mscz",c5fd6b92a920e703ab11510a71d0801894023879515c5fecb8f254839b8359a5,"data/Beethoven,_Ludwig_van/Symphony_No.6,_Op.68/1/Beethoven_Op.68_1.mxl",d8ed168e7e504d3df7842c7657c1067cf17cac099550a44cb8d092380049e61a,"data/Beethoven,_Ludwig_van/Symphony_No.6,_Op.68/1/Beethoven_Op.68_1_alignment.csv",81dc83ef5c80cfbeb60657834c176e2f858e11d97e08a0fc49fda71407107831,3471,734777_tstamp,196,"NBC Symphony Orchestra, Arturo Toscanini",RCA. AT 133.,1956,734777,https://imslp.org/images/9/96/PMLP1595-01.01._First_Movement-_Allegro_Ma_Non_Troppo_%28Risvegli_Di_Piacevoli_Sensazioni_All%27arrivo_In_Campagna%29.mp3,MarkGotham/Hauptstimme,v4.7.3,human_performance_note_onset_aligned_strong_match,Repository alignment maps score onset positions to timestamps in this specific IMSLP audio file,False,True,False,Metadata and source URL only; review IMSLP file-page rights before downloading or redistributing audio
hauptstimme-audio-4df7de9dbc53ddb2f0fc,55,Erwachen heiterer Gefühle bei der Ankunft auf dem Lande. Allegro ma non troppo,"Beethoven, Ludwig van","Symphony No.6, Op.68",1,"Beethoven,_Ludwig_van/Symphony_No.6,_Op.68/1","data/Beethoven,_Ludwig_van/Symphony_No.6,_Op.68/1/Beethoven_Op.68_1.mscz",c5fd6b92a920e703ab11510a71d0801894023879515c5fecb8f254839b8359a5,"data/Beethoven,_Ludwig_van/Symphony_No.6,_Op.68/1/Beethoven_Op.68_1.mxl",d8ed168e7e504d3df7842c7657c1067cf17cac099550a44cb8d092380049e61a,"data/Beethoven,_Ludwig_van/Symphony_No.6,_Op.68/1/Beethoven_Op.68_1_alignment.csv",81dc83ef5c80cfbeb60657834c176e2f858e11d97e08a0fc49fda71407107831,3471,734915_tstamp,204,"Pittsburgh Symphony Orchestra, William Steinberg",Capitol Records. S 8159.,1952,734915,https://imslp.org/images/a/aa/PMLP1595-01.01._1st_Movement_-_Allegro_Ma_Non_Troppo.mp3,MarkGotham/Hauptstimme,v4.7.3,human_performance_note_onset_aligned_strong_match,Repository alignment maps score onset positions to timestamps in this specific IMSLP audio file,False,True,False,Metadata and source URL only; review IMSLP file-page rights before downloading or redistributing audio
hauptstimme-audio-a1fb079db15a442aa87d,55,Erwachen heiterer Gefühle bei der Ankunft auf dem Lande. Allegro ma non troppo,"Beethoven, Ludwig van","Symphony No.6, Op.68",1,"Beethoven,_Ludwig_van/Symphony_No.6,_Op.68/1","data/Beethoven,_Ludwig_van/Symphony_No.6,_Op.68/1/Beethoven_Op.68_1.mscz",c5fd6b92a920e703ab11510a71d0801894023879515c5fecb8f254839b8359a5,"data/Beethoven,_Ludwig_van/Symphony_No.6,_Op.68/1/Beethoven_Op.68_1.mxl",d8ed168e7e504d3df7842c7657c1067cf17cac099550a44cb8d092380049e61a,"data/Beethoven,_Ludwig_van/Symphony_No.6,_Op.68/1/Beethoven_Op.68_1_alignment.csv",81dc83ef5c80cfbeb60657834c176e2f858e11d97e08a0fc49fda71407107831,3471,735484_tstamp,206,"Wiener Symphoniker, Otto Klemperer",Music-Appreciation Records. MAR 10577.,1950,735484,https://imslp.org/images/8/89/PMLP1595-01.01._Symphony_No._6_In_F_Major%2C_Op._68_%22Pastoral%22-_1_-_Allegro_Ma_Non_Troppo.mp3,MarkGotham/Hauptstimme,v4.7.3,human_performance_note_onset_aligned_strong_match,Repository alignment maps score onset positions to timestamps in this specific IMSLP audio file,False,True,False,Metadata and source URL only; review IMSLP file-page rights before downloading or redistributing audio
hauptstimme-audio-713ef8d1acb346d122fa,56,Scene am Bach. Andante molto mosso,"Beethoven, Ludwig van","Symphony No.6, Op.68",2,"Beethoven,_Ludwig_van/Symphony_No.6,_Op.68/2","data/Beethoven,_Ludwig_van/Symphony_No.6,_Op.68/2/Beethoven_Op.68_2.mscz",83a663888d09daa61894ce5355c3a30d96f1b2f5933702e181745956c1fccd80,"data/Beethoven,_Ludwig_van/Symphony_No.6,_Op.68/2/Beethoven_Op.68_2.mxl",cef25c2a422bd158f09de0473d9cca011dc7be2fba9dff93656a308bc93e6571,"data/Beethoven,_Ludwig_van/Symphony_No.6,_Op.68/2/Beethoven_Op.68_2_alignment.csv",021c1f3b26c02dda7653f836180f882ff5e774d935da513e3ebd35a4093413fd,2809,729185_tstamp,183,"Royal Philharmonic Orchestra, René Leibowitz",Reader's Digest. RDA-6 (1-7).,1961,729185,https://imslp.org/images/9/94/PMLP1595-07.02._Symphony_No._6_In_F_Major%2C_Op._68_%28%22Pastoral%22%29-_Second_Movement_-_Andante_Con_Molto_%28Scene_By_The_Brook%29.mp3,MarkGotham/Hauptstimme,v4.7.3,human_performance_note_onset_aligned_strong_match,Repository alignment maps score onset positions to timestamps in this specific IMSLP audio file,False,True,False,Metadata and source URL only; review IMSLP file-page rights before downloading or redistributing audio
hauptstimme-audio-c912e78a250a5b802705,56,Scene am Bach. Andante molto mosso,"Beethoven, Ludwig van","Symphony No.6, Op.68",2,"Beethoven,_Ludwig_van/Symphony_No.6,_Op.68/2","data/Beethoven,_Ludwig_van/Symphony_No.6,_Op.68/2/Beethoven_Op.68_2.mscz",83a663888d09daa61894ce5355c3a30d96f1b2f5933702e181745956c1fccd80,"data/Beethoven,_Ludwig_van/Symphony_No.6,_Op.68/2/Beethoven_Op.68_2.mxl",cef25c2a422bd158f09de0473d9cca011dc7be2fba9dff93656a308bc93e6571,"data/Beethoven,_Ludwig_van/Symphony_No.6,_Op.68/2/Beethoven_Op.68_2_alignment.csv",021c1f3b26c02dda7653f836180f882ff5e774d935da513e3ebd35a4093413fd,2809,734760_tstamp,179,"Chicago Symphony Orchestra, Fritz Reiner",RCA Victor Red Seal. LSC 2614.,1963,734760,https://imslp.org/images/5/51/PMLP1595-01.02._Symphony_No._6_In_F%2C_Op._68_%28%22Pastoral%22%29-_By_The_Brook.mp3,MarkGotham/Hauptstimme,v4.7.3,human_performance_note_onset_aligned_strong_match,Repository alignment maps score onset positions to timestamps in this specific IMSLP audio file,False,True,False,Metadata and source URL only; review IMSLP file-page rights before downloading or redistributing audio
hauptstimme-audio-ec521d1cd16b326a7db1,56,Scene am Bach. Andante molto mosso,"Beethoven, Ludwig van","Symphony No.6, Op.68",2,"Beethoven,_Ludwig_van/Symphony_No.6,_Op.68/2","data/Beethoven,_Ludwig_van/Symphony_No.6,_Op.68/2/Beethoven_Op.68_2.mscz",83a663888d09daa61894ce5355c3a30d96f1b2f5933702e181745956c1fccd80,"data/Beethoven,_Ludwig_van/Symphony_No.6,_Op.68/2/Beethoven_Op.68_2.mxl",cef25c2a422bd158f09de0473d9cca011dc7be2fba9dff93656a308bc93e6571,"data/Beethoven,_Ludwig_van/Symphony_No.6,_Op.68/2/Beethoven_Op.68_2_alignment.csv",021c1f3b26c02dda7653f836180f882ff5e774d935da513e3ebd35a4093413fd,2809,734766_tstamp,185,"Berliner Philharmoniker, André Cluytens",His Master's Voice. ALP 1863.,1960,734766,https://imslp.org/images/2/2f/PMLP1595-01.02._Symphony_No._6_In_F_Major%2C_Op._68_%28%22Pastoral%22%29-_Second_Movement-_Scene_At_The_Brook_%28Andante_Molto_Mosso%29.mp3,MarkGotham/Hauptstimme,v4.7.3,human_performance_note_onset_aligned_strong_match,Repository alignment maps score onset positions to timestamps in this specific IMSLP audio file,False,True,False,Metadata and source URL only; review IMSLP file-page rights before downloading or redistributing audio
hauptstimme-audio-a2d88704d9605bca26a1,56,Scene am Bach. Andante molto mosso,"Beethoven, Ludwig van","Symphony No.6, Op.68",2,"Beethoven,_Ludwig_van/Symphony_No.6,_Op.68/2","data/Beethoven,_Ludwig_van/Symphony_No.6,_Op.68/2/Beethoven_Op.68_2.mscz",83a663888d09daa61894ce5355c3a30d96f1b2f5933702e181745956c1fccd80,"data/Beethoven,_Ludwig_van/Symphony_No.6,_Op.68/2/Beethoven_Op.68_2.mxl",cef25c2a422bd158f09de0473d9cca011dc7be2fba9dff93656a308bc93e6571,"data/Beethoven,_Ludwig_van/Symphony_No.6,_Op.68/2/Beethoven_Op.68_2_alignment.csv",021c1f3b26c02dda7653f836180f882ff5e774d935da513e3ebd35a4093413fd,2809,734769_tstamp,175,"Wiener Philharmoniker, Pierre Monteux",RCA Victrola. VICS 1070.,1964,734769,https://imslp.org/images/4/47/PMLP1595-01.02._Beethoven_Symphony_No._6_In_F._Op._68_%28%22Pastoral%22%29-_Second_Movement-_Andante_Molto_Mosso.mp3,MarkGotham/Hauptstimme,v4.7.3,human_performance_note_onset_aligned_strong_match,Repository alignment maps score onset positions to timestamps in this specific IMSLP audio file,False,True,False,Metadata and source URL only; review IMSLP file-page rights before downloading or redistributing audio
hauptstimme-audio-0b90768c0d3156f17480,56,Scene am Bach. Andante molto mosso,"Beethoven, Ludwig van","Symphony No.6, Op.68",2,"Beethoven,_Ludwig_van/Symphony_No.6,_Op.68/2","data/Beethoven,_Ludwig_van/Symphony_No.6,_Op.68/2/Beethoven_Op.68_2.mscz",83a663888d09daa61894ce5355c3a30d96f1b2f5933702e181745956c1fccd80,"data/Beethoven,_Ludwig_van/Symphony_No.6,_Op.68/2/Beethoven_Op.68_2.mxl",cef25c2a422bd158f09de0473d9cca011dc7be2fba9dff93656a308bc93e6571,"data/Beethoven,_Ludwig_van/Symphony_No.6,_Op.68/2/Beethoven_Op.68_2_alignment.csv",021c1f3b26c02dda7653f836180f882ff5e774d935da513e3ebd35a4093413fd,2809,734772_tstamp,193,"Philharmonia Orchestra, Otto Klemperer",Angel Records. ANG 35711.,1959,734772,https://imslp.org/images/4/48/PMLP1595-01.02._Symphony_No.6_In_F_Major%2C_Op.68_%28%27Pastoral%27-_Second_Movement-_Scene_At_The_Brook_-_Andanta_Molto_Mosso.mp3,MarkGotham/Hauptstimme,v4.7.3,human_performance_note_onset_aligned_strong_match,Repository alignment maps score onset positions to timestamps in this specific IMSLP audio file,False,True,False,Metadata and source URL only; review IMSLP file-page rights before downloading or redistributing audio
hauptstimme-audio-b36c63d75857dfa841dc,56,Scene am Bach. Andante molto mosso,"Beethoven, Ludwig van","Symphony No.6, Op.68",2,"Beethoven,_Ludwig_van/Symphony_No.6,_Op.68/2","data/Beethoven,_Ludwig_van/Symphony_No.6,_Op.68/2/Beethoven_Op.68_2.mscz",83a663888d09daa61894ce5355c3a30d96f1b2f5933702e181745956c1fccd80,"data/Beethoven,_Ludwig_van/Symphony_No.6,_Op.68/2/Beethoven_Op.68_2.mxl",cef25c2a422bd158f09de0473d9cca011dc7be2fba9dff93656a308bc93e6571,"data/Beethoven,_Ludwig_van/Symphony_No.6,_Op.68/2/Beethoven_Op.68_2_alignment.csv",021c1f3b26c02dda7653f836180f882ff5e774d935da513e3ebd35a4093413fd,2809,734775_tstamp,203,"Royal Concertgebouw Orchestra, Erich Kleiber",London Records. LL 916.,1954,734775,https://imslp.org/images/6/66/PMLP1595-01.02._2nd_Movement-_Andante_Molto_Mosso_%28By_The_Brook%29.mp3,MarkGotham/Hauptstimme,v4.7.3,human_performance_note_onset_aligned_strong_match,Repository alignment maps score onset positions to timestamps in this specific IMSLP audio file,False,True,False,Metadata and source URL only; review IMSLP file-page rights before downloading or redistributing audio
hauptstimme-audio-8459699033a29022a7ca,56,Scene am Bach. Andante molto mosso,"Beethoven, Ludwig van","Symphony No.6, Op.68",2,"Beethoven,_Ludwig_van/Symphony_No.6,_Op.68/2","data/Beethoven,_Ludwig_van/Symphony_No.6,_Op.68/2/Beethoven_Op.68_2.mscz",83a663888d09daa61894ce5355c3a30d96f1b2f5933702e181745956c1fccd80,"data/Beethoven,_Ludwig_van/Symphony_No.6,_Op.68/2/Beethoven_Op.68_2.mxl",cef25c2a422bd158f09de0473d9cca011dc7be2fba9dff93656a308bc93e6571,"data/Beethoven,_Ludwig_van/Symphony_No.6,_Op.68/2/Beethoven_Op.68_2_alignment.csv",021c1f3b26c02dda7653f836180f882ff5e774d935da513e3ebd35a4093413fd,2809,734778_tstamp,197,"NBC Symphony Orchestra, Arturo Toscanini",RCA. AT 133.,1956,734778,https://imslp.org/images/f/f7/PMLP1595-01.02._Second_Movement-_Andante_Molto_Mosso_%28Scena_Presso_Il_Ruscello%29.mp3,MarkGotham/Hauptstimme,v4.7.3,human_performance_note_onset_aligned_strong_match,Repository alignment maps score onset positions to timestamps in this specific IMSLP audio file,False,True,False,Metadata and source URL only; review IMSLP file-page rights before downloading or redistributing audio
hauptstimme-audio-1141c63f1497b0e4ee21,56,Scene am Bach. Andante molto mosso,"Beethoven, Ludwig van","Symphony No.6, Op.68",2,"Beethoven,_Ludwig_van/Symphony_No.6,_Op.68/2","data/Beethoven,_Ludwig_van/Symphony_No.6,_Op.68/2/Beethoven_Op.68_2.mscz",83a663888d09daa61894ce5355c3a30d96f1b2f5933702e181745956c1fccd80,"data/Beethoven,_Ludwig_van/Symphony_No.6,_Op.68/2/Beethoven_Op.68_2.mxl",cef25c2a422bd158f09de0473d9cca011dc7be2fba9dff93656a308bc93e6571,"data/Beethoven,_Ludwig_van/Symphony_No.6,_Op.68/2/Beethoven_Op.68_2_alignment.csv",021c1f3b26c02dda7653f836180f882ff5e774d935da513e3ebd35a4093413fd,2809,734893_tstamp,195,"Columbia Symphony Orchestra, Bruno Walter",Columbia. MS 6012.,1958,734893,https://imslp.org/images/1/18/PMLP1595-01.02._Symphony_No._6_In_F_Major%2C_Op._68_%28%22Pastorale%22%29-_Andante_Molto_Moto_%28The_Brook%29.mp3,MarkGotham/Hauptstimme,v4.7.3,human_performance_note_onset_aligned_strong_match,Repository alignment maps score onset positions to timestamps in this specific IMSLP audio file,False,True,False,Metadata and source URL only; review IMSLP file-page rights before downloading or redistributing audio
hauptstimme-audio-ebf124e595ab8a466f28,56,Scene am Bach. Andante molto mosso,"Beethoven, Ludwig van","Symphony No.6, Op.68",2,"Beethoven,_Ludwig_van/Symphony_No.6,_Op.68/2","data/Beethoven,_Ludwig_van/Symphony_No.6,_Op.68/2/Beethoven_Op.68_2.mscz",83a663888d09daa61894ce5355c3a30d96f1b2f5933702e181745956c1fccd80,"data/Beethoven,_Ludwig_van/Symphony_No.6,_Op.68/2/Beethoven_Op.68_2.mxl",cef25c2a422bd158f09de0473d9cca011dc7be2fba9dff93656a308bc93e6571,"data/Beethoven,_Ludwig_van/Symphony_No.6,_Op.68/2/Beethoven_Op.68_2_alignment.csv",021c1f3b26c02dda7653f836180f882ff5e774d935da513e3ebd35a4093413fd,2809,734896_tstamp,201,"New York Philharmonic, George Szell",Columbia Masterworks. ML 5057.,1955,734896,https://imslp.org/images/a/a6/PMLP1595-01.02._Symphony_No._6_In_F_Major%2C_Op._68_%28%22Pastorale%22%29-_II_-_Andante_Molto_Moto_%28The_Brook%29.mp3,MarkGotham/Hauptstimme,v4.7.3,human_performance_note_onset_aligned_strong_match,Repository alignment maps score onset positions to timestamps in this specific IMSLP audio file,False,True,False,Metadata and source URL only; review IMSLP file-page rights before downloading or redistributing audio
hauptstimme-audio-a691c3cd54b7458c3ce9,56,Scene am Bach. Andante molto mosso,"Beethoven, Ludwig van","Symphony No.6, Op.68",2,"Beethoven,_Ludwig_van/Symphony_No.6,_Op.68/2","data/Beethoven,_Ludwig_van/Symphony_No.6,_Op.68/2/Beethoven_Op.68_2.mscz",83a663888d09daa61894ce5355c3a30d96f1b2f5933702e181745956c1fccd80,"data/Beethoven,_Ludwig_van/Symphony_No.6,_Op.68/2/Beethoven_Op.68_2.mxl",cef25c2a422bd158f09de0473d9cca011dc7be2fba9dff93656a308bc93e6571,"data/Beethoven,_Ludwig_van/Symphony_No.6,_Op.68/2/Beethoven_Op.68_2_alignment.csv",021c1f3b26c02dda7653f836180f882ff5e774d935da513e3ebd35a4093413fd,2809,734899_tstamp,181,"Royal Danish Orchestra, George Hurst",Forum. SF 70018.,1963,734899,https://imslp.org/images/b/bf/PMLP1595-01.02._2nd_Mvt._Andante_Molto_Mosso.mp3,MarkGotham/Hauptstimme,v4.7.3,human_performance_note_onset_aligned_strong_match,Repository alignment maps score onset positions to timestamps in this specific IMSLP audio file,False,True,False,Metadata and source URL only; review IMSLP file-page rights before downloading or redistributing audio
hauptstimme-audio-383171595d5bce51b3fc,56,Scene am Bach. Andante molto mosso,"Beethoven, Ludwig van","Symphony No.6, Op.68",2,"Beethoven,_Ludwig_van/Symphony_No.6,_Op.68/2","data/Beethoven,_Ludwig_van/Symphony_No.6,_Op.68/2/Beethoven_Op.68_2.mscz",83a663888d09daa61894ce5355c3a30d96f1b2f5933702e181745956c1fccd80,"data/Beethoven,_Ludwig_van/Symphony_No.6,_Op.68/2/Beethoven_Op.68_2.mxl",cef25c2a422bd158f09de0473d9cca011dc7be2fba9dff93656a308bc93e6571,"data/Beethoven,_Ludwig_van/Symphony_No.6,_Op.68/2/Beethoven_Op.68_2_alignment.csv",021c1f3b26c02dda7653f836180f882ff5e774d935da513e3ebd35a4093413fd,2809,734906_tstamp,187,"Orchestre de la Suisse Romande, Ernest Ansermet",London Records. STS 15064.,1960,734906,https://imslp.org/images/2/24/PMLP1595-01.02._Symphony_No._6_In_F_Major%2C_Op._68_%28%22Pastoral%22%29-_2nd_Movement-_Andante_Molto_Mosso.mp3,MarkGotham/Hauptstimme,v4.7.3,human_performance_note_onset_aligned_strong_match,Repository alignment maps score onset positions to timestamps in this specific IMSLP audio file,False,True,False,Metadata and source URL only; review IMSLP file-page rights before downloading or redistributing audio
hauptstimme-audio-e21a4a718f32467d6389,56,Scene am Bach. Andante molto mosso,"Beethoven, Ludwig van","Symphony No.6, Op.68",2,"Beethoven,_Ludwig_van/Symphony_No.6,_Op.68/2","data/Beethoven,_Ludwig_van/Symphony_No.6,_Op.68/2/Beethoven_Op.68_2.mscz",83a663888d09daa61894ce5355c3a30d96f1b2f5933702e181745956c1fccd80,"data/Beethoven,_Ludwig_van/Symphony_No.6,_Op.68/2/Beethoven_Op.68_2.mxl",cef25c2a422bd158f09de0473d9cca011dc7be2fba9dff93656a308bc93e6571,"data/Beethoven,_Ludwig_van/Symphony_No.6,_Op.68/2/Beethoven_Op.68_2_alignment.csv",021c1f3b26c02dda7653f836180f882ff5e774d935da513e3ebd35a4093413fd,2809,734910_tstamp,189,"Royal Philharmonic Orchestra, Rafael Kubelík",Capitol Records. SG 7213.,1960,734910,https://imslp.org/images/5/52/PMLP1595-01.02._Symphony_No._6_In_F_Major%2C_Op._68_%28%22Pastoral%22%29-_II._Scene_At_The_Brook_%28Andante_Molto_Mosso%29.mp3,MarkGotham/Hauptstimme,v4.7.3,human_performance_note_onset_aligned_strong_match,Repository alignment maps score onset positions to timestamps in this specific IMSLP audio file,False,True,False,Metadata and source URL only; review IMSLP file-page rights before downloading or redistributing audio
hauptstimme-audio-d0a8f33a75c7d6ff8beb,56,Scene am Bach. Andante molto mosso,"Beethoven, Ludwig van","Symphony No.6, Op.68",2,"Beethoven,_Ludwig_van/Symphony_No.6,_Op.68/2","data/Beethoven,_Ludwig_van/Symphony_No.6,_Op.68/2/Beethoven_Op.68_2.mscz",83a663888d09daa61894ce5355c3a30d96f1b2f5933702e181745956c1fccd80,"data/Beethoven,_Ludwig_van/Symphony_No.6,_Op.68/2/Beethoven_Op.68_2.mxl",cef25c2a422bd158f09de0473d9cca011dc7be2fba9dff93656a308bc93e6571,"data/Beethoven,_Ludwig_van/Symphony_No.6,_Op.68/2/Beethoven_Op.68_2_alignment.csv",021c1f3b26c02dda7653f836180f882ff5e774d935da513e3ebd35a4093413fd,2809,734913_tstamp,199,"Boston Symphony Orchestra, Charles Munch",RCA Victor Red Seal. LM 1997.,1956,734913,https://imslp.org/images/8/8b/PMLP1595-01.02._Second_Movement-_Scene_By_The_Brookside-_Andante_Molto_Mosso.mp3,MarkGotham/Hauptstimme,v4.7.3,human_performance_note_onset_aligned_strong_match,Repository alignment maps score onset positions to timestamps in this specific IMSLP audio file,False,True,False,Metadata and source URL only; review IMSLP file-page rights before downloading or redistributing audio
hauptstimme-audio-50b6dc63eddb03385880,56,Scene am Bach. Andante molto mosso,"Beethoven, Ludwig van","Symphony No.6, Op.68",2,"Beethoven,_Ludwig_van/Symphony_No.6,_Op.68/2","data/Beethoven,_Ludwig_van/Symphony_No.6,_Op.68/2/Beethoven_Op.68_2.mscz",83a663888d09daa61894ce5355c3a30d96f1b2f5933702e181745956c1fccd80,"data/Beethoven,_Ludwig_van/Symphony_No.6,_Op.68/2/Beethoven_Op.68_2.mxl",cef25c2a422bd158f09de0473d9cca011dc7be2fba9dff93656a308bc93e6571,"data/Beethoven,_Ludwig_van/Symphony_No.6,_Op.68/2/Beethoven_Op.68_2_alignment.csv",021c1f3b26c02dda7653f836180f882ff5e774d935da513e3ebd35a4093413fd,2809,734916_tstamp,205,"Pittsburgh Symphony Orchestra, William Steinberg",Capitol Records. S 8159.,1952,734916,https://imslp.org/images/8/8a/PMLP1595-01.02._2nd_Movement_-_Andante_Molto_Mosso.mp3,MarkGotham/Hauptstimme,v4.7.3,human_performance_note_onset_aligned_strong_match,Repository alignment maps score onset positions to timestamps in this specific IMSLP audio file,False,True,False,Metadata and source URL only; review IMSLP file-page rights before downloading or redistributing audio
hauptstimme-audio-08d07c590dd71117c2cf,56,Scene am Bach. Andante molto mosso,"Beethoven, Ludwig van","Symphony No.6, Op.68",2,"Beethoven,_Ludwig_van/Symphony_No.6,_Op.68/2","data/Beethoven,_Ludwig_van/Symphony_No.6,_Op.68/2/Beethoven_Op.68_2.mscz",83a663888d09daa61894ce5355c3a30d96f1b2f5933702e181745956c1fccd80,"data/Beethoven,_Ludwig_van/Symphony_No.6,_Op.68/2/Beethoven_Op.68_2.mxl",cef25c2a422bd158f09de0473d9cca011dc7be2fba9dff93656a308bc93e6571,"data/Beethoven,_Ludwig_van/Symphony_No.6,_Op.68/2/Beethoven_Op.68_2_alignment.csv",021c1f3b26c02dda7653f836180f882ff5e774d935da513e3ebd35a4093413fd,2809,735481_tstamp,177,"London Symphony Orchestra, Antal Doráti",Mercury. SR 90415.,1964,735481,https://imslp.org/images/3/35/PMLP1595-02.01._Symphony_No._6_In_F_Major_%22Pastoral%22-_II._Andante_Molto_Mosso.mp3,MarkGotham/Hauptstimme,v4.7.3,human_performance_note_onset_aligned_strong_match,Repository alignment maps score onset positions to timestamps in this specific IMSLP audio file,False,True,False,Metadata and source URL only; review IMSLP file-page rights before downloading or redistributing audio
hauptstimme-audio-c68a4c0ea140f98e9ebc,56,Scene am Bach. Andante molto mosso,"Beethoven, Ludwig van","Symphony No.6, Op.68",2,"Beethoven,_Ludwig_van/Symphony_No.6,_Op.68/2","data/Beethoven,_Ludwig_van/Symphony_No.6,_Op.68/2/Beethoven_Op.68_2.mscz",83a663888d09daa61894ce5355c3a30d96f1b2f5933702e181745956c1fccd80,"data/Beethoven,_Ludwig_van/Symphony_No.6,_Op.68/2/Beethoven_Op.68_2.mxl",cef25c2a422bd158f09de0473d9cca011dc7be2fba9dff93656a308bc93e6571,"data/Beethoven,_Ludwig_van/Symphony_No.6,_Op.68/2/Beethoven_Op.68_2_alignment.csv",021c1f3b26c02dda7653f836180f882ff5e774d935da513e3ebd35a4093413fd,2809,735485_tstamp,207,"Wiener Symphoniker, Otto Klemperer",Music-Appreciation Records. MAR 10577.,1950,735485,https://imslp.org/images/8/8f/PMLP1595-01.02._Symphony_No._6_In_F_Major%2C_Op._68_%22Pastoral%22-_2_-_Andante_Molto_Mosso.mp3,MarkGotham/Hauptstimme,v4.7.3,human_performance_note_onset_aligned_strong_match,Repository alignment maps score onset positions to timestamps in this specific IMSLP audio file,False,True,False,Metadata and source URL only; review IMSLP file-page rights before downloading or redistributing audio
hauptstimme-audio-f0377aa3d98bc57cc7b4,56,Scene am Bach. Andante molto mosso,"Beethoven, Ludwig van","Symphony No.6, Op.68",2,"Beethoven,_Ludwig_van/Symphony_No.6,_Op.68/2","data/Beethoven,_Ludwig_van/Symphony_No.6,_Op.68/2/Beethoven_Op.68_2.mscz",83a663888d09daa61894ce5355c3a30d96f1b2f5933702e181745956c1fccd80,"data/Beethoven,_Ludwig_van/Symphony_No.6,_Op.68/2/Beethoven_Op.68_2.mxl",cef25c2a422bd158f09de0473d9cca011dc7be2fba9dff93656a308bc93e6571,"data/Beethoven,_Ludwig_van/Symphony_No.6,_Op.68/2/Beethoven_Op.68_2_alignment.csv",021c1f3b26c02dda7653f836180f882ff5e774d935da513e3ebd35a4093413fd,2809,735490_tstamp,191,"London Symphony Orchestra, Josef Krips",Everest. SDBR 3074.,1960,735490,https://imslp.org/images/b/bd/PMLP1595-01.02._Beethoven-_Symphony_No._6_In_F_Major_Op._68_%28%22Pastoral%22%29-_2nd_Movement_-_Andante_Molto_Moto.mp3,MarkGotham/Hauptstimme,v4.7.3,human_performance_note_onset_aligned_strong_match,Repository alignment maps score onset positions to timestamps in this specific IMSLP audio file,False,True,False,Metadata and source URL only; review IMSLP file-page rights before downloading or redistributing audio
hauptstimme-audio-6d9eee8442903e4dd7e1,56,Scene am Bach. Andante molto mosso,"Beethoven, Ludwig van","Symphony No.6, Op.68",2,"Beethoven,_Ludwig_van/Symphony_No.6,_Op.68/2","data/Beethoven,_Ludwig_van/Symphony_No.6,_Op.68/2/Beethoven_Op.68_2.mscz",83a663888d09daa61894ce5355c3a30d96f1b2f5933702e181745956c1fccd80,"data/Beethoven,_Ludwig_van/Symphony_No.6,_Op.68/2/Beethoven_Op.68_2.mxl",cef25c2a422bd158f09de0473d9cca011dc7be2fba9dff93656a308bc93e6571,"data/Beethoven,_Ludwig_van/Symphony_No.6,_Op.68/2/Beethoven_Op.68_2_alignment.csv",021c1f3b26c02dda7653f836180f882ff5e774d935da513e3ebd35a4093413fd,2809,736749_tstamp,92,"Philharmonia Orchestra, Otto Klemperer",Angel Records.,1961,736749,https://imslp.org/images/f/fa/PMLP2581-02.03._Fourth_Movement-_Allegro_Molto_-_Poco_Andante_-_Presto.mp3,MarkGotham/Hauptstimme,v4.7.3,human_performance_note_onset_aligned_strong_match,Repository alignment maps score onset positions to timestamps in this specific IMSLP audio file,False,True,False,Metadata and source URL only; review IMSLP file-page rights before downloading or redistributing audio
hauptstimme-audio-de461a730d23cef67b3b,58,Gewitter. Sturm. Allegro,"Beethoven, Ludwig van","Symphony No.6, Op.68",4,"Beethoven,_Ludwig_van/Symphony_No.6,_Op.68/4","data/Beethoven,_Ludwig_van/Symphony_No.6,_Op.68/4/Beethoven_Op.68_4.mscz",a0fdfa82981a911e8ab8a3713f4c3f5ec5f220018650b9d0a2d1974ffbfbbfa7,"data/Beethoven,_Ludwig_van/Symphony_No.6,_Op.68/4/Beethoven_Op.68_4.mxl",431b2758b0bfe43a6974392a08584f9b49136597a7fe1afe7d0f1bb7ac285c72,"data/Beethoven,_Ludwig_van/Symphony_No.6,_Op.68/4/Beethoven_Op.68_4_alignment.csv",f22605ed3f724f473322968f4514aa369f8af3ae0a1fd9e0b42293772037789f,1776,735487_tstamp,209,"Wiener Symphoniker, Otto Klemperer",Music-Appreciation Records. MAR 10577.,1950,735487,https://imslp.org/images/1/12/PMLP1595-02.02._Symphony_No._6_In_F_Major%2C_Op._68_%22Pastoral%22-_4_-_Allegro.mp3,MarkGotham/Hauptstimme,v4.7.3,human_performance_note_onset_aligned_strong_match,Repository alignment maps score onset positions to timestamps in this specific IMSLP audio file,False,True,False,Metadata and source URL only; review IMSLP file-page rights before downloading or redistributing audio
hauptstimme-audio-d5b6a2b03e001c741bde,59,Hirtengesang. Frohe und dankbare Gefühle nach dem Sturm. Allegretto,"Beethoven, Ludwig van","Symphony No.6, Op.68",5,"Beethoven,_Ludwig_van/Symphony_No.6,_Op.68/5","data/Beethoven,_Ludwig_van/Symphony_No.6,_Op.68/5/Beethoven_Op.68_5.mscz",c7e23ab658951b45800772ed5045a0a289c023be7f41cb9069dd6f16b24ef471,"data/Beethoven,_Ludwig_van/Symphony_No.6,_Op.68/5/Beethoven_Op.68_5.mxl",e0865e0c7ae88c527f6641edde0becff8331d5270f5b4a5df717c7fca66735ad,"data/Beethoven,_Ludwig_van/Symphony_No.6,_Op.68/5/Beethoven_Op.68_5_alignment.csv",ea0f13774b0eb306465755bb5be8edc091c53d928d81de4110a78544f2d1deab,2415,735488_tstamp,210,"Wiener Symphoniker, Otto Klemperer",Music-Appreciation Records. MAR 10577.,1950,735488,https://imslp.org/images/4/46/PMLP1595-02.03._Symphony_No._6_In_F_Major%2C_Op._68_%22Pastoral%22-_5_-_Allegretto.mp3,MarkGotham/Hauptstimme,v4.7.3,human_performance_note_onset_aligned_strong_match,Repository alignment maps score onset positions to timestamps in this specific IMSLP audio file,False,True,False,Metadata and source URL only; review IMSLP file-page rights before downloading or redistributing audio
hauptstimme-audio-3ae4c6b197211d0c1c2a,61,Allegretto,"Beethoven, Ludwig van","Symphony No.7, Op.92",2,"Beethoven,_Ludwig_van/Symphony_No.7,_Op.92/2","data/Beethoven,_Ludwig_van/Symphony_No.7,_Op.92/2/Beethoven_Op.92_2.mscz",a22bd43215baebb0e71d4906503c5d145fdb491c00ef8139943025a353f240d1,"data/Beethoven,_Ludwig_van/Symphony_No.7,_Op.92/2/Beethoven_Op.92_2.mxl",b96058897fc65bf40286683dbac937a2c7dcff76cca8085e44be6728648bbf18,"data/Beethoven,_Ludwig_van/Symphony_No.7,_Op.92/2/Beethoven_Op.92_2_alignment.csv",9bc4fe489c8e9524eaa4b7a340dd6f2eb998fd3090f4b78efd727638b7fd7ca7,1626,711681_tstamp,268,"New York Philharmonic, Arturo Toscanini",RCA Victor Red Seal. LCT-1013.,1936,711681,https://imslp.org/images/b/b7/PMLP1600-01.02._Second_Movement.mp3,MarkGotham/Hauptstimme,v4.7.3,human_performance_note_onset_aligned_strong_match,Repository alignment maps score onset positions to timestamps in this specific IMSLP audio file,False,True,False,Metadata and source URL only; review IMSLP file-page rights before downloading or redistributing audio
hauptstimme-audio-92bd858e8b4184e72711,61,Allegretto,"Beethoven, Ludwig van","Symphony No.7, Op.92",2,"Beethoven,_Ludwig_van/Symphony_No.7,_Op.92/2","data/Beethoven,_Ludwig_van/Symphony_No.7,_Op.92/2/Beethoven_Op.92_2.mscz",a22bd43215baebb0e71d4906503c5d145fdb491c00ef8139943025a353f240d1,"data/Beethoven,_Ludwig_van/Symphony_No.7,_Op.92/2/Beethoven_Op.92_2.mxl",b96058897fc65bf40286683dbac937a2c7dcff76cca8085e44be6728648bbf18,"data/Beethoven,_Ludwig_van/Symphony_No.7,_Op.92/2/Beethoven_Op.92_2_alignment.csv",9bc4fe489c8e9524eaa4b7a340dd6f2eb998fd3090f4b78efd727638b7fd7ca7,1626,723373_tstamp,220,"Symphony of the Air, Leopold Stokowski",United Artists Records. USLP 0007.,1961,723373,https://imslp.org/images/3/3b/PMLP1600-01.02._Second_Movement-_Allegretto.mp3,MarkGotham/Hauptstimme,v4.7.3,human_performance_note_onset_aligned_strong_match,Repository alignment maps score onset positions to timestamps in this specific IMSLP audio file,False,True,False,Metadata and source URL only; review IMSLP file-page rights before downloading or redistributing audio
hauptstimme-audio-f2797934dea1bd73720c,61,Allegretto,"Beethoven, Ludwig van","Symphony No.7, Op.92",2,"Beethoven,_Ludwig_van/Symphony_No.7,_Op.92/2","data/Beethoven,_Ludwig_van/Symphony_No.7,_Op.92/2/Beethoven_Op.92_2.mscz",a22bd43215baebb0e71d4906503c5d145fdb491c00ef8139943025a353f240d1,"data/Beethoven,_Ludwig_van/Symphony_No.7,_Op.92/2/Beethoven_Op.92_2.mxl",b96058897fc65bf40286683dbac937a2c7dcff76cca8085e44be6728648bbf18,"data/Beethoven,_Ludwig_van/Symphony_No.7,_Op.92/2/Beethoven_Op.92_2_alignment.csv",9bc4fe489c8e9524eaa4b7a340dd6f2eb998fd3090f4b78efd727638b7fd7ca7,1626,723377_tstamp,264,"Philadelphia Orchestra, Eugene Ormandy",Columbia. MM 557.,1945,723377,https://imslp.org/images/9/90/PMLP1600-02.Ii.Allegretto.mp3,MarkGotham/Hauptstimme,v4.7.3,human_performance_note_onset_aligned_strong_match,Repository alignment maps score onset positions to timestamps in this specific IMSLP audio file,False,True,False,Metadata and source URL only; review IMSLP file-page rights before downloading or redistributing audio
hauptstimme-audio-dbc28dc55892baba2874,61,Allegretto,"Beethoven, Ludwig van","Symphony No.7, Op.92",2,"Beethoven,_Ludwig_van/Symphony_No.7,_Op.92/2","data/Beethoven,_Ludwig_van/Symphony_No.7,_Op.92/2/Beethoven_Op.92_2.mscz",a22bd43215baebb0e71d4906503c5d145fdb491c00ef8139943025a353f240d1,"data/Beethoven,_Ludwig_van/Symphony_No.7,_Op.92/2/Beethoven_Op.92_2.mxl",b96058897fc65bf40286683dbac937a2c7dcff76cca8085e44be6728648bbf18,"data/Beethoven,_Ludwig_van/Symphony_No.7,_Op.92/2/Beethoven_Op.92_2_alignment.csv",9bc4fe489c8e9524eaa4b7a340dd6f2eb998fd3090f4b78efd727638b7fd7ca7,1626,723381_tstamp,212,"London Symphony Orchestra, Pierre Monteux",RCA Victrola. VICS 1061.,1964,723381,https://imslp.org/images/e/ec/PMLP1600-01.02._Symphony_No.7_In_A_Major%2C_Opus_92_%22Dance%22-_Allegretto.mp3,MarkGotham/Hauptstimme,v4.7.3,human_performance_note_onset_aligned_strong_match,Repository alignment maps score onset positions to timestamps in this specific IMSLP audio file,False,True,False,Metadata and source URL only; review IMSLP file-page rights before downloading or redistributing audio
hauptstimme-audio-c24b2de7f4e0ace2983b,61,Allegretto,"Beethoven, Ludwig van","Symphony No.7, Op.92",2,"Beethoven,_Ludwig_van/Symphony_No.7,_Op.92/2","data/Beethoven,_Ludwig_van/Symphony_No.7,_Op.92/2/Beethoven_Op.92_2.mscz",a22bd43215baebb0e71d4906503c5d145fdb491c00ef8139943025a353f240d1,"data/Beethoven,_Ludwig_van/Symphony_No.7,_Op.92/2/Beethoven_Op.92_2.mxl",b96058897fc65bf40286683dbac937a2c7dcff76cca8085e44be6728648bbf18,"data/Beethoven,_Ludwig_van/Symphony_No.7,_Op.92/2/Beethoven_Op.92_2_alignment.csv",9bc4fe489c8e9524eaa4b7a340dd6f2eb998fd3090f4b78efd727638b7fd7ca7,1626,723385_tstamp,232,"New York Philharmonic, Leonard Bernstein",Columbia Masterworks. MS 6612.,1960,723385,https://imslp.org/images/b/b9/PMLP1600-01.02._II-_Allegretto.mp3,MarkGotham/Hauptstimme,v4.7.3,human_performance_note_onset_aligned_strong_match,Repository alignment maps score onset positions to timestamps in this specific IMSLP audio file,False,True,False,Metadata and source URL only; review IMSLP file-page rights before downloading or redistributing audio
hauptstimme-audio-ee4c56a691924168d1b9,61,Allegretto,"Beethoven, Ludwig van","Symphony No.7, Op.92",2,"Beethoven,_Ludwig_van/Symphony_No.7,_Op.92/2","data/Beethoven,_Ludwig_van/Symphony_No.7,_Op.92/2/Beethoven_Op.92_2.mscz",a22bd43215baebb0e71d4906503c5d145fdb491c00ef8139943025a353f240d1,"data/Beethoven,_Ludwig_van/Symphony_No.7,_Op.92/2/Beethoven_Op.92_2.mxl",b96058897fc65bf40286683dbac937a2c7dcff76cca8085e44be6728648bbf18,"data/Beethoven,_Ludwig_van/Symphony_No.7,_Op.92/2/Beethoven_Op.92_2_alignment.csv",9bc4fe489c8e9524eaa4b7a340dd6f2eb998fd3090f4b78efd727638b7fd7ca7,1626,723394_tstamp,248,"Philharmonia Orchestra, Otto Klemperer",Angel Records. ANG 35330.,1957,723394,https://imslp.org/images/b/b8/PMLP1600-01.02._Symphony_No._7_In_A_Major%2C_Op._92-_Second_Movement-_Allegretto.mp3,MarkGotham/Hauptstimme,v4.7.3,human_performance_note_onset_aligned_strong_match,Repository alignment maps score onset positions to timestamps in this specific IMSLP audio file,False,True,False,Metadata and source URL only; review IMSLP file-page rights before downloading or redistributing audio
hauptstimme-audio-3f0a26b95f2e59589ca5,61,Allegretto,"Beethoven, Ludwig van","Symphony No.7, Op.92",2,"Beethoven,_Ludwig_van/Symphony_No.7,_Op.92/2","data/Beethoven,_Ludwig_van/Symphony_No.7,_Op.92/2/Beethoven_Op.92_2.mscz",a22bd43215baebb0e71d4906503c5d145fdb491c00ef8139943025a353f240d1,"data/Beethoven,_Ludwig_van/Symphony_No.7,_Op.92/2/Beethoven_Op.92_2.mxl",b96058897fc65bf40286683dbac937a2c7dcff76cca8085e44be6728648bbf18,"data/Beethoven,_Ludwig_van/Symphony_No.7,_Op.92/2/Beethoven_Op.92_2_alignment.csv",9bc4fe489c8e9524eaa4b7a340dd6f2eb998fd3090f4b78efd727638b7fd7ca7,1626,723403_tstamp,236,"Royal Philharmonic Orchestra, Thomas Beecham",Capitol Records. SG 7223.,1959,723403,https://imslp.org/images/9/91/PMLP1600-01.02._Allegretto.mp3,MarkGotham/Hauptstimme,v4.7.3,human_performance_note_onset_aligned_strong_match,Repository alignment maps score onset positions to timestamps in this specific IMSLP audio file,False,True,False,Metadata and source URL only; review IMSLP file-page rights before downloading or redistributing audio
hauptstimme-audio-90cbf93fdd7c6bae8328,61,Allegretto,"Beethoven, Ludwig van","Symphony No.7, Op.92",2,"Beethoven,_Ludwig_van/Symphony_No.7,_Op.92/2","data/Beethoven,_Ludwig_van/Symphony_No.7,_Op.92/2/Beethoven_Op.92_2.mscz",a22bd43215baebb0e71d4906503c5d145fdb491c00ef8139943025a353f240d1,"data/Beethoven,_Ludwig_van/Symphony_No.7,_Op.92/2/Beethoven_Op.92_2.mxl",b96058897fc65bf40286683dbac937a2c7dcff76cca8085e44be6728648bbf18,"data/Beethoven,_Ludwig_van/Symphony_No.7,_Op.92/2/Beethoven_Op.92_2_alignment.csv",9bc4fe489c8e9524eaa4b7a340dd6f2eb998fd3090f4b78efd727638b7fd7ca7,1626,723410_tstamp,244,"Philharmonia Orchestra, Guido Cantelli",Regal. SREG 2011.,1958,723410,https://imslp.org/images/2/26/PMLP1600-01.02._Symphony_No._7_In_A_Major_Op._92-_2nd_Movement-_Allegretto.mp3,MarkGotham/Hauptstimme,v4.7.3,human_performance_note_onset_aligned_strong_match,Repository alignment maps score onset positions to timestamps in this specific IMSLP audio file,False,True,False,Metadata and source URL only; review IMSLP file-page rights before downloading or redistributing audio
hauptstimme-audio-ac3c825310c5285d08f3,61,Allegretto,"Beethoven, Ludwig van","Symphony No.7, Op.92",2,"Beethoven,_Ludwig_van/Symphony_No.7,_Op.92/2","data/Beethoven,_Ludwig_van/Symphony_No.7,_Op.92/2/Beethoven_Op.92_2.mscz",a22bd43215baebb0e71d4906503c5d145fdb491c00ef8139943025a353f240d1,"data/Beethoven,_Ludwig_van/Symphony_No.7,_Op.92/2/Beethoven_Op.92_2.mxl",b96058897fc65bf40286683dbac937a2c7dcff76cca8085e44be6728648bbf18,"data/Beethoven,_Ludwig_van/Symphony_No.7,_Op.92/2/Beethoven_Op.92_2_alignment.csv",9bc4fe489c8e9524eaa4b7a340dd6f2eb998fd3090f4b78efd727638b7fd7ca7,1626,728537_tstamp,252,"New York Philharmonic, Arturo Toscanini",RCA Camden. CAL 352.,1957,728537,https://imslp.org/images/0/08/PMLP1600-a.01.02._Second_Movement_Allegretto.mp3,MarkGotham/Hauptstimme,v4.7.3,human_performance_note_onset_aligned_strong_match,Repository alignment maps score onset positions to timestamps in this specific IMSLP audio file,False,True,False,Metadata and source URL only; review IMSLP file-page rights before downloading or redistributing audio
hauptstimme-audio-581e7611c37c89349a68,61,Allegretto,"Beethoven, Ludwig van","Symphony No.7, Op.92",2,"Beethoven,_Ludwig_van/Symphony_No.7,_Op.92/2","data/Beethoven,_Ludwig_van/Symphony_No.7,_Op.92/2/Beethoven_Op.92_2.mscz",a22bd43215baebb0e71d4906503c5d145fdb491c00ef8139943025a353f240d1,"data/Beethoven,_Ludwig_van/Symphony_No.7,_Op.92/2/Beethoven_Op.92_2.mxl",b96058897fc65bf40286683dbac937a2c7dcff76cca8085e44be6728648bbf18,"data/Beethoven,_Ludwig_van/Symphony_No.7,_Op.92/2/Beethoven_Op.92_2_alignment.csv",9bc4fe489c8e9524eaa4b7a340dd6f2eb998fd3090f4b78efd727638b7fd7ca7,1626,729189_tstamp,216,"Royal Philharmonic Orchestra, René Leibowitz",Reader's Digest. RDA-6 (1-7).,1961,729189,https://imslp.org/images/4/4d/PMLP1600-09.02._Symphony_No._7_In_A_Major%2C_Op._92-_Second_Movement_-_Allegretto.mp3,MarkGotham/Hauptstimme,v4.7.3,human_performance_note_onset_aligned_strong_match,Repository alignment maps score onset positions to timestamps in this specific IMSLP audio file,False,True,False,Metadata and source URL only; review IMSLP file-page rights before downloading or redistributing audio
hauptstimme-audio-ac67f66355c0f798adbe,61,Allegretto,"Beethoven, Ludwig van","Symphony No.7, Op.92",2,"Beethoven,_Ludwig_van/Symphony_No.7,_Op.92/2","data/Beethoven,_Ludwig_van/Symphony_No.7,_Op.92/2/Beethoven_Op.92_2.mscz",a22bd43215baebb0e71d4906503c5d145fdb491c00ef8139943025a353f240d1,"data/Beethoven,_Ludwig_van/Symphony_No.7,_Op.92/2/Beethoven_Op.92_2.mxl",b96058897fc65bf40286683dbac937a2c7dcff76cca8085e44be6728648bbf18,"data/Beethoven,_Ludwig_van/Symphony_No.7,_Op.92/2/Beethoven_Op.92_2_alignment.csv",9bc4fe489c8e9524eaa4b7a340dd6f2eb998fd3090f4b78efd727638b7fd7ca7,1626,730988_tstamp,224,"Philharmonia Orchestra, Otto Klemperer",Angel Records. RL-32114.,1961,730988,https://imslp.org/images/1/1c/PMLP1600-01.02._Band_2_-_Second_Movement_-_Allegretto.mp3,MarkGotham/Hauptstimme,v4.7.3,human_performance_note_onset_aligned_strong_match,Repository alignment maps score onset positions to timestamps in this specific IMSLP audio file,False,True,False,Metadata and source URL only; review IMSLP file-page rights before downloading or redistributing audio
hauptstimme-audio-0a0a606ca124a31f7f5f,61,Allegretto,"Beethoven, Ludwig van","Symphony No.7, Op.92",2,"Beethoven,_Ludwig_van/Symphony_No.7,_Op.92/2","data/Beethoven,_Ludwig_van/Symphony_No.7,_Op.92/2/Beethoven_Op.92_2.mscz",a22bd43215baebb0e71d4906503c5d145fdb491c00ef8139943025a353f240d1,"data/Beethoven,_Ludwig_van/Symphony_No.7,_Op.92/2/Beethoven_Op.92_2.mxl",b96058897fc65bf40286683dbac937a2c7dcff76cca8085e44be6728648bbf18,"data/Beethoven,_Ludwig_van/Symphony_No.7,_Op.92/2/Beethoven_Op.92_2_alignment.csv",9bc4fe489c8e9524eaa4b7a340dd6f2eb998fd3090f4b78efd727638b7fd7ca7,1626,736446_tstamp,228,"London Symphony Orchestra, Josef Krips",Everest. SDBR 3088.,1961,736446,https://imslp.org/images/9/9b/PMLP1600-01.02._Symphony_No._7_In_A_Major%2C_Op._92-_2nd_Movement_-_Allegretto.mp3,MarkGotham/Hauptstimme,v4.7.3,human_performance_note_onset_aligned_strong_match,Repository alignment maps score onset positions to timestamps in this specific IMSLP audio file,False,True,False,Metadata and source URL only; review IMSLP file-page rights before downloading or redistributing audio
hauptstimme-audio-fbd781d793332acdc6fd,61,Allegretto,"Beethoven, Ludwig van","Symphony No.7, Op.92",2,"Beethoven,_Ludwig_van/Symphony_No.7,_Op.92/2","data/Beethoven,_Ludwig_van/Symphony_No.7,_Op.92/2/Beethoven_Op.92_2.mscz",a22bd43215baebb0e71d4906503c5d145fdb491c00ef8139943025a353f240d1,"data/Beethoven,_Ludwig_van/Symphony_No.7,_Op.92/2/Beethoven_Op.92_2.mxl",b96058897fc65bf40286683dbac937a2c7dcff76cca8085e44be6728648bbf18,"data/Beethoven,_Ludwig_van/Symphony_No.7,_Op.92/2/Beethoven_Op.92_2_alignment.csv",9bc4fe489c8e9524eaa4b7a340dd6f2eb998fd3090f4b78efd727638b7fd7ca7,1626,736451_tstamp,260,"Royal Concertgebouw Orchestra, Erich Kleiber",London Records. LLP 240.,1950,736451,https://imslp.org/images/b/b5/PMLP1600-01.02._Symphony_No.7_In_A_Major_Opus_92-_2nd_Mov._Allegretto.mp3,MarkGotham/Hauptstimme,v4.7.3,human_performance_note_onset_aligned_strong_match,Repository alignment maps score onset positions to timestamps in this specific IMSLP audio file,False,True,False,Metadata and source URL only; review IMSLP file-page rights before downloading or redistributing audio
hauptstimme-audio-76ffa3d87b964bae2968,65,Allegretto scherzando,"Beethoven, Ludwig van","Symphony No.8, Op.93",2,"Beethoven,_Ludwig_van/Symphony_No.8,_Op.93/2","data/Beethoven,_Ludwig_van/Symphony_No.8,_Op.93/2/Beethoven_Op.93_2.mscz",6e3437c0edd2729f49302fc2728595624f87ff4a4f1b38e71cd244583a522fb8,"data/Beethoven,_Ludwig_van/Symphony_No.8,_Op.93/2/Beethoven_Op.93_2.mxl",acd767c830c09d37520e25c9f2500dc4f1fac3fb2c4cb05b31475fe768ae4665,"data/Beethoven,_Ludwig_van/Symphony_No.8,_Op.93/2/Beethoven_Op.93_2_alignment.csv",ae80f3fc28c9d3d36a83bbaac627000c7b481e93c15688ea43b941004e77ee1f,877,729181_tstamp,276,"Royal Philharmonic Orchestra, René Leibowitz",Reader's Digest. RDA-6 (1-7).,1961,729181,https://imslp.org/images/3/32/PMLP1605-11.02._Symphony_No._8_In_F_Major%2C_Op._93-_Second_Movement_-_Allegretto_Scherzando.mp3,MarkGotham/Hauptstimme,v4.7.3,human_performance_note_onset_aligned_strong_match,Repository alignment maps score onset positions to timestamps in this specific IMSLP audio file,False,True,False,Metadata and source URL only; review IMSLP file-page rights before downloading or redistributing audio
hauptstimme-audio-d2964ef30953027ac4f5,65,Allegretto scherzando,"Beethoven, Ludwig van","Symphony No.8, Op.93",2,"Beethoven,_Ludwig_van/Symphony_No.8,_Op.93/2","data/Beethoven,_Ludwig_van/Symphony_No.8,_Op.93/2/Beethoven_Op.93_2.mscz",6e3437c0edd2729f49302fc2728595624f87ff4a4f1b38e71cd244583a522fb8,"data/Beethoven,_Ludwig_van/Symphony_No.8,_Op.93/2/Beethoven_Op.93_2.mxl",acd767c830c09d37520e25c9f2500dc4f1fac3fb2c4cb05b31475fe768ae4665,"data/Beethoven,_Ludwig_van/Symphony_No.8,_Op.93/2/Beethoven_Op.93_2_alignment.csv",ae80f3fc28c9d3d36a83bbaac627000c7b481e93c15688ea43b941004e77ee1f,877,735786_tstamp,280,"Orchestre de la Suisse Romande, Ernest Ansermet",London Records. STS 15032.,1956,735786,https://imslp.org/images/f/fb/PMLP1605-02.02._Beethoven-_Symphony_No._8_In_F%2C_Op._93-_Allegretto_scherzando.mp3,MarkGotham/Hauptstimme,v4.7.3,human_performance_note_onset_aligned_strong_match,Repository alignment maps score onset positions to timestamps in this specific IMSLP audio file,False,True,False,Metadata and source URL only; review IMSLP file-page rights before downloading or redistributing audio
hauptstimme-audio-085be6d0a2c142fd9ca7,65,Allegretto scherzando,"Beethoven, Ludwig van","Symphony No.8, Op.93",2,"Beethoven,_Ludwig_van/Symphony_No.8,_Op.93/2","data/Beethoven,_Ludwig_van/Symphony_No.8,_Op.93/2/Beethoven_Op.93_2.mscz",6e3437c0edd2729f49302fc2728595624f87ff4a4f1b38e71cd244583a522fb8,"data/Beethoven,_Ludwig_van/Symphony_No.8,_Op.93/2/Beethoven_Op.93_2.mxl",acd767c830c09d37520e25c9f2500dc4f1fac3fb2c4cb05b31475fe768ae4665,"data/Beethoven,_Ludwig_van/Symphony_No.8,_Op.93/2/Beethoven_Op.93_2_alignment.csv",ae80f3fc28c9d3d36a83bbaac627000c7b481e93c15688ea43b941004e77ee1f,877,736423_tstamp,272,"London Symphony Orchestra, Josef Krips",Everest. SDBR 3089.,1962,736423,https://imslp.org/images/b/b8/PMLP1605-02.02._Symphony_No._8_In_F_Major%2C_Op._93-_2nd_Movement_-_Allegreto_Scherzando.mp3,MarkGotham/Hauptstimme,v4.7.3,human_performance_note_onset_aligned_strong_match,Repository alignment maps score onset positions to timestamps in this specific IMSLP audio file,False,True,False,Metadata and source URL only; review IMSLP file-page rights before downloading or redistributing audio
hauptstimme-audio-d19fd2d3c9bdf8132e9f,66,Tempo di Menuetto,"Beethoven, Ludwig van","Symphony No.8, Op.93",3,"Beethoven,_Ludwig_van/Symphony_No.8,_Op.93/3","data/Beethoven,_Ludwig_van/Symphony_No.8,_Op.93/3/Beethoven_Op.93_3.mscz",1a78842f26797c0e3e77d54d898b1af0ac46ca32893989c1bae2098018d00506,"data/Beethoven,_Ludwig_van/Symphony_No.8,_Op.93/3/Beethoven_Op.93_3.mxl",cb1a09a4a2857c0a55d313f5dcb6c6805a49207f8146bdf87de557e7b16c603b,"data/Beethoven,_Ludwig_van/Symphony_No.8,_Op.93/3/Beethoven_Op.93_3_alignment.csv",bc639dc117c2e9f010137ba882a37cf0366311663c0876948eba5df692718ec7,1174,729182_tstamp,277,"Royal Philharmonic Orchestra, René Leibowitz",Reader's Digest. RDA-6 (1-7).,1961,729182,https://imslp.org/images/4/46/PMLP1605-11.03._Symphony_No._8_In_F_Major%2C_Op._93-_Third_Movement_-_Tempo_Di_Menuetto.mp3,MarkGotham/Hauptstimme,v4.7.3,human_performance_note_onset_aligned_strong_match,Repository alignment maps score onset positions to timestamps in this specific IMSLP audio file,False,True,False,Metadata and source URL only; review IMSLP file-page rights before downloading or redistributing audio
hauptstimme-audio-1c83a0c1b1265d3800fb,66,Tempo di Menuetto,"Beethoven, Ludwig van","Symphony No.8, Op.93",3,"Beethoven,_Ludwig_van/Symphony_No.8,_Op.93/3","data/Beethoven,_Ludwig_van/Symphony_No.8,_Op.93/3/Beethoven_Op.93_3.mscz",1a78842f26797c0e3e77d54d898b1af0ac46ca32893989c1bae2098018d00506,"data/Beethoven,_Ludwig_van/Symphony_No.8,_Op.93/3/Beethoven_Op.93_3.mxl",cb1a09a4a2857c0a55d313f5dcb6c6805a49207f8146bdf87de557e7b16c603b,"data/Beethoven,_Ludwig_van/Symphony_No.8,_Op.93/3/Beethoven_Op.93_3_alignment.csv",bc639dc117c2e9f010137ba882a37cf0366311663c0876948eba5df692718ec7,1174,735787_tstamp,281,"Orchestre de la Suisse Romande, Ernest Ansermet",London Records. STS 15032.,1956,735787,https://imslp.org/images/2/28/PMLP1605-02.03._Beethoven-_Symphony_No._8_In_F%2C_Op._93-_Tempo_di_menuetto.mp3,MarkGotham/Hauptstimme,v4.7.3,human_performance_note_onset_aligned_strong_match,Repository alignment maps score onset positions to timestamps in this specific IMSLP audio file,False,True,False,Metadata and source URL only; review IMSLP file-page rights before downloading or redistributing audio
hauptstimme-audio-9607e9552d429616f56a,66,Tempo di Menuetto,"Beethoven, Ludwig van","Symphony No.8, Op.93",3,"Beethoven,_Ludwig_van/Symphony_No.8,_Op.93/3","data/Beethoven,_Ludwig_van/Symphony_No.8,_Op.93/3/Beethoven_Op.93_3.mscz",1a78842f26797c0e3e77d54d898b1af0ac46ca32893989c1bae2098018d00506,"data/Beethoven,_Ludwig_van/Symphony_No.8,_Op.93/3/Beethoven_Op.93_3.mxl",cb1a09a4a2857c0a55d313f5dcb6c6805a49207f8146bdf87de557e7b16c603b,"data/Beethoven,_Ludwig_van/Symphony_No.8,_Op.93/3/Beethoven_Op.93_3_alignment.csv",bc639dc117c2e9f010137ba882a37cf0366311663c0876948eba5df692718ec7,1174,736424_tstamp,273,"London Symphony Orchestra, Josef Krips",Everest. SDBR 3089.,1962,736424,https://imslp.org/images/4/48/PMLP1605-02.03._Symphony_No._8_In_F_Major%2C_Op._93-_3rd_Movement_-_Tempo_Di_Minuetto.mp3,MarkGotham/Hauptstimme,v4.7.3,human_performance_note_onset_aligned_strong_match,Repository alignment maps score onset positions to timestamps in this specific IMSLP audio file,False,True,False,Metadata and source URL only; review IMSLP file-page rights before downloading or redistributing audio
hauptstimme-audio-ab96e045a2931ddc00f4,67,Allegro vivace,"Beethoven, Ludwig van","Symphony No.8, Op.93",4,"Beethoven,_Ludwig_van/Symphony_No.8,_Op.93/4","data/Beethoven,_Ludwig_van/Symphony_No.8,_Op.93/4/Beethoven_Op.93_4.mscz",331421f57af1176b19e9e118fe82fec55ff5bd3f91abc6b4586f3d065411d636,"data/Beethoven,_Ludwig_van/Symphony_No.8,_Op.93/4/Beethoven_Op.93_4.mxl",d6787c9ce4379cae4b8f9121bda2901aad1857f11d29f03623e4ff194e5c3f03,"data/Beethoven,_Ludwig_van/Symphony_No.8,_Op.93/4/Beethoven_Op.93_4_alignment.csv",b5bd660b0b178d9343f73f3766360021dfbb225e86d06884ca6327e587154f97,3033,729183_tstamp,278,"Royal Philharmonic Orchestra, René Leibowitz",Reader's Digest. RDA-6 (1-7).,1961,729183,https://imslp.org/images/4/4e/PMLP1605-11.04._Symphony_No._8_In_F_Major%2C_Op._93-_Fourth_Movement_-_Allegro_Vivace.mp3,MarkGotham/Hauptstimme,v4.7.3,human_performance_note_onset_aligned_strong_match,Repository alignment maps score onset positions to timestamps in this specific IMSLP audio file,False,True,False,Metadata and source URL only; review IMSLP file-page rights before downloading or redistributing audio
hauptstimme-audio-6a11ec9b5c5eb98662ad,67,Allegro vivace,"Beethoven, Ludwig van","Symphony No.8, Op.93",4,"Beethoven,_Ludwig_van/Symphony_No.8,_Op.93/4","data/Beethoven,_Ludwig_van/Symphony_No.8,_Op.93/4/Beethoven_Op.93_4.mscz",331421f57af1176b19e9e118fe82fec55ff5bd3f91abc6b4586f3d065411d636,"data/Beethoven,_Ludwig_van/Symphony_No.8,_Op.93/4/Beethoven_Op.93_4.mxl",d6787c9ce4379cae4b8f9121bda2901aad1857f11d29f03623e4ff194e5c3f03,"data/Beethoven,_Ludwig_van/Symphony_No.8,_Op.93/4/Beethoven_Op.93_4_alignment.csv",b5bd660b0b178d9343f73f3766360021dfbb225e86d06884ca6327e587154f97,3033,735788_tstamp,282,"Orchestre de la Suisse Romande, Ernest Ansermet",London Records. STS 15032.,1956,735788,https://imslp.org/images/7/7c/PMLP1605-02.04._Beethoven-_Symphony_No._8_In_F%2C_Op._93-_Allegro_vivace.mp3,MarkGotham/Hauptstimme,v4.7.3,human_performance_note_onset_aligned_strong_match,Repository alignment maps score onset positions to timestamps in this specific IMSLP audio file,False,True,False,Metadata and source URL only; review IMSLP file-page rights before downloading or redistributing audio
hauptstimme-audio-b856788cea2e53f0965b,67,Allegro vivace,"Beethoven, Ludwig van","Symphony No.8, Op.93",4,"Beethoven,_Ludwig_van/Symphony_No.8,_Op.93/4","data/Beethoven,_Ludwig_van/Symphony_No.8,_Op.93/4/Beethoven_Op.93_4.mscz",331421f57af1176b19e9e118fe82fec55ff5bd3f91abc6b4586f3d065411d636,"data/Beethoven,_Ludwig_van/Symphony_No.8,_Op.93/4/Beethoven_Op.93_4.mxl",d6787c9ce4379cae4b8f9121bda2901aad1857f11d29f03623e4ff194e5c3f03,"data/Beethoven,_Ludwig_van/Symphony_No.8,_Op.93/4/Beethoven_Op.93_4_alignment.csv",b5bd660b0b178d9343f73f3766360021dfbb225e86d06884ca6327e587154f97,3033,736425_tstamp,274,"London Symphony Orchestra, Josef Krips",Everest. SDBR 3089.,1962,736425,https://imslp.org/images/5/56/PMLP1605-02.04._Symphony_No._8_In_F_Major%2C_Op._93-_4th_Movement_-_Finale-_Allegro_Vivace.mp3,MarkGotham/Hauptstimme,v4.7.3,human_performance_note_onset_aligned_strong_match,Repository alignment maps score onset positions to timestamps in this specific IMSLP audio file,False,True,False,Metadata and source URL only; review IMSLP file-page rights before downloading or redistributing audio
hauptstimme-audio-0545474d73de8dd1883c,68,"Allegro ma non troppo, un poco maestoso","Beethoven, Ludwig van","Symphony No.9, Op.125",1,"Beethoven,_Ludwig_van/Symphony_No.9,_Op.125/1","data/Beethoven,_Ludwig_van/Symphony_No.9,_Op.125/1/Beethoven_Op.125_1.mscz",8df3f2e6be002e1d3e4cad744fd2e374feaefeabe651b4a0f4bdbba51ad4417a,"data/Beethoven,_Ludwig_van/Symphony_No.9,_Op.125/1/Beethoven_Op.125_1.mxl",cf08b715b3aed1395b9f6aefad50e912a21652c10041d10055fde0591ddc0be1,"data/Beethoven,_Ludwig_van/Symphony_No.9,_Op.125/1/Beethoven_Op.125_1_alignment.csv",b0d9f129393a30eff99ce56c93b6843be8bc0037b43a39c4ada431eb49c1bb8f,3800,484062_tstamp,287,"Otto Klemperer, Royal Concertgebouw Orchestra, Amsterdam Toonkunsktkoor, Gré Brouwenstijn, Annie Hermes, Ernst Haefliger, Hans Wilbrink",Amersterdam: AVRO.,1956,484062,https://imslp.org/images/2/2a/PMLP01607-beethoven-9-01-concertgebouw-klemperer-1956-16048.mp3,MarkGotham/Hauptstimme,v4.7.3,human_performance_note_onset_aligned_strong_match,Repository alignment maps score onset positions to timestamps in this specific IMSLP audio file,False,True,False,Metadata and source URL only; review IMSLP file-page rights before downloading or redistributing audio
hauptstimme-audio-62445619663165f9ad01,68,"Allegro ma non troppo, un poco maestoso","Beethoven, Ludwig van","Symphony No.9, Op.125",1,"Beethoven,_Ludwig_van/Symphony_No.9,_Op.125/1","data/Beethoven,_Ludwig_van/Symphony_No.9,_Op.125/1/Beethoven_Op.125_1.mscz",8df3f2e6be002e1d3e4cad744fd2e374feaefeabe651b4a0f4bdbba51ad4417a,"data/Beethoven,_Ludwig_van/Symphony_No.9,_Op.125/1/Beethoven_Op.125_1.mxl",cf08b715b3aed1395b9f6aefad50e912a21652c10041d10055fde0591ddc0be1,"data/Beethoven,_Ludwig_van/Symphony_No.9,_Op.125/1/Beethoven_Op.125_1_alignment.csv",b0d9f129393a30eff99ce56c93b6843be8bc0037b43a39c4ada431eb49c1bb8f,3800,729208_tstamp,283,"Inge Borkh, Ruth Siewert, Richard Lewis, Ludwig Weber, Beecham Choral Society, Royal Philharmonic Orchestra, René Leibowitz",Reader's Digest. RDA-6 (1-7).,1961,729208,https://imslp.org/images/2/2d/PMLP1607-12.01._Symphony_No._9_In_D_Major%2C_Op._125_%28%22Choral%22%29-_First_Movement_-_Allegro_Ma_Non_Troppo%2C_Un_Poco_Maestoso.mp3,MarkGotham/Hauptstimme,v4.7.3,human_performance_note_onset_aligned_strong_match,Repository alignment maps score onset positions to timestamps in this specific IMSLP audio file,False,True,False,Metadata and source URL only; review IMSLP file-page rights before downloading or redistributing audio
hauptstimme-audio-5246ed7d84eb4cf58057,68,"Allegro ma non troppo, un poco maestoso","Beethoven, Ludwig van","Symphony No.9, Op.125",1,"Beethoven,_Ludwig_van/Symphony_No.9,_Op.125/1","data/Beethoven,_Ludwig_van/Symphony_No.9,_Op.125/1/Beethoven_Op.125_1.mscz",8df3f2e6be002e1d3e4cad744fd2e374feaefeabe651b4a0f4bdbba51ad4417a,"data/Beethoven,_Ludwig_van/Symphony_No.9,_Op.125/1/Beethoven_Op.125_1.mxl",cf08b715b3aed1395b9f6aefad50e912a21652c10041d10055fde0591ddc0be1,"data/Beethoven,_Ludwig_van/Symphony_No.9,_Op.125/1/Beethoven_Op.125_1_alignment.csv",b0d9f129393a30eff99ce56c93b6843be8bc0037b43a39c4ada431eb49c1bb8f,3800,736777_tstamp,291,"Bayreuth Festival Orchestra, Bayreuth Festival Chorus, Wilhelm Furtwängler, Elisabeth Schwarzkopf, Elisabeth Höngen, Hans Hopf, Otto Edelmann",Seraphim. IB 6068.,1955,736777,https://imslp.org/images/9/9a/PMLP1607-01.01._1._Allegro_Ma_Non_Troppo%2C_Un_Poco_Maestoso.mp3,MarkGotham/Hauptstimme,v4.7.3,human_performance_note_onset_aligned_strong_match,Repository alignment maps score onset positions to timestamps in this specific IMSLP audio file,False,True,False,Metadata and source URL only; review IMSLP file-page rights before downloading or redistributing audio
hauptstimme-audio-fe2aed14b0986fa74a86,70,Adagio molto e cantabile,"Beethoven, Ludwig van","Symphony No.9, Op.125",3,"Beethoven,_Ludwig_van/Symphony_No.9,_Op.125/3","data/Beethoven,_Ludwig_van/Symphony_No.9,_Op.125/3/Beethoven_Op.125_3.mscz",c4c692dcc7043386a160f32f7045b18ccc1b96cd47f37481095e3c543ba0ed8e,"data/Beethoven,_Ludwig_van/Symphony_No.9,_Op.125/3/Beethoven_Op.125_3.mxl",a43f26ba7b610ccf7756c0e496ff5a5284591e368b79065679e9d0c56c5f5176,"data/Beethoven,_Ludwig_van/Symphony_No.9,_Op.125/3/Beethoven_Op.125_3_alignment.csv",ec31cdbf797a2a591fdacfdc74a306395227de283db46508d866b7e0d820c8d6,1887,484064_tstamp,289,"Otto Klemperer, Royal Concertgebouw Orchestra, Amsterdam Toonkunsktkoor, Gré Brouwenstijn, Annie Hermes, Ernst Haefliger, Hans Wilbrink",Amersterdam: AVRO.,1956,484064,https://imslp.org/images/a/a2/PMLP01607-beethoven-9-03-concertgebouw-klemperer-1956-16048.mp3,MarkGotham/Hauptstimme,v4.7.3,human_performance_note_onset_aligned_strong_match,Repository alignment maps score onset positions to timestamps in this specific IMSLP audio file,False,True,False,Metadata and source URL only; review IMSLP file-page rights before downloading or redistributing audio
hauptstimme-audio-0f8e1ff384efd153e329,70,Adagio molto e cantabile,"Beethoven, Ludwig van","Symphony No.9, Op.125",3,"Beethoven,_Ludwig_van/Symphony_No.9,_Op.125/3","data/Beethoven,_Ludwig_van/Symphony_No.9,_Op.125/3/Beethoven_Op.125_3.mscz",c4c692dcc7043386a160f32f7045b18ccc1b96cd47f37481095e3c543ba0ed8e,"data/Beethoven,_Ludwig_van/Symphony_No.9,_Op.125/3/Beethoven_Op.125_3.mxl",a43f26ba7b610ccf7756c0e496ff5a5284591e368b79065679e9d0c56c5f5176,"data/Beethoven,_Ludwig_van/Symphony_No.9,_Op.125/3/Beethoven_Op.125_3_alignment.csv",ec31cdbf797a2a591fdacfdc74a306395227de283db46508d866b7e0d820c8d6,1887,729210_tstamp,285,"Inge Borkh, Ruth Siewert, Richard Lewis, Ludwig Weber, Beecham Choral Society, Royal Philharmonic Orchestra, René Leibowitz",Reader's Digest. RDA-6 (1-7).,1961,729210,https://imslp.org/images/a/ae/PMLP1607-13.02._Symphony_No._9_In_D_Major%2C_Op._125_%28%22Choral%22%29-_Third_Movement_-_Adagio_Molto_E_Cantabile%3B_Andante_Moderato%3B_Adagio.mp3,MarkGotham/Hauptstimme,v4.7.3,human_performance_note_onset_aligned_strong_match,Repository alignment maps score onset positions to timestamps in this specific IMSLP audio file,False,True,False,Metadata and source URL only; review IMSLP file-page rights before downloading or redistributing audio
hauptstimme-audio-5a40605ce1caf8369185,70,Adagio molto e cantabile,"Beethoven, Ludwig van","Symphony No.9, Op.125",3,"Beethoven,_Ludwig_van/Symphony_No.9,_Op.125/3","data/Beethoven,_Ludwig_van/Symphony_No.9,_Op.125/3/Beethoven_Op.125_3.mscz",c4c692dcc7043386a160f32f7045b18ccc1b96cd47f37481095e3c543ba0ed8e,"data/Beethoven,_Ludwig_van/Symphony_No.9,_Op.125/3/Beethoven_Op.125_3.mxl",a43f26ba7b610ccf7756c0e496ff5a5284591e368b79065679e9d0c56c5f5176,"data/Beethoven,_Ludwig_van/Symphony_No.9,_Op.125/3/Beethoven_Op.125_3_alignment.csv",ec31cdbf797a2a591fdacfdc74a306395227de283db46508d866b7e0d820c8d6,1887,736779_tstamp,293,"Bayreuth Festival Orchestra, Bayreuth Festival Chorus, Wilhelm Furtwängler, Elisabeth Schwarzkopf, Elisabeth Höngen, Hans Hopf, Otto Edelmann",Seraphim. IB 6068.,1955,736779,https://imslp.org/images/e/e2/PMLP1607-03.01._3._Adagio_Molto_E_Cantabile_-Andante_Moderato.mp3,MarkGotham/Hauptstimme,v4.7.3,human_performance_note_onset_aligned_strong_match,Repository alignment maps score onset positions to timestamps in this specific IMSLP audio file,False,True,False,Metadata and source URL only; review IMSLP file-page rights before downloading or redistributing audio
hauptstimme-audio-0cd8a7f2fa6d030f40cc,71,Presto,"Beethoven, Ludwig van","Symphony No.9, Op.125",4,"Beethoven,_Ludwig_van/Symphony_No.9,_Op.125/4","data/Beethoven,_Ludwig_van/Symphony_No.9,_Op.125/4/Beethoven_Op.125_4.mscz",7055e0c60a1d819ec21e455676aaca0106f0d251a17e311714a0de62434dca55,"data/Beethoven,_Ludwig_van/Symphony_No.9,_Op.125/4/Beethoven_Op.125_4.mxl",42ee9e7ec4f863b84f6b3ec62c377f18e0ba80fec49affbf0edc94cc0ccd3fe7,"data/Beethoven,_Ludwig_van/Symphony_No.9,_Op.125/4/Beethoven_Op.125_4_alignment.csv",4e964c33c340811cd777461f7c8b640e9a8cc49d880b47040b03dd2f7ec26f51,5855,484065_tstamp,290,"Otto Klemperer, Royal Concertgebouw Orchestra, Amsterdam Toonkunsktkoor, Gré Brouwenstijn, Annie Hermes, Ernst Haefliger, Hans Wilbrink",Amersterdam: AVRO.,1956,484065,https://imslp.org/images/1/14/PMLP01607-beethoven-9-04-concertgebouw-klemperer-1956-16048.mp3,MarkGotham/Hauptstimme,v4.7.3,human_performance_note_onset_aligned_strong_match,Repository alignment maps score onset positions to timestamps in this specific IMSLP audio file,False,True,False,Metadata and source URL only; review IMSLP file-page rights before downloading or redistributing audio
hauptstimme-audio-d11aa53172c4ac4256c2,71,Presto,"Beethoven, Ludwig van","Symphony No.9, Op.125",4,"Beethoven,_Ludwig_van/Symphony_No.9,_Op.125/4","data/Beethoven,_Ludwig_van/Symphony_No.9,_Op.125/4/Beethoven_Op.125_4.mscz",7055e0c60a1d819ec21e455676aaca0106f0d251a17e311714a0de62434dca55,"data/Beethoven,_Ludwig_van/Symphony_No.9,_Op.125/4/Beethoven_Op.125_4.mxl",42ee9e7ec4f863b84f6b3ec62c377f18e0ba80fec49affbf0edc94cc0ccd3fe7,"data/Beethoven,_Ludwig_van/Symphony_No.9,_Op.125/4/Beethoven_Op.125_4_alignment.csv",4e964c33c340811cd777461f7c8b640e9a8cc49d880b47040b03dd2f7ec26f51,5855,729211_tstamp,286,"Inge Borkh, Ruth Siewert, Richard Lewis, Ludwig Weber, Beecham Choral Society, Royal Philharmonic Orchestra, René Leibowitz",Reader's Digest. RDA-6 (1-7).,1961,729211,https://imslp.org/images/4/44/PMLP1607-14.01._Symphony_No._9_In_D_Major%2C_Op._125_%28%22Choral%22%29-_Fourth_Movement_-_Presto%3B_Allegro_Ma_Non_Troppo%3B_Allegro_Assai%3B_Presto%3B_Allegro_Assai_Vivace%2C_Alla_Marcia%3B_Andante_Maestoso%3B_Allegro_Energico_Sempre_Ben_Marcato%3B_Allegro_Ma_Non....mp3,MarkGotham/Hauptstimme,v4.7.3,human_performance_note_onset_aligned_strong_match,Repository alignment maps score onset positions to timestamps in this specific IMSLP audio file,False,True,False,Metadata and source URL only; review IMSLP file-page rights before downloading or redistributing audio
hauptstimme-audio-8e166de97cfb4687ba00,71,Presto,"Beethoven, Ludwig van","Symphony No.9, Op.125",4,"Beethoven,_Ludwig_van/Symphony_No.9,_Op.125/4","data/Beethoven,_Ludwig_van/Symphony_No.9,_Op.125/4/Beethoven_Op.125_4.mscz",7055e0c60a1d819ec21e455676aaca0106f0d251a17e311714a0de62434dca55,"data/Beethoven,_Ludwig_van/Symphony_No.9,_Op.125/4/Beethoven_Op.125_4.mxl",42ee9e7ec4f863b84f6b3ec62c377f18e0ba80fec49affbf0edc94cc0ccd3fe7,"data/Beethoven,_Ludwig_van/Symphony_No.9,_Op.125/4/Beethoven_Op.125_4_alignment.csv",4e964c33c340811cd777461f7c8b640e9a8cc49d880b47040b03dd2f7ec26f51,5855,736780_tstamp,294,"Bayreuth Festival Orchestra, Bayreuth Festival Chorus, Wilhelm Furtwängler, Elisabeth Schwarzkopf, Elisabeth Höngen, Hans Hopf, Otto Edelmann",Seraphim. IB 6068.,1955,736780,https://imslp.org/images/a/a6/PMLP1607-04.01._4._Presto-Allegro_Ma_Non_Troppo-_Allegro_Assai_-_Presto.mp3,MarkGotham/Hauptstimme,v4.7.3,human_performance_note_onset_aligned_strong_match,Repository alignment maps score onset positions to timestamps in this specific IMSLP audio file,False,True,False,Metadata and source URL only; review IMSLP file-page rights before downloading or redistributing audio
hauptstimme-audio-dac84a8bea9211451ccf,73,"Selig sind, die la Leid tragen","Brahms, Johannes","Ein Deutsches Requiem, Op.45",1,"Brahms,_Johannes/Ein_Deutsches_Requiem,_Op.45/1","data/Brahms,_Johannes/Ein_Deutsches_Requiem,_Op.45/1/Brahms_Op.45_1.mscz",4eca1c275d7852b26c88ebfb7b16b8048eba427c3ef2bddbf5cfeed55f7a4df5,"data/Brahms,_Johannes/Ein_Deutsches_Requiem,_Op.45/1/Brahms_Op.45_1.mxl",d5bb531ecb6293bb65e26669559f505a49038033381caf2171bd099ee38cc208,"data/Brahms,_Johannes/Ein_Deutsches_Requiem,_Op.45/1/Brahms_Op.45_1_alignment.csv",8c14d44289769bc986c8f81478a9566c49baf124632e01d25348c32507750804,864,769749_tstamp,295,"Berliner Philharmoniker, Fritz Lehmann, Maria Stader, Otto Wiener, Chor der St. Hedwigs-Kathedrale, Berlin Motet Choir",Decca. DX 136.,1955,769749,https://imslp.org/images/8/8c/PMLP11297-01.01._I._Selig_sind%2C_die_da_Leid_tragen.mp3,MarkGotham/Hauptstimme,v4.7.3,human_performance_note_onset_aligned_strong_match,Repository alignment maps score onset positions to timestamps in this specific IMSLP audio file,False,True,False,Metadata and source URL only; review IMSLP file-page rights before downloading or redistributing audio
hauptstimme-audio-b6efd4d16eb9c58a27e0,75,Andante sostenuto,"Brahms, Johannes","Symphony No.1, Op.68",2,"Brahms,_Johannes/Symphony_No.1,_Op.68/2","data/Brahms,_Johannes/Symphony_No.1,_Op.68/2/Brahms_Op.68_2.mscz",da2e2d4ccb0ce8608802932cddaf34e192c7b2d7f5876aa8fdb12c22822243c0,"data/Brahms,_Johannes/Symphony_No.1,_Op.68/2/Brahms_Op.68_2.mxl",2985a781eb970b5917a464bc4fbbc008f45d32637468269618a02201db8706fa,"data/Brahms,_Johannes/Symphony_No.1,_Op.68/2/Brahms_Op.68_2_alignment.csv",5bc986921b1079678f0f3e6e4d1d39afeb0ff47636e799c534fc42981170cfee,1013,718690_tstamp,301,"New York Philharmonic, Bruno Walter",Philips. A 01625 R.,1953,718690,https://imslp.org/images/6/6f/PMLP1662-02_Bruno_Walter_PhSONY_-_Brahms_symph_no_1_mov_2.mp3,MarkGotham/Hauptstimme,v4.7.3,human_performance_note_onset_aligned_strong_match,Repository alignment maps score onset positions to timestamps in this specific IMSLP audio file,False,True,False,Metadata and source URL only; review IMSLP file-page rights before downloading or redistributing audio
hauptstimme-audio-78447491672b4b964809,75,Andante sostenuto,"Brahms, Johannes","Symphony No.1, Op.68",2,"Brahms,_Johannes/Symphony_No.1,_Op.68/2","data/Brahms,_Johannes/Symphony_No.1,_Op.68/2/Brahms_Op.68_2.mscz",da2e2d4ccb0ce8608802932cddaf34e192c7b2d7f5876aa8fdb12c22822243c0,"data/Brahms,_Johannes/Symphony_No.1,_Op.68/2/Brahms_Op.68_2.mxl",2985a781eb970b5917a464bc4fbbc008f45d32637468269618a02201db8706fa,"data/Brahms,_Johannes/Symphony_No.1,_Op.68/2/Brahms_Op.68_2_alignment.csv",5bc986921b1079678f0f3e6e4d1d39afeb0ff47636e799c534fc42981170cfee,1013,831992_tstamp,297,Czech National Symphony Orchestra,Musopen.,2012,831992,https://imslp.org/images/e/e6/PMLP1662-Symphony_No._1_in_C_Minor%2C_Op._68_-_II._Andante_sostenuto.flac,MarkGotham/Hauptstimme,v4.7.3,human_performance_note_onset_aligned_strong_match,Repository alignment maps score onset positions to timestamps in this specific IMSLP audio file,False,True,False,Metadata and source URL only; review IMSLP file-page rights before downloading or redistributing audio
hauptstimme-audio-b4561093983db79b75bd,76,Un poco Allegretto e grazioso,"Brahms, Johannes","Symphony No.1, Op.68",3,"Brahms,_Johannes/Symphony_No.1,_Op.68/3","data/Brahms,_Johannes/Symphony_No.1,_Op.68/3/Brahms_Op.68_3.mscz",8c0036f502c2d87f7fb9c2d13b72ed64aee4859124f126b549a078412e5f1a53,"data/Brahms,_Johannes/Symphony_No.1,_Op.68/3/Brahms_Op.68_3.mxl",441c4d657122707b6368a96cdabd69419edb297a1dd38c281196126006f0603f,"data/Brahms,_Johannes/Symphony_No.1,_Op.68/3/Brahms_Op.68_3_alignment.csv",c06419f2880e1e04886bd6db37116b24d7d09eb5fb2026facb734ad2636cd0ce,1288,718691_tstamp,302,"New York Philharmonic, Bruno Walter",Philips. A 01625 R.,1953,718691,https://imslp.org/images/5/52/PMLP1662-03_Bruno_Walter_PhSONY_-_Brahms_symph_no_1_mov_3.mp3,MarkGotham/Hauptstimme,v4.7.3,human_performance_note_onset_aligned_strong_match,Repository alignment maps score onset positions to timestamps in this specific IMSLP audio file,False,True,False,Metadata and source URL only; review IMSLP file-page rights before downloading or redistributing audio
hauptstimme-audio-364c3f98ac16eae77cf4,76,Un poco Allegretto e grazioso,"Brahms, Johannes","Symphony No.1, Op.68",3,"Brahms,_Johannes/Symphony_No.1,_Op.68/3","data/Brahms,_Johannes/Symphony_No.1,_Op.68/3/Brahms_Op.68_3.mscz",8c0036f502c2d87f7fb9c2d13b72ed64aee4859124f126b549a078412e5f1a53,"data/Brahms,_Johannes/Symphony_No.1,_Op.68/3/Brahms_Op.68_3.mxl",441c4d657122707b6368a96cdabd69419edb297a1dd38c281196126006f0603f,"data/Brahms,_Johannes/Symphony_No.1,_Op.68/3/Brahms_Op.68_3_alignment.csv",c06419f2880e1e04886bd6db37116b24d7d09eb5fb2026facb734ad2636cd0ce,1288,831991_tstamp,298,Czech National Symphony Orchestra,Musopen.,2012,831991,https://imslp.org/images/d/d7/PMLP1662-Symphony_No._1_in_C_Minor%2C_Op._68_-_III._Un_poco_allegretto_e_grazioso.flac,MarkGotham/Hauptstimme,v4.7.3,human_performance_note_onset_aligned_strong_match,Repository alignment maps score onset positions to timestamps in this specific IMSLP audio file,False,True,False,Metadata and source URL only; review IMSLP file-page rights before downloading or redistributing audio
hauptstimme-audio-dc027790fe54c7e0278e,77,Adagio - Piu Andante - Allegro non troppo ma con brio,"Brahms, Johannes","Symphony No.1, Op.68",4,"Brahms,_Johannes/Symphony_No.1,_Op.68/4","data/Brahms,_Johannes/Symphony_No.1,_Op.68/4/Brahms_Op.68_4.mscz",804e072b17b43c2f1f8947ef9bbd6f6a6236b4aed00552b889810ec785077840,"data/Brahms,_Johannes/Symphony_No.1,_Op.68/4/Brahms_Op.68_4.mxl",aabe18fb068c6f87e1f73815383da181df194082177bdd75c49f425d436762fb,"data/Brahms,_Johannes/Symphony_No.1,_Op.68/4/Brahms_Op.68_4_alignment.csv",01b4698abdc2b06cd3788bcc42b041cc47990bac0861afdb90407d815497b4fa,3525,718692_tstamp,303,"New York Philharmonic, Bruno Walter",Philips. A 01625 R.,1953,718692,https://imslp.org/images/c/c1/PMLP1662-04_Bruno_Walter_PhSONY_-_Brahms_symph_no_1_mov_4.mp3,MarkGotham/Hauptstimme,v4.7.3,human_performance_note_onset_aligned_strong_match,Repository alignment maps score onset positions to timestamps in this specific IMSLP audio file,False,True,False,Metadata and source URL only; review IMSLP file-page rights before downloading or redistributing audio
hauptstimme-audio-d539b0b2901447610382,77,Adagio - Piu Andante - Allegro non troppo ma con brio,"Brahms, Johannes","Symphony No.1, Op.68",4,"Brahms,_Johannes/Symphony_No.1,_Op.68/4","data/Brahms,_Johannes/Symphony_No.1,_Op.68/4/Brahms_Op.68_4.mscz",804e072b17b43c2f1f8947ef9bbd6f6a6236b4aed00552b889810ec785077840,"data/Brahms,_Johannes/Symphony_No.1,_Op.68/4/Brahms_Op.68_4.mxl",aabe18fb068c6f87e1f73815383da181df194082177bdd75c49f425d436762fb,"data/Brahms,_Johannes/Symphony_No.1,_Op.68/4/Brahms_Op.68_4_alignment.csv",01b4698abdc2b06cd3788bcc42b041cc47990bac0861afdb90407d815497b4fa,3525,831994_tstamp,299,Czech National Symphony Orchestra,Musopen.,2012,831994,https://imslp.org/images/c/ce/PMLP1662-Symphony_No._1_in_C_Minor%2C_Op._68_-_IV._Adagio_-_Pi%C3%B9_andante_-_Allegro_non_troppo%2C_ma_con_brio.flac,MarkGotham/Hauptstimme,v4.7.3,human_performance_note_onset_aligned_strong_match,Repository alignment maps score onset positions to timestamps in this specific IMSLP audio file,False,True,False,Metadata and source URL only; review IMSLP file-page rights before downloading or redistributing audio
hauptstimme-audio-68f5b8a9bc351f26d970,79,Adagio non troppo,"Brahms, Johannes","Symphony No.2, Op.73",2,"Brahms,_Johannes/Symphony_No.2,_Op.73/2","data/Brahms,_Johannes/Symphony_No.2,_Op.73/2/Brahms_Op.73_2.mscz",7888b97cbd27c8f755cf3e02ae777b4f530f3b3f91762e4c2f0e78a7a5c01dc8,"data/Brahms,_Johannes/Symphony_No.2,_Op.73/2/Brahms_Op.73_2.mxl",afc8402bdf426fc1b3f889e11f102cd676c24fb64fb6c9a3b13a4d4d1ddb1381,"data/Brahms,_Johannes/Symphony_No.2,_Op.73/2/Brahms_Op.73_2_alignment.csv",9e2d88f51545c22b10189fba1506e7e6734f592f978994b036fe10d2b254286f,1160,246959_tstamp,305,Czech National Symphony Orchestra,Palo Alto: Musopen.,2012,246959,https://imslp.org/images/7/7d/PMLP01697-Symphon_No._2_in_D_Major%2C_Op._73_-_II._Adagio_non_toppo.mp3,MarkGotham/Hauptstimme,v4.7.3,human_performance_note_onset_aligned_strong_match,Repository alignment maps score onset positions to timestamps in this specific IMSLP audio file,False,True,False,Metadata and source URL only; review IMSLP file-page rights before downloading or redistributing audio
hauptstimme-audio-2a7ad07c26b0d6758e54,80,Allegretto grazioso (quasi andantino),"Brahms, Johannes","Symphony No.2, Op.73",3,"Brahms,_Johannes/Symphony_No.2,_Op.73/3","data/Brahms,_Johannes/Symphony_No.2,_Op.73/3/Brahms_Op.73_3.mscz",cfb9cff13199180c4bffd5c5395f7dfd938cf8d72100ebc4e6d99ffd7d93065c,"data/Brahms,_Johannes/Symphony_No.2,_Op.73/3/Brahms_Op.73_3.mxl",01e1ddbce71dca57d607b716d494bfcc6a6c933ab8a1ad139ac7c5192042abc8,"data/Brahms,_Johannes/Symphony_No.2,_Op.73/3/Brahms_Op.73_3_alignment.csv",78ec589aedd912eb37333530089d31db598051276cf4aff31bbde290be758fc7,1054,246960_tstamp,306,Czech National Symphony Orchestra,Palo Alto: Musopen.,2012,246960,https://imslp.org/images/a/a7/PMLP01697-Symphon_No._2_in_D_Major%2C_Op._73_-_III._Allegretto_Grazioso_%28take_1%29.mp3,MarkGotham/Hauptstimme,v4.7.3,human_performance_note_onset_aligned_strong_match,Repository alignment maps score onset positions to timestamps in this specific IMSLP audio file,False,True,False,Metadata and source URL only; review IMSLP file-page rights before downloading or redistributing audio
hauptstimme-audio-5c243a36bddf7f3f787e,81,Allegro con spirito,"Brahms, Johannes","Symphony No.2, Op.73",4,"Brahms,_Johannes/Symphony_No.2,_Op.73/4","data/Brahms,_Johannes/Symphony_No.2,_Op.73/4/Brahms_Op.73_4.mscz",f48119e69269c4a35ed00365ff1f9eef1b59755a58600e91ab45bd8e488e1612,"data/Brahms,_Johannes/Symphony_No.2,_Op.73/4/Brahms_Op.73_4.mxl",9cdfd35659aeaf0068efb3872e114d1d39cf4b2f7f07cdb9f234564f2b12fb5f,"data/Brahms,_Johannes/Symphony_No.2,_Op.73/4/Brahms_Op.73_4_alignment.csv",cac79e8174542429ce9daf2d86be928935322bf2bf3218fc79c512d8f6febb89,2756,246961_tstamp,307,Czech National Symphony Orchestra,Palo Alto: Musopen.,2012,246961,https://imslp.org/images/b/b0/PMLP01697-Symphon_No._2_in_D_Major%2C_Op._73_-_IV._Allegro_Con_Spirito.mp3,MarkGotham/Hauptstimme,v4.7.3,human_performance_note_onset_aligned_strong_match,Repository alignment maps score onset positions to timestamps in this specific IMSLP audio file,False,True,False,Metadata and source URL only; review IMSLP file-page rights before downloading or redistributing audio
hauptstimme-audio-e60964ceffdc3ecf0ebb,86,Allegro non troppo,"Brahms, Johannes","Symphony No.4, Op.98",1,"Brahms,_Johannes/Symphony_No.4,_Op.98/1","data/Brahms,_Johannes/Symphony_No.4,_Op.98/1/Brahms_Op.98_1.mscz",1fcafc2b2068597a9433a546694855dad676ab8077781819d26b8ecaacd49df4,"data/Brahms,_Johannes/Symphony_No.4,_Op.98/1/Brahms_Op.98_1.mxl",d97637c4b1e9f130a49754c93e8e8fa174d9a474eab64db4978c5af8ea11cb09,"data/Brahms,_Johannes/Symphony_No.4,_Op.98/1/Brahms_Op.98_1_alignment.csv",c02d9446fb2b3b86aec1cf77c248f9f652b9bbcb898b17cce10926df93117958,2886,246966_tstamp,308,Czech National Symphony Orchestra,Palo Alto: Musopen.,2012,246966,https://imslp.org/images/1/12/PMLP01617-Symphony_No._4_in_E_Minor%2C_Op._98_-_I._Allegro_Non_Troppo.mp3,MarkGotham/Hauptstimme,v4.7.3,human_performance_note_onset_aligned_strong_match,Repository alignment maps score onset positions to timestamps in this specific IMSLP audio file,False,True,False,Metadata and source URL only; review IMSLP file-page rights before downloading or redistributing audio
hauptstimme-audio-a2caea4844d7e6a8465c,88,Allegro giocoso,"Brahms, Johannes","Symphony No.4, Op.98",3,"Brahms,_Johannes/Symphony_No.4,_Op.98/3","data/Brahms,_Johannes/Symphony_No.4,_Op.98/3/Brahms_Op.98_3.mscz",29ac9c60087c9679b4cb476b6d4898d2a1579ac93c40d6fb18f685ecefd34ce2,"data/Brahms,_Johannes/Symphony_No.4,_Op.98/3/Brahms_Op.98_3.mxl",bc130f8c3b9245572c96865a404c4f1c3d7c63e5c8554d8fb7a826ffe18ce889,"data/Brahms,_Johannes/Symphony_No.4,_Op.98/3/Brahms_Op.98_3_alignment.csv",f66b285cd4744cb7a16ea1ecdf5c054077d9028ca7e837ffea0dff03e377837f,1749,246968_tstamp,310,Czech National Symphony Orchestra,Palo Alto: Musopen.,2012,246968,https://imslp.org/images/9/9a/PMLP01617-Symphony_No._4_in_E_Minor%2C_Op._98_-_III._Allegro_Giocoso.mp3,MarkGotham/Hauptstimme,v4.7.3,human_performance_note_onset_aligned_strong_match,Repository alignment maps score onset positions to timestamps in this specific IMSLP audio file,False,True,False,Metadata and source URL only; review IMSLP file-page rights before downloading or redistributing audio
hauptstimme-audio-89bda669ec38128c1c99,89,Allegro energico e passionato,"Brahms, Johannes","Symphony No.4, Op.98",4,"Brahms,_Johannes/Symphony_No.4,_Op.98/4","data/Brahms,_Johannes/Symphony_No.4,_Op.98/4/Brahms_Op.98_4.mscz",feb782b09267a89c2c353f637b5aca37e4bd58df3ab0764f89c97309317ff95a,"data/Brahms,_Johannes/Symphony_No.4,_Op.98/4/Brahms_Op.98_4.mxl",6a293d53c12b84f5436a211a1d14280c290597a42b8676e3f5cdc61dfb201406,"data/Brahms,_Johannes/Symphony_No.4,_Op.98/4/Brahms_Op.98_4_alignment.csv",4cb2e005be065b0f3ee965f39b299bee3c8a56a0cef6572ce388f518507e78e4,1992,246969_tstamp,311,Czech National Symphony Orchestra,Palo Alto: Musopen.,2012,246969,https://imslp.org/images/0/09/PMLP01617-Symphony_No._4_in_E_Minor%2C_Op._98_-_IV._Allegro_Energico_e_Passionato.mp3,MarkGotham/Hauptstimme,v4.7.3,human_performance_note_onset_aligned_strong_match,Repository alignment maps score onset positions to timestamps in this specific IMSLP audio file,False,True,False,Metadata and source URL only; review IMSLP file-page rights before downloading or redistributing audio
