record_id,track_name,score_member_path,score_sha256,score_bytes,note_events,instrument_programs,start_seconds,end_seconds,metadata_member_paths,metadata_duration_seconds,metadata_sources,source,source_doi,source_url,score_representation,origin_relation,score_audio_pair_class,human_performance_claim,printable_engraved_score_claim,audio_binary_mirrored,rights_note
synthsod-score-67a8cf517274c17b5f97,18_2_sketches_orch,SynthSOD_aligned_scores/SynthSOD_score_data/18_2_sketches_orch.txt,f4a59c749c216f06cd935d2df58fc7e2cfcdc48c6ebc70ad7927787210a5225d,11519,398,"{""40"":341,""41"":15,""42"":42}",1.527302,124.746077,SynthSOD_aligned_scores/SynthSOD_metadata_aligned_all.json|SynthSOD_aligned_scores/SynthSOD_metadata_aligned_test.json,124.9518820861678,,SynthSOD aligned scores v2,10.5281/zenodo.15575778,https://zenodo.org/records/15575778,"tab-separated note events: onset, offset, MIDI pitch, MIDI instrument",Derived from the original MIDI used to synthesize the SynthSOD audio and aligned to that audio; v2 removes notes absent from the render,midi_derived_note_score_aligned_to_synthetic_orchestra_audio,False,False,False,Metadata only in this repository; source dataset terms apply
synthsod-score-4e69ef0e78cfba61344a,adagio_fuga_546_orch,SynthSOD_aligned_scores/SynthSOD_score_data/adagio_fuga_546_orch.txt,84eadb3512cff3df909fffc5d9be6f04ddf0f42655922505bf7dc4a6d4846836,535154,18469,"{""40"":6110,""41"":3189,""42"":3081,""43"":6089}",2.078549,508.173560,SynthSOD_aligned_scores/SynthSOD_metadata_aligned_all.json|SynthSOD_aligned_scores/SynthSOD_metadata_aligned_train.json,509.62204081632655,,SynthSOD aligned scores v2,10.5281/zenodo.15575778,https://zenodo.org/records/15575778,"tab-separated note events: onset, offset, MIDI pitch, MIDI instrument",Derived from the original MIDI used to synthesize the SynthSOD audio and aligned to that audio; v2 removes notes absent from the render,midi_derived_note_score_aligned_to_synthetic_orchestra_audio,False,False,False,Metadata only in this repository; source dataset terms apply
synthsod-score-c97ef1c3f72e1acbd41a,adagio_lamentoso_on_b-a-c-h_orch,SynthSOD_aligned_scores/SynthSOD_score_data/adagio_lamentoso_on_b-a-c-h_orch.txt,d9bb14e426408d51463cecccf3f1903605ab3ad5d8cb8de6e3ae1bf7c24bbac1,157103,5475,"{""40"":2190,""41"":1187,""42"":2098}",0.084036,357.272154,SynthSOD_aligned_scores/SynthSOD_metadata_aligned_all.json|SynthSOD_aligned_scores/SynthSOD_metadata_aligned_evaluation.json,357.4744897959184,,SynthSOD aligned scores v2,10.5281/zenodo.15575778,https://zenodo.org/records/15575778,"tab-separated note events: onset, offset, MIDI pitch, MIDI instrument",Derived from the original MIDI used to synthesize the SynthSOD audio and aligned to that audio; v2 removes notes absent from the render,midi_derived_note_score_aligned_to_synthetic_orchestra_audio,False,False,False,Metadata only in this repository; source dataset terms apply
synthsod-score-ae11c9974fbeaf2059dc,antiche_danze_liuto_3_orch,SynthSOD_aligned_scores/SynthSOD_score_data/antiche_danze_liuto_3_orch.txt,085f67344ac691c6a64a71cadb76e808aae91ee3c67154af898511058efa267c,136435,4749,"{""40"":700,""41"":616,""42"":1159,""43"":494,""46"":1361,""68"":283,""73"":136}",1.487211,329.930295,SynthSOD_aligned_scores/SynthSOD_metadata_aligned_all.json|SynthSOD_aligned_scores/SynthSOD_metadata_aligned_train.json,335.25097505668936,,SynthSOD aligned scores v2,10.5281/zenodo.15575778,https://zenodo.org/records/15575778,"tab-separated note events: onset, offset, MIDI pitch, MIDI instrument",Derived from the original MIDI used to synthesize the SynthSOD audio and aligned to that audio; v2 removes notes absent from the render,midi_derived_note_score_aligned_to_synthetic_orchestra_audio,False,False,False,Metadata only in this repository; source dataset terms apply
synthsod-score-11c43fa5158331043ed1,art_of_fugue_contrapunctum_10_orch,SynthSOD_aligned_scores/SynthSOD_score_data/art_of_fugue_contrapunctum_10_orch.txt,4ff7431d54265ec68962dd95921a19589c1834e19328128c38c79f074c492f4b,116671,4151,"{""40"":1798,""41"":863,""42"":1490}",4.734558,210.580272,SynthSOD_aligned_scores/SynthSOD_metadata_aligned_all.json|SynthSOD_aligned_scores/SynthSOD_metadata_aligned_evaluation.json,210.67122448979592,,SynthSOD aligned scores v2,10.5281/zenodo.15575778,https://zenodo.org/records/15575778,"tab-separated note events: onset, offset, MIDI pitch, MIDI instrument",Derived from the original MIDI used to synthesize the SynthSOD audio and aligned to that audio; v2 removes notes absent from the render,midi_derived_note_score_aligned_to_synthetic_orchestra_audio,False,False,False,Metadata only in this repository; source dataset terms apply
synthsod-score-6d5d011ea56bd8f6a012,art_of_fugue_contrapunctum_11_orch,SynthSOD_aligned_scores/SynthSOD_score_data/art_of_fugue_contrapunctum_11_orch.txt,dc839dcde2a1e3c22edbd33a7ed04b336ff9618bd067220d194c5cdc0797b693,116968,4044,"{""40"":1090,""41"":962,""42"":1992}",10.597823,409.620590,SynthSOD_aligned_scores/SynthSOD_metadata_aligned_all.json|SynthSOD_aligned_scores/SynthSOD_metadata_aligned_test.json,409.69489795918366,,SynthSOD aligned scores v2,10.5281/zenodo.15575778,https://zenodo.org/records/15575778,"tab-separated note events: onset, offset, MIDI pitch, MIDI instrument",Derived from the original MIDI used to synthesize the SynthSOD audio and aligned to that audio; v2 removes notes absent from the render,midi_derived_note_score_aligned_to_synthetic_orchestra_audio,False,False,False,Metadata only in this repository; source dataset terms apply
synthsod-score-672ff4029f6ff5e13950,art_of_fugue_contrapunctum_13_orch,SynthSOD_aligned_scores/SynthSOD_score_data/art_of_fugue_contrapunctum_13_orch.txt,c570ec92fcaa9bfc34e4b9c8a2e07d906a35f69d6af9ffd88fff7b4db700dc15,71548,2550,"{""40"":612,""41"":672,""42"":1266}",0.094059,169.136508,SynthSOD_aligned_scores/SynthSOD_metadata_aligned_all.json|SynthSOD_aligned_scores/SynthSOD_metadata_aligned_train.json,169.22489795918366,,SynthSOD aligned scores v2,10.5281/zenodo.15575778,https://zenodo.org/records/15575778,"tab-separated note events: onset, offset, MIDI pitch, MIDI instrument",Derived from the original MIDI used to synthesize the SynthSOD audio and aligned to that audio; v2 removes notes absent from the render,midi_derived_note_score_aligned_to_synthetic_orchestra_audio,False,False,False,Metadata only in this repository; source dataset terms apply
synthsod-score-b5ed449e12e223647e4d,art_of_fugue_contrapunctum_15_orch,SynthSOD_aligned_scores/SynthSOD_score_data/art_of_fugue_contrapunctum_15_orch.txt,0ebba2e33c326a5eca8aef8e0d06632b2bc16dc5eb1049e7362fce682c7de153,236869,8201,"{""40"":3281,""41"":1594,""42"":3326}",1.507256,456.787302,SynthSOD_aligned_scores/SynthSOD_metadata_aligned_all.json|SynthSOD_aligned_scores/SynthSOD_metadata_aligned_evaluation.json,456.8725396825397,,SynthSOD aligned scores v2,10.5281/zenodo.15575778,https://zenodo.org/records/15575778,"tab-separated note events: onset, offset, MIDI pitch, MIDI instrument",Derived from the original MIDI used to synthesize the SynthSOD audio and aligned to that audio; v2 removes notes absent from the render,midi_derived_note_score_aligned_to_synthetic_orchestra_audio,False,False,False,Metadata only in this repository; source dataset terms apply
synthsod-score-0d1ae2af1b02d0845d71,art_of_fugue_contrapunctum_1_orch,SynthSOD_aligned_scores/SynthSOD_score_data/art_of_fugue_contrapunctum_1_orch.txt,33b4d2c860e87721f550be5a2a2c55a7e1cabfbb562ac4efd162f7ff25c392f5,87549,3110,"{""40"":1295,""41"":574,""42"":1241}",8.703537,185.673923,SynthSOD_aligned_scores/SynthSOD_metadata_aligned_all.json|SynthSOD_aligned_scores/SynthSOD_metadata_aligned_test.json,185.75795918367348,,SynthSOD aligned scores v2,10.5281/zenodo.15575778,https://zenodo.org/records/15575778,"tab-separated note events: onset, offset, MIDI pitch, MIDI instrument",Derived from the original MIDI used to synthesize the SynthSOD audio and aligned to that audio; v2 removes notes absent from the render,midi_derived_note_score_aligned_to_synthetic_orchestra_audio,False,False,False,Metadata only in this repository; source dataset terms apply
synthsod-score-c4d0deceff6405dd784d,art_of_fugue_contrapunctum_3_orch,SynthSOD_aligned_scores/SynthSOD_score_data/art_of_fugue_contrapunctum_3_orch.txt,0199db1f90f4224e11593e677dc394dde993d3501b16e7d4d38915678daaf072,80266,2845,"{""40"":1187,""41"":542,""42"":1116}",0.314558,170.058594,SynthSOD_aligned_scores/SynthSOD_metadata_aligned_all.json|SynthSOD_aligned_scores/SynthSOD_metadata_aligned_test.json,170.1725850340136,,SynthSOD aligned scores v2,10.5281/zenodo.15575778,https://zenodo.org/records/15575778,"tab-separated note events: onset, offset, MIDI pitch, MIDI instrument",Derived from the original MIDI used to synthesize the SynthSOD audio and aligned to that audio; v2 removes notes absent from the render,midi_derived_note_score_aligned_to_synthetic_orchestra_audio,False,False,False,Metadata only in this repository; source dataset terms apply
synthsod-score-86a185744213b3296f30,art_of_fugue_contrapunctum_4_orch,SynthSOD_aligned_scores/SynthSOD_score_data/art_of_fugue_contrapunctum_4_orch.txt,4a9537b0127db57f246c866345f279a7e8db3eb1400481dd6efcf1d28c2c0f4d,168308,5898,"{""40"":2426,""41"":1194,""42"":2278}",0.084036,322.954512,SynthSOD_aligned_scores/SynthSOD_metadata_aligned_all.json|SynthSOD_aligned_scores/SynthSOD_metadata_aligned_train.json,323.1287074829932,,SynthSOD aligned scores v2,10.5281/zenodo.15575778,https://zenodo.org/records/15575778,"tab-separated note events: onset, offset, MIDI pitch, MIDI instrument",Derived from the original MIDI used to synthesize the SynthSOD audio and aligned to that audio; v2 removes notes absent from the render,midi_derived_note_score_aligned_to_synthetic_orchestra_audio,False,False,False,Metadata only in this repository; source dataset terms apply
synthsod-score-215c46cec4853b9cadda,art_of_fugue_contrapunctum_5_orch,SynthSOD_aligned_scores/SynthSOD_score_data/art_of_fugue_contrapunctum_5_orch.txt,f425ee289811f6b884a299999b9e08e0697e04963a34b0623db1a8b53d9bb2ab,76064,2731,"{""40"":671,""41"":620,""42"":1440}",6.037506,138.757778,SynthSOD_aligned_scores/SynthSOD_metadata_aligned_all.json|SynthSOD_aligned_scores/SynthSOD_metadata_aligned_evaluation.json,141.74467120181407,,SynthSOD aligned scores v2,10.5281/zenodo.15575778,https://zenodo.org/records/15575778,"tab-separated note events: onset, offset, MIDI pitch, MIDI instrument",Derived from the original MIDI used to synthesize the SynthSOD audio and aligned to that audio; v2 removes notes absent from the render,midi_derived_note_score_aligned_to_synthetic_orchestra_audio,False,False,False,Metadata only in this repository; source dataset terms apply
synthsod-score-caf7ccab2323c70df601,art_of_fugue_contrapunctum_6_orch,SynthSOD_aligned_scores/SynthSOD_score_data/art_of_fugue_contrapunctum_6_orch.txt,2fcf6afdb80321241885433c47469e8a93aaee0d3c16600f215aac2569c66b68,92824,3323,"{""40"":848,""41"":697,""42"":1778}",0.104082,172.103220,SynthSOD_aligned_scores/SynthSOD_metadata_aligned_all.json|SynthSOD_aligned_scores/SynthSOD_metadata_aligned_test.json,172.19732426303855,,SynthSOD aligned scores v2,10.5281/zenodo.15575778,https://zenodo.org/records/15575778,"tab-separated note events: onset, offset, MIDI pitch, MIDI instrument",Derived from the original MIDI used to synthesize the SynthSOD audio and aligned to that audio; v2 removes notes absent from the render,midi_derived_note_score_aligned_to_synthetic_orchestra_audio,False,False,False,Metadata only in this repository; source dataset terms apply
synthsod-score-2722a6df0a414c9a295f,art_of_fugue_contrapunctum_8_orch,SynthSOD_aligned_scores/SynthSOD_score_data/art_of_fugue_contrapunctum_8_orch.txt,537a4f4b5842eb4766e2e3b3dd2cfa08d2548a4b12b560fc2d7f19edcbdce987,175222,6137,"{""40"":1508,""41"":1548,""42"":3081}",1.126395,367.334921,SynthSOD_aligned_scores/SynthSOD_metadata_aligned_all.json|SynthSOD_aligned_scores/SynthSOD_metadata_aligned_test.json,367.43249433106575,,SynthSOD aligned scores v2,10.5281/zenodo.15575778,https://zenodo.org/records/15575778,"tab-separated note events: onset, offset, MIDI pitch, MIDI instrument",Derived from the original MIDI used to synthesize the SynthSOD audio and aligned to that audio; v2 removes notes absent from the render,midi_derived_note_score_aligned_to_synthetic_orchestra_audio,False,False,False,Metadata only in this repository; source dataset terms apply
synthsod-score-643568b118e3ad216b43,art_of_fugue_contrapunctum_9_orch,SynthSOD_aligned_scores/SynthSOD_score_data/art_of_fugue_contrapunctum_9_orch.txt,a7c1c807d42bb721f3cc306855d804c800cc5458e71604e265a1ce27ecf254c2,118392,4204,"{""40"":2018,""41"":894,""42"":1292}",3.601995,288.276054,SynthSOD_aligned_scores/SynthSOD_metadata_aligned_all.json|SynthSOD_aligned_scores/SynthSOD_metadata_aligned_train.json,288.36263038548753,,SynthSOD aligned scores v2,10.5281/zenodo.15575778,https://zenodo.org/records/15575778,"tab-separated note events: onset, offset, MIDI pitch, MIDI instrument",Derived from the original MIDI used to synthesize the SynthSOD audio and aligned to that audio; v2 removes notes absent from the render,midi_derived_note_score_aligned_to_synthetic_orchestra_audio,False,False,False,Metadata only in this repository; source dataset terms apply
synthsod-score-40eef73709f7e7f80d2d,ave_maria_orch,SynthSOD_aligned_scores/SynthSOD_score_data/ave_maria_orch.txt,b40631f7e4afd2d899bf7650b032f18241be0d634e766a87277aa3b8c0f1e888,22017,718,"{""40"":291,""41"":143,""42"":284}",0.104082,130.148299,SynthSOD_aligned_scores/SynthSOD_metadata_aligned_all.json|SynthSOD_aligned_scores/SynthSOD_metadata_aligned_test.json,130.24192743764172,,SynthSOD aligned scores v2,10.5281/zenodo.15575778,https://zenodo.org/records/15575778,"tab-separated note events: onset, offset, MIDI pitch, MIDI instrument",Derived from the original MIDI used to synthesize the SynthSOD audio and aligned to that audio; v2 removes notes absent from the render,midi_derived_note_score_aligned_to_synthetic_orchestra_audio,False,False,False,Metadata only in this repository; source dataset terms apply
synthsod-score-caa104078362baed66ac,away_in_a_manger_orch,SynthSOD_aligned_scores/SynthSOD_score_data/away_in_a_manger_orch.txt,abc5ea27158cf8ee56ab069a422bc6e4487c9ea1c715c4948ac37b347f63575a,21974,739,"{""56"":191,""57"":548}",4.874875,126.359728,SynthSOD_aligned_scores/SynthSOD_metadata_aligned_all.json|SynthSOD_aligned_scores/SynthSOD_metadata_aligned_train.json,126.45319727891156,,SynthSOD aligned scores v2,10.5281/zenodo.15575778,https://zenodo.org/records/15575778,"tab-separated note events: onset, offset, MIDI pitch, MIDI instrument",Derived from the original MIDI used to synthesize the SynthSOD audio and aligned to that audio; v2 removes notes absent from the render,midi_derived_note_score_aligned_to_synthetic_orchestra_audio,False,False,False,Metadata only in this repository; source dataset terms apply
synthsod-score-ca92be6b7cb059531b40,bassoon_concerto_299_1_orch,SynthSOD_aligned_scores/SynthSOD_score_data/bassoon_concerto_299_1_orch.txt,238a19b5267c0e43da3cbb86583ee5e4ddb056da80adee6fa5eb0797181b3992,840945,29354,"{""40"":6959,""41"":2744,""42"":2950,""43"":5978,""60"":2909,""68"":3489,""70"":4325}",2.138685,491.034785,SynthSOD_aligned_scores/SynthSOD_metadata_aligned_all.json|SynthSOD_aligned_scores/SynthSOD_metadata_aligned_train.json,491.12721088435376,,SynthSOD aligned scores v2,10.5281/zenodo.15575778,https://zenodo.org/records/15575778,"tab-separated note events: onset, offset, MIDI pitch, MIDI instrument",Derived from the original MIDI used to synthesize the SynthSOD audio and aligned to that audio; v2 removes notes absent from the render,midi_derived_note_score_aligned_to_synthetic_orchestra_audio,False,False,False,Metadata only in this repository; source dataset terms apply
synthsod-score-1ffcc7296f74f6dadd01,bassoon_concerto_299_3_orch,SynthSOD_aligned_scores/SynthSOD_score_data/bassoon_concerto_299_3_orch.txt,36b3c0feefcfd834a857330e39d2ce7778ad03ebfcc0ab622a3bb9ba5c4ce04f,417470,14442,"{""40"":3616,""41"":1518,""42"":1775,""43"":3603,""60"":795,""68"":904,""70"":2231}",1.727755,423.832744,SynthSOD_aligned_scores/SynthSOD_metadata_aligned_all.json|SynthSOD_aligned_scores/SynthSOD_metadata_aligned_train.json,424.014693877551,,SynthSOD aligned scores v2,10.5281/zenodo.15575778,https://zenodo.org/records/15575778,"tab-separated note events: onset, offset, MIDI pitch, MIDI instrument",Derived from the original MIDI used to synthesize the SynthSOD audio and aligned to that audio; v2 removes notes absent from the render,midi_derived_note_score_aligned_to_synthetic_orchestra_audio,False,False,False,Metadata only in this repository; source dataset terms apply
synthsod-score-8329be8fff6f0c8b5b04,canons_hea-61_orch,SynthSOD_aligned_scores/SynthSOD_score_data/canons_hea-61_orch.txt,46df5fb1698cb748b06f07b69b106663588a26612dcb7cc10b68f7e24d8538aa,13767,495,"{""68"":102,""69"":98,""70"":95,""71"":200}",2.299048,41.126893,SynthSOD_aligned_scores/SynthSOD_metadata_aligned_all.json|SynthSOD_aligned_scores/SynthSOD_metadata_aligned_train.json,41.856371882086165,,SynthSOD aligned scores v2,10.5281/zenodo.15575778,https://zenodo.org/records/15575778,"tab-separated note events: onset, offset, MIDI pitch, MIDI instrument",Derived from the original MIDI used to synthesize the SynthSOD audio and aligned to that audio; v2 removes notes absent from the render,midi_derived_note_score_aligned_to_synthetic_orchestra_audio,False,False,False,Metadata only in this repository; source dataset terms apply
synthsod-score-ba5e9251cae82350431e,canzon_a_4_orch,SynthSOD_aligned_scores/SynthSOD_score_data/canzon_a_4_orch.txt,d5722d833b3625fc6f3f0198cb75799d7275f47fa887c4a152879c6f41e291a9,29472,1096,"{""40"":485,""41"":221,""42"":390}",0.084036,64.559909,SynthSOD_aligned_scores/SynthSOD_metadata_aligned_all.json|SynthSOD_aligned_scores/SynthSOD_metadata_aligned_train.json,64.66179138321995,,SynthSOD aligned scores v2,10.5281/zenodo.15575778,https://zenodo.org/records/15575778,"tab-separated note events: onset, offset, MIDI pitch, MIDI instrument",Derived from the original MIDI used to synthesize the SynthSOD audio and aligned to that audio; v2 removes notes absent from the render,midi_derived_note_score_aligned_to_synthetic_orchestra_audio,False,False,False,Metadata only in this repository; source dataset terms apply
synthsod-score-c1817745008fb42d2e03,canzona_2_orch,SynthSOD_aligned_scores/SynthSOD_score_data/canzona_2_orch.txt,c950bf5fe134e361d220dd82772ea7a639fa49c2ba87247c79164cf7e0203478,8647,295,"{""56"":106,""57"":189}",1.146440,60.089796,SynthSOD_aligned_scores/SynthSOD_metadata_aligned_all.json|SynthSOD_aligned_scores/SynthSOD_metadata_aligned_train.json,60.166825396825395,,SynthSOD aligned scores v2,10.5281/zenodo.15575778,https://zenodo.org/records/15575778,"tab-separated note events: onset, offset, MIDI pitch, MIDI instrument",Derived from the original MIDI used to synthesize the SynthSOD audio and aligned to that audio; v2 removes notes absent from the render,midi_derived_note_score_aligned_to_synthetic_orchestra_audio,False,False,False,Metadata only in this repository; source dataset terms apply
synthsod-score-b3f01539a502c48eccf4,canzona_3_orch,SynthSOD_aligned_scores/SynthSOD_score_data/canzona_3_orch.txt,e554fe5a7a187147179ae5804b40e68c3561768672d59d81d1b55ee1d8fc513f,52368,1832,"{""56"":659,""57"":1173}",0.705442,96.311746,SynthSOD_aligned_scores/SynthSOD_metadata_aligned_all.json|SynthSOD_aligned_scores/SynthSOD_metadata_aligned_train.json,96.39149659863945,,SynthSOD aligned scores v2,10.5281/zenodo.15575778,https://zenodo.org/records/15575778,"tab-separated note events: onset, offset, MIDI pitch, MIDI instrument",Derived from the original MIDI used to synthesize the SynthSOD audio and aligned to that audio; v2 removes notes absent from the render,midi_derived_note_score_aligned_to_synthetic_orchestra_audio,False,False,False,Metadata only in this repository; source dataset terms apply
synthsod-score-5bf15ccddbac2160c721,canzona_4_orch,SynthSOD_aligned_scores/SynthSOD_score_data/canzona_4_orch.txt,c3f205eb33deb49b60a6daa3c2bceb0ae5fb631fc4d8e6a1abf152a97da194dc,43649,1552,"{""56"":568,""57"":984}",0.104082,78.701905,SynthSOD_aligned_scores/SynthSOD_metadata_aligned_all.json|SynthSOD_aligned_scores/SynthSOD_metadata_aligned_train.json,78.79775510204081,,SynthSOD aligned scores v2,10.5281/zenodo.15575778,https://zenodo.org/records/15575778,"tab-separated note events: onset, offset, MIDI pitch, MIDI instrument",Derived from the original MIDI used to synthesize the SynthSOD audio and aligned to that audio; v2 removes notes absent from the render,midi_derived_note_score_aligned_to_synthetic_orchestra_audio,False,False,False,Metadata only in this repository; source dataset terms apply
synthsod-score-63f83662e4fc59d856e4,canzona_5_orch,SynthSOD_aligned_scores/SynthSOD_score_data/canzona_5_orch.txt,de9ac66a060da92feef2394cfad8b2dd5d354ae87739b98c374f386e680a0e4c,70448,2335,"{""56"":873,""57"":1462}",0.104082,165.768889,SynthSOD_aligned_scores/SynthSOD_metadata_aligned_all.json|SynthSOD_aligned_scores/SynthSOD_metadata_aligned_train.json,175.01086167800455,,SynthSOD aligned scores v2,10.5281/zenodo.15575778,https://zenodo.org/records/15575778,"tab-separated note events: onset, offset, MIDI pitch, MIDI instrument",Derived from the original MIDI used to synthesize the SynthSOD audio and aligned to that audio; v2 removes notes absent from the render,midi_derived_note_score_aligned_to_synthetic_orchestra_audio,False,False,False,Metadata only in this repository; source dataset terms apply
synthsod-score-54a862222a9e47ffd291,canzona_adoramus_te_christe_orch,SynthSOD_aligned_scores/SynthSOD_score_data/canzona_adoramus_te_christe_orch.txt,4adc6c981573529a0b42155b43ebdf05f1883f0c0c5032232ba2b7a44959393e,32249,1163,"{""56"":371,""57"":792}",0.114104,116.026349,SynthSOD_aligned_scores/SynthSOD_metadata_aligned_all.json|SynthSOD_aligned_scores/SynthSOD_metadata_aligned_train.json,116.22204081632653,,SynthSOD aligned scores v2,10.5281/zenodo.15575778,https://zenodo.org/records/15575778,"tab-separated note events: onset, offset, MIDI pitch, MIDI instrument",Derived from the original MIDI used to synthesize the SynthSOD audio and aligned to that audio; v2 removes notes absent from the render,midi_derived_note_score_aligned_to_synthetic_orchestra_audio,False,False,False,Metadata only in this repository; source dataset terms apply
synthsod-score-ec313ae26b7eaf96812d,canzona_ave_maria_orch,SynthSOD_aligned_scores/SynthSOD_score_data/canzona_ave_maria_orch.txt,41a23d14383261f280bc7d7caf384937ce9b66d25606f5ae0962b7211edd0d7e,45973,1610,"{""56"":592,""57"":1018}",0.084036,102.776372,SynthSOD_aligned_scores/SynthSOD_metadata_aligned_all.json|SynthSOD_aligned_scores/SynthSOD_metadata_aligned_train.json,102.88027210884354,,SynthSOD aligned scores v2,10.5281/zenodo.15575778,https://zenodo.org/records/15575778,"tab-separated note events: onset, offset, MIDI pitch, MIDI instrument",Derived from the original MIDI used to synthesize the SynthSOD audio and aligned to that audio; v2 removes notes absent from the render,midi_derived_note_score_aligned_to_synthetic_orchestra_audio,False,False,False,Metadata only in this repository; source dataset terms apply
synthsod-score-4ae20b3c422558b9dbd1,canzona_caro_mea_orch,SynthSOD_aligned_scores/SynthSOD_score_data/canzona_caro_mea_orch.txt,a515d703779d37b9d19a247a157419154970257d46f17f1d1e230735ac93d6f2,54151,1866,"{""56"":574,""57"":1292}",0.124127,112.839138,SynthSOD_aligned_scores/SynthSOD_metadata_aligned_all.json|SynthSOD_aligned_scores/SynthSOD_metadata_aligned_train.json,112.92036281179138,,SynthSOD aligned scores v2,10.5281/zenodo.15575778,https://zenodo.org/records/15575778,"tab-separated note events: onset, offset, MIDI pitch, MIDI instrument",Derived from the original MIDI used to synthesize the SynthSOD audio and aligned to that audio; v2 removes notes absent from the render,midi_derived_note_score_aligned_to_synthetic_orchestra_audio,False,False,False,Metadata only in this repository; source dataset terms apply
synthsod-score-fe0d8840499512a939a8,canzona_dies_sanctificatus_orch,SynthSOD_aligned_scores/SynthSOD_score_data/canzona_dies_sanctificatus_orch.txt,f1e333bf5c566c1ac00fc20b308123d96f173265231965341e5bd08910d0267c,61440,2095,"{""56"":775,""57"":1320}",0.104082,197.671066,SynthSOD_aligned_scores/SynthSOD_metadata_aligned_all.json|SynthSOD_aligned_scores/SynthSOD_metadata_aligned_train.json,198.02065759637188,,SynthSOD aligned scores v2,10.5281/zenodo.15575778,https://zenodo.org/records/15575778,"tab-separated note events: onset, offset, MIDI pitch, MIDI instrument",Derived from the original MIDI used to synthesize the SynthSOD audio and aligned to that audio; v2 removes notes absent from the render,midi_derived_note_score_aligned_to_synthetic_orchestra_audio,False,False,False,Metadata only in this repository; source dataset terms apply
synthsod-score-cb163c7652e354a649d3,canzona_ein_maegdlein_jung_orch,SynthSOD_aligned_scores/SynthSOD_score_data/canzona_ein_maegdlein_jung_orch.txt,e4bb5cd2b92d473edd0f8551b530b7f77034b37e2fc0ce8a53bb70a523c435c5,18552,671,"{""56"":217,""57"":454}",0.114104,24.900181,SynthSOD_aligned_scores/SynthSOD_metadata_aligned_all.json|SynthSOD_aligned_scores/SynthSOD_metadata_aligned_train.json,25.015215419501132,,SynthSOD aligned scores v2,10.5281/zenodo.15575778,https://zenodo.org/records/15575778,"tab-separated note events: onset, offset, MIDI pitch, MIDI instrument",Derived from the original MIDI used to synthesize the SynthSOD audio and aligned to that audio; v2 removes notes absent from the render,midi_derived_note_score_aligned_to_synthetic_orchestra_audio,False,False,False,Metadata only in this repository; source dataset terms apply
synthsod-score-b60ad9703cac7ad02371,canzona_francese_orch,SynthSOD_aligned_scores/SynthSOD_score_data/canzona_francese_orch.txt,6de0abf69530ffecd7ebf116985a211288e90912e04724fc36b6f21a2b0fe4f7,29595,1053,"{""56"":345,""57"":708}",0.124127,71.335238,SynthSOD_aligned_scores/SynthSOD_metadata_aligned_all.json|SynthSOD_aligned_scores/SynthSOD_metadata_aligned_train.json,79.9390022675737,,SynthSOD aligned scores v2,10.5281/zenodo.15575778,https://zenodo.org/records/15575778,"tab-separated note events: onset, offset, MIDI pitch, MIDI instrument",Derived from the original MIDI used to synthesize the SynthSOD audio and aligned to that audio; v2 removes notes absent from the render,midi_derived_note_score_aligned_to_synthetic_orchestra_audio,False,False,False,Metadata only in this repository; source dataset terms apply
synthsod-score-2c65dbe6281b77cb66fb,canzona_gloria_orch,SynthSOD_aligned_scores/SynthSOD_score_data/canzona_gloria_orch.txt,31ddc5275c81458fd002c7cb8428513f214eec8128eb45de94f4c17d2faa197e,34981,1242,"{""56"":436,""57"":806}",0.124127,93.685805,SynthSOD_aligned_scores/SynthSOD_metadata_aligned_all.json|SynthSOD_aligned_scores/SynthSOD_metadata_aligned_train.json,93.76866213151928,,SynthSOD aligned scores v2,10.5281/zenodo.15575778,https://zenodo.org/records/15575778,"tab-separated note events: onset, offset, MIDI pitch, MIDI instrument",Derived from the original MIDI used to synthesize the SynthSOD audio and aligned to that audio; v2 removes notes absent from the render,midi_derived_note_score_aligned_to_synthetic_orchestra_audio,False,False,False,Metadata only in this repository; source dataset terms apply
synthsod-score-408611adc61751de79ff,canzona_haec_dies_orch,SynthSOD_aligned_scores/SynthSOD_score_data/canzona_haec_dies_orch.txt,c8a963cc0398215ec23f26d03f337765c2d03ce08f322552271e03c5e625340c,60329,2070,"{""56"":766,""57"":1304}",0.094059,159.093787,SynthSOD_aligned_scores/SynthSOD_metadata_aligned_all.json|SynthSOD_aligned_scores/SynthSOD_metadata_aligned_train.json,159.1878231292517,,SynthSOD aligned scores v2,10.5281/zenodo.15575778,https://zenodo.org/records/15575778,"tab-separated note events: onset, offset, MIDI pitch, MIDI instrument",Derived from the original MIDI used to synthesize the SynthSOD audio and aligned to that audio; v2 removes notes absent from the render,midi_derived_note_score_aligned_to_synthetic_orchestra_audio,False,False,False,Metadata only in this repository; source dataset terms apply
synthsod-score-3a569a3d8521edbe7f46,canzona_i_coralli_et_le_perle_orch,SynthSOD_aligned_scores/SynthSOD_score_data/canzona_i_coralli_et_le_perle_orch.txt,27275273c9ea412d9f50605f7513bbf0716d6c5e4b173465e043580db23f2e16,79472,2714,"{""56"":930,""57"":1784}",0.094059,196.368118,SynthSOD_aligned_scores/SynthSOD_metadata_aligned_all.json|SynthSOD_aligned_scores/SynthSOD_metadata_aligned_train.json,204.64138321995466,,SynthSOD aligned scores v2,10.5281/zenodo.15575778,https://zenodo.org/records/15575778,"tab-separated note events: onset, offset, MIDI pitch, MIDI instrument",Derived from the original MIDI used to synthesize the SynthSOD audio and aligned to that audio; v2 removes notes absent from the render,midi_derived_note_score_aligned_to_synthetic_orchestra_audio,False,False,False,Metadata only in this repository; source dataset terms apply
synthsod-score-3b95d895ea114780dda9,canzona_in_c_orch,SynthSOD_aligned_scores/SynthSOD_score_data/canzona_in_c_orch.txt,91134a11aa1516911dc14c119e025001e9d84c0278d5536c9519e3b8b85959cd,27217,996,"{""56"":358,""57"":638}",0.084036,48.122721,SynthSOD_aligned_scores/SynthSOD_metadata_aligned_all.json|SynthSOD_aligned_scores/SynthSOD_metadata_aligned_evaluation.json,48.1972335600907,,SynthSOD aligned scores v2,10.5281/zenodo.15575778,https://zenodo.org/records/15575778,"tab-separated note events: onset, offset, MIDI pitch, MIDI instrument",Derived from the original MIDI used to synthesize the SynthSOD audio and aligned to that audio; v2 removes notes absent from the render,midi_derived_note_score_aligned_to_synthetic_orchestra_audio,False,False,False,Metadata only in this repository; source dataset terms apply
synthsod-score-e0f86a1d471ddd71b754,canzona_in_f_orch,SynthSOD_aligned_scores/SynthSOD_score_data/canzona_in_f_orch.txt,fa012b098834e55dabac0d47111787709d7ad4f9528e4c5372ba9832fd175f95,47273,1581,"{""56"":523,""57"":1058}",0.094059,91.079909,SynthSOD_aligned_scores/SynthSOD_metadata_aligned_all.json|SynthSOD_aligned_scores/SynthSOD_metadata_aligned_train.json,91.16820861678005,,SynthSOD aligned scores v2,10.5281/zenodo.15575778,https://zenodo.org/records/15575778,"tab-separated note events: onset, offset, MIDI pitch, MIDI instrument",Derived from the original MIDI used to synthesize the SynthSOD audio and aligned to that audio; v2 removes notes absent from the render,midi_derived_note_score_aligned_to_synthetic_orchestra_audio,False,False,False,Metadata only in this repository; source dataset terms apply
synthsod-score-33429455a455b2553649,canzona_la_battera_orch,SynthSOD_aligned_scores/SynthSOD_score_data/canzona_la_battera_orch.txt,87a2f91010c0671a06cacddf38ad8b957b5d5437d1a3eed92d074af22e821f3f,73581,2630,"{""56"":880,""57"":1750}",0.094059,97.163673,SynthSOD_aligned_scores/SynthSOD_metadata_aligned_all.json|SynthSOD_aligned_scores/SynthSOD_metadata_aligned_train.json,97.25068027210884,,SynthSOD aligned scores v2,10.5281/zenodo.15575778,https://zenodo.org/records/15575778,"tab-separated note events: onset, offset, MIDI pitch, MIDI instrument",Derived from the original MIDI used to synthesize the SynthSOD audio and aligned to that audio; v2 removes notes absent from the render,midi_derived_note_score_aligned_to_synthetic_orchestra_audio,False,False,False,Metadata only in this repository; source dataset terms apply
synthsod-score-85ee62839dbc98155f05,canzona_la_cattarina_orch,SynthSOD_aligned_scores/SynthSOD_score_data/canzona_la_cattarina_orch.txt,30240e3083c41647ff33c3747ed045eb5cba7f107f01e44debb7f7ea898c87f3,182331,6203,"{""56"":1384,""57"":4819}",0.104082,296.254104,SynthSOD_aligned_scores/SynthSOD_metadata_aligned_all.json|SynthSOD_aligned_scores/SynthSOD_metadata_aligned_train.json,296.59099773242633,,SynthSOD aligned scores v2,10.5281/zenodo.15575778,https://zenodo.org/records/15575778,"tab-separated note events: onset, offset, MIDI pitch, MIDI instrument",Derived from the original MIDI used to synthesize the SynthSOD audio and aligned to that audio; v2 removes notes absent from the render,midi_derived_note_score_aligned_to_synthetic_orchestra_audio,False,False,False,Metadata only in this repository; source dataset terms apply
synthsod-score-213eecc81f3c43236782,canzona_la_fina_orch,SynthSOD_aligned_scores/SynthSOD_score_data/canzona_la_fina_orch.txt,b86442fb597e07de84a34036d73c9e1b7424f7dd1dcbf3671873dafc73a5aa99,69739,2480,"{""56"":822,""57"":1658}",0.114104,103.728526,SynthSOD_aligned_scores/SynthSOD_metadata_aligned_all.json|SynthSOD_aligned_scores/SynthSOD_metadata_aligned_test.json,104.08378684807256,,SynthSOD aligned scores v2,10.5281/zenodo.15575778,https://zenodo.org/records/15575778,"tab-separated note events: onset, offset, MIDI pitch, MIDI instrument",Derived from the original MIDI used to synthesize the SynthSOD audio and aligned to that audio; v2 removes notes absent from the render,midi_derived_note_score_aligned_to_synthetic_orchestra_audio,False,False,False,Metadata only in this repository; source dataset terms apply
synthsod-score-e56a789f471bd223f8e9,canzona_la_foresta_orch,SynthSOD_aligned_scores/SynthSOD_score_data/canzona_la_foresta_orch.txt,58202bf58affc65f36ea49e8351876e1d5550e28cf99716793199514fcf03233,76034,2639,"{""56"":931,""57"":1708}",7.931791,124.916463,SynthSOD_aligned_scores/SynthSOD_metadata_aligned_all.json|SynthSOD_aligned_scores/SynthSOD_metadata_aligned_evaluation.json,125.00131519274376,,SynthSOD aligned scores v2,10.5281/zenodo.15575778,https://zenodo.org/records/15575778,"tab-separated note events: onset, offset, MIDI pitch, MIDI instrument",Derived from the original MIDI used to synthesize the SynthSOD audio and aligned to that audio; v2 removes notes absent from the render,midi_derived_note_score_aligned_to_synthetic_orchestra_audio,False,False,False,Metadata only in this repository; source dataset terms apply
synthsod-score-d8cf1e0c1bfb45f18c2d,canzona_la_gonzaga_orch,SynthSOD_aligned_scores/SynthSOD_score_data/canzona_la_gonzaga_orch.txt,df2d9f86f28e4158ecf1d3df4d915738c3cc9f71c1f01809d31bd4ab26dccc62,97005,3366,"{""56"":1077,""57"":2289}",0.094059,135.971474,SynthSOD_aligned_scores/SynthSOD_metadata_aligned_all.json|SynthSOD_aligned_scores/SynthSOD_metadata_aligned_train.json,136.8241723356009,,SynthSOD aligned scores v2,10.5281/zenodo.15575778,https://zenodo.org/records/15575778,"tab-separated note events: onset, offset, MIDI pitch, MIDI instrument",Derived from the original MIDI used to synthesize the SynthSOD audio and aligned to that audio; v2 removes notes absent from the render,midi_derived_note_score_aligned_to_synthetic_orchestra_audio,False,False,False,Metadata only in this repository; source dataset terms apply
synthsod-score-455e917aeb92b0a8d964,canzona_la_strada_orch,SynthSOD_aligned_scores/SynthSOD_score_data/canzona_la_strada_orch.txt,6a1a501fdaec7243ef112c37ebd567581e61677b102916120822ae049390e7cc,223826,7601,"{""56"":2833,""57"":4768}",0.094059,312.961905,SynthSOD_aligned_scores/SynthSOD_metadata_aligned_all.json|SynthSOD_aligned_scores/SynthSOD_metadata_aligned_train.json,324.52707482993196,,SynthSOD aligned scores v2,10.5281/zenodo.15575778,https://zenodo.org/records/15575778,"tab-separated note events: onset, offset, MIDI pitch, MIDI instrument",Derived from the original MIDI used to synthesize the SynthSOD audio and aligned to that audio; v2 removes notes absent from the render,midi_derived_note_score_aligned_to_synthetic_orchestra_audio,False,False,False,Metadata only in this repository; source dataset terms apply
synthsod-score-cf4291ed594352f58b41,canzona_maria_maddalena_orch,SynthSOD_aligned_scores/SynthSOD_score_data/canzona_maria_maddalena_orch.txt,c40e9b16df3b2a29f47045336aad3beac2f3d789a454c0428bed9b595988d007,55710,1908,"{""56"":638,""57"":1270}",0.094059,152.528934,SynthSOD_aligned_scores/SynthSOD_metadata_aligned_all.json|SynthSOD_aligned_scores/SynthSOD_metadata_aligned_evaluation.json,152.62648526077098,,SynthSOD aligned scores v2,10.5281/zenodo.15575778,https://zenodo.org/records/15575778,"tab-separated note events: onset, offset, MIDI pitch, MIDI instrument",Derived from the original MIDI used to synthesize the SynthSOD audio and aligned to that audio; v2 removes notes absent from the render,midi_derived_note_score_aligned_to_synthetic_orchestra_audio,False,False,False,Metadata only in this repository; source dataset terms apply
synthsod-score-029d3b52627560225a39,canzona_nun_fanget_an_orch,SynthSOD_aligned_scores/SynthSOD_score_data/canzona_nun_fanget_an_orch.txt,a3e09396d1e92e7ce6fa2076954e94ee15658c9f3e0120873a92e019320ec3bc,18508,621,"{""56"":205,""57"":416}",8.483039,44.955556,SynthSOD_aligned_scores/SynthSOD_metadata_aligned_all.json|SynthSOD_aligned_scores/SynthSOD_metadata_aligned_train.json,80.48541950113379,,SynthSOD aligned scores v2,10.5281/zenodo.15575778,https://zenodo.org/records/15575778,"tab-separated note events: onset, offset, MIDI pitch, MIDI instrument",Derived from the original MIDI used to synthesize the SynthSOD audio and aligned to that audio; v2 removes notes absent from the render,midi_derived_note_score_aligned_to_synthetic_orchestra_audio,False,False,False,Metadata only in this repository; source dataset terms apply
synthsod-score-1d08d28332bb0b37e1bf,canzona_nun_schuerz_dich_orch,SynthSOD_aligned_scores/SynthSOD_score_data/canzona_nun_schuerz_dich_orch.txt,2dba29eebf334257f89f43c5039db8d8100a173ff4b0f4d6190b92639fbc6d93,29552,1059,"{""56"":411,""57"":648}",0.084036,53.274376,SynthSOD_aligned_scores/SynthSOD_metadata_aligned_all.json|SynthSOD_aligned_scores/SynthSOD_metadata_aligned_train.json,53.34984126984127,,SynthSOD aligned scores v2,10.5281/zenodo.15575778,https://zenodo.org/records/15575778,"tab-separated note events: onset, offset, MIDI pitch, MIDI instrument",Derived from the original MIDI used to synthesize the SynthSOD audio and aligned to that audio; v2 removes notes absent from the render,midi_derived_note_score_aligned_to_synthetic_orchestra_audio,False,False,False,Metadata only in this repository; source dataset terms apply
synthsod-score-2fb1b47d351e538a20ff,canzona_viri_galilaei_orch,SynthSOD_aligned_scores/SynthSOD_score_data/canzona_viri_galilaei_orch.txt,d623464b078645a1423878a61e319e06ed4234dc1fbc9fd588ad287a8ec2621e,39256,1417,"{""56"":483,""57"":934}",0.104082,100.270703,SynthSOD_aligned_scores/SynthSOD_metadata_aligned_all.json|SynthSOD_aligned_scores/SynthSOD_metadata_aligned_test.json,100.35324263038548,,SynthSOD aligned scores v2,10.5281/zenodo.15575778,https://zenodo.org/records/15575778,"tab-separated note events: onset, offset, MIDI pitch, MIDI instrument",Derived from the original MIDI used to synthesize the SynthSOD audio and aligned to that audio; v2 removes notes absent from the render,midi_derived_note_score_aligned_to_synthetic_orchestra_audio,False,False,False,Metadata only in this repository; source dataset terms apply
synthsod-score-b4270ace05e2c124bd30,canzoni_1_orch,SynthSOD_aligned_scores/SynthSOD_score_data/canzoni_1_orch.txt,49de8aef1b0e6484c34d8708454443015df820b229e820ffd93e6eb3ddba8199,69807,2438,"{""56"":1050,""57"":885,""60"":503}",0.084036,345.716009,SynthSOD_aligned_scores/SynthSOD_metadata_aligned_all.json|SynthSOD_aligned_scores/SynthSOD_metadata_aligned_train.json,345.942358276644,,SynthSOD aligned scores v2,10.5281/zenodo.15575778,https://zenodo.org/records/15575778,"tab-separated note events: onset, offset, MIDI pitch, MIDI instrument",Derived from the original MIDI used to synthesize the SynthSOD audio and aligned to that audio; v2 removes notes absent from the render,midi_derived_note_score_aligned_to_synthetic_orchestra_audio,False,False,False,Metadata only in this repository; source dataset terms apply
synthsod-score-a511fb1a3ad9ef9e30bc,canzoni_2_orch,SynthSOD_aligned_scores/SynthSOD_score_data/canzoni_2_orch.txt,2d4f1f33a9cf76d677f0b02c85044da5d631124992c9e46e9a1cbc79fb6ab853,120256,4225,"{""56"":1404,""57"":2821}",0.094059,135.520454,SynthSOD_aligned_scores/SynthSOD_metadata_aligned_all.json|SynthSOD_aligned_scores/SynthSOD_metadata_aligned_train.json,135.59843537414966,,SynthSOD aligned scores v2,10.5281/zenodo.15575778,https://zenodo.org/records/15575778,"tab-separated note events: onset, offset, MIDI pitch, MIDI instrument",Derived from the original MIDI used to synthesize the SynthSOD audio and aligned to that audio; v2 removes notes absent from the render,midi_derived_note_score_aligned_to_synthetic_orchestra_audio,False,False,False,Metadata only in this repository; source dataset terms apply
synthsod-score-426a547be98953b07b0f,canzoni_3_orch,SynthSOD_aligned_scores/SynthSOD_score_data/canzoni_3_orch.txt,a88c5fd25ad9998e1cb642119775d9fd5521cccb6ea9eb4a3cc6b2cbee52fa4c,80017,2904,"{""56"":1025,""57"":1879}",0.114104,99.839728,SynthSOD_aligned_scores/SynthSOD_metadata_aligned_all.json|SynthSOD_aligned_scores/SynthSOD_metadata_aligned_train.json,99.92916099773242,,SynthSOD aligned scores v2,10.5281/zenodo.15575778,https://zenodo.org/records/15575778,"tab-separated note events: onset, offset, MIDI pitch, MIDI instrument",Derived from the original MIDI used to synthesize the SynthSOD audio and aligned to that audio; v2 removes notes absent from the render,midi_derived_note_score_aligned_to_synthetic_orchestra_audio,False,False,False,Metadata only in this repository; source dataset terms apply
synthsod-score-fbe6736d5d0aa19d8e43,canzoni_per_sonare_19_orch,SynthSOD_aligned_scores/SynthSOD_score_data/canzoni_per_sonare_19_orch.txt,6171e2bc18fdd60adaec071293dade31eb3f6ff27c0e14ee1e231e86171855f5,70337,2446,"{""40"":769,""41"":793,""42"":884}",1.417052,202.020907,SynthSOD_aligned_scores/SynthSOD_metadata_aligned_all.json|SynthSOD_aligned_scores/SynthSOD_metadata_aligned_train.json,202.104126984127,,SynthSOD aligned scores v2,10.5281/zenodo.15575778,https://zenodo.org/records/15575778,"tab-separated note events: onset, offset, MIDI pitch, MIDI instrument",Derived from the original MIDI used to synthesize the SynthSOD audio and aligned to that audio; v2 removes notes absent from the render,midi_derived_note_score_aligned_to_synthetic_orchestra_audio,False,False,False,Metadata only in this repository; source dataset terms apply
synthsod-score-2e3df1b505eaa83d20f8,capriccio_in_c_orch,SynthSOD_aligned_scores/SynthSOD_score_data/capriccio_in_c_orch.txt,a8b6c91ce62870c84c5e74432e3939e07da7058bb8d829f7b65084926ae863fb,168511,5860,"{""56"":2056,""57"":3804}",0.104082,233.542222,SynthSOD_aligned_scores/SynthSOD_metadata_aligned_all.json|SynthSOD_aligned_scores/SynthSOD_metadata_aligned_train.json,245.43780045351474,,SynthSOD aligned scores v2,10.5281/zenodo.15575778,https://zenodo.org/records/15575778,"tab-separated note events: onset, offset, MIDI pitch, MIDI instrument",Derived from the original MIDI used to synthesize the SynthSOD audio and aligned to that audio; v2 removes notes absent from the render,midi_derived_note_score_aligned_to_synthetic_orchestra_audio,False,False,False,Metadata only in this repository; source dataset terms apply
synthsod-score-f9da8375376b198548b8,capriccio_in_f_orch,SynthSOD_aligned_scores/SynthSOD_score_data/capriccio_in_f_orch.txt,4d0c973672a48af993a1f5db6ee6fb81f9718ee9e1a6ef6394ae2e8d531666a8,93505,3284,"{""56"":1106,""57"":2178}",0.094059,139.309025,SynthSOD_aligned_scores/SynthSOD_metadata_aligned_all.json|SynthSOD_aligned_scores/SynthSOD_metadata_aligned_train.json,139.38419501133788,,SynthSOD aligned scores v2,10.5281/zenodo.15575778,https://zenodo.org/records/15575778,"tab-separated note events: onset, offset, MIDI pitch, MIDI instrument",Derived from the original MIDI used to synthesize the SynthSOD audio and aligned to that audio; v2 removes notes absent from the render,midi_derived_note_score_aligned_to_synthetic_orchestra_audio,False,False,False,Metadata only in this repository; source dataset terms apply
synthsod-score-e88122d7444fce954bb5,capriccio_in_g_orch,SynthSOD_aligned_scores/SynthSOD_score_data/capriccio_in_g_orch.txt,e1c013aea9fff15c9ab09cfd3ce8f4277f898d6e575ef28af1e4631503631c64,115311,4024,"{""56"":1400,""57"":2624}",0.084036,172.814830,SynthSOD_aligned_scores/SynthSOD_metadata_aligned_all.json|SynthSOD_aligned_scores/SynthSOD_metadata_aligned_train.json,172.90598639455783,,SynthSOD aligned scores v2,10.5281/zenodo.15575778,https://zenodo.org/records/15575778,"tab-separated note events: onset, offset, MIDI pitch, MIDI instrument",Derived from the original MIDI used to synthesize the SynthSOD audio and aligned to that audio; v2 removes notes absent from the render,midi_derived_note_score_aligned_to_synthetic_orchestra_audio,False,False,False,Metadata only in this repository; source dataset terms apply
synthsod-score-78c0e318954e0cf87024,chorale-preludes_1_orch,SynthSOD_aligned_scores/SynthSOD_score_data/chorale-preludes_1_orch.txt,ffc93cfa6863a77d063255797511c294d753ff33cfe551f0d97f920674329619,209208,7380,"{""40"":3350,""42"":3290,""56"":740}",0.094059,203.935238,SynthSOD_aligned_scores/SynthSOD_metadata_aligned_all.json|SynthSOD_aligned_scores/SynthSOD_metadata_aligned_train.json,222.15519274376416,,SynthSOD aligned scores v2,10.5281/zenodo.15575778,https://zenodo.org/records/15575778,"tab-separated note events: onset, offset, MIDI pitch, MIDI instrument",Derived from the original MIDI used to synthesize the SynthSOD audio and aligned to that audio; v2 removes notes absent from the render,midi_derived_note_score_aligned_to_synthetic_orchestra_audio,False,False,False,Metadata only in this repository; source dataset terms apply
synthsod-score-75826ec120fe1e61e51b,chorale-preludes_2_orch,SynthSOD_aligned_scores/SynthSOD_score_data/chorale-preludes_2_orch.txt,2bf704f1fe93df1198a39b71c924b4686319d5e1fc2d605a6e73570cc9b8a525,106496,3896,"{""40"":1647,""42"":1698,""56"":551}",0.104082,104.520317,SynthSOD_aligned_scores/SynthSOD_metadata_aligned_all.json|SynthSOD_aligned_scores/SynthSOD_metadata_aligned_test.json,120.6133560090703,,SynthSOD aligned scores v2,10.5281/zenodo.15575778,https://zenodo.org/records/15575778,"tab-separated note events: onset, offset, MIDI pitch, MIDI instrument",Derived from the original MIDI used to synthesize the SynthSOD audio and aligned to that audio; v2 removes notes absent from the render,midi_derived_note_score_aligned_to_synthetic_orchestra_audio,False,False,False,Metadata only in this repository; source dataset terms apply
synthsod-score-705507456c357957491a,chorale-preludes_3_orch,SynthSOD_aligned_scores/SynthSOD_score_data/chorale-preludes_3_orch.txt,fc20043849016d3f882666373f0ba070155f3cd3ec842bb6d87a9823a1c4a24a,186126,6451,"{""40"":2949,""42"":3015,""56"":487}",0.124127,281.310295,SynthSOD_aligned_scores/SynthSOD_metadata_aligned_all.json|SynthSOD_aligned_scores/SynthSOD_metadata_aligned_evaluation.json,281.41056689342406,,SynthSOD aligned scores v2,10.5281/zenodo.15575778,https://zenodo.org/records/15575778,"tab-separated note events: onset, offset, MIDI pitch, MIDI instrument",Derived from the original MIDI used to synthesize the SynthSOD audio and aligned to that audio; v2 removes notes absent from the render,midi_derived_note_score_aligned_to_synthetic_orchestra_audio,False,False,False,Metadata only in this repository; source dataset terms apply
synthsod-score-8b4d1c7ab3823b95510a,chorale-preludes_4_orch,SynthSOD_aligned_scores/SynthSOD_score_data/chorale-preludes_4_orch.txt,c90fdbcb1e947d134ab34e9114eb711513712123d1bffd3adb35c3c246edf43c,155965,5481,"{""40"":2489,""42"":2330,""56"":662}",0.304535,214.669524,SynthSOD_aligned_scores/SynthSOD_metadata_aligned_all.json|SynthSOD_aligned_scores/SynthSOD_metadata_aligned_test.json,214.76349206349207,,SynthSOD aligned scores v2,10.5281/zenodo.15575778,https://zenodo.org/records/15575778,"tab-separated note events: onset, offset, MIDI pitch, MIDI instrument",Derived from the original MIDI used to synthesize the SynthSOD audio and aligned to that audio; v2 removes notes absent from the render,midi_derived_note_score_aligned_to_synthetic_orchestra_audio,False,False,False,Metadata only in this repository; source dataset terms apply
synthsod-score-28e0bd07d0a84cff71cc,chorale-preludes_5_orch,SynthSOD_aligned_scores/SynthSOD_score_data/chorale-preludes_5_orch.txt,d04b55ed5f44601ce7aac02904015986954bad295d90cd25acd5fccb928effea,140128,4908,"{""40"":2167,""42"":2068,""56"":673}",0.114104,190.955873,SynthSOD_aligned_scores/SynthSOD_metadata_aligned_all.json|SynthSOD_aligned_scores/SynthSOD_metadata_aligned_train.json,191.20501133786848,,SynthSOD aligned scores v2,10.5281/zenodo.15575778,https://zenodo.org/records/15575778,"tab-separated note events: onset, offset, MIDI pitch, MIDI instrument",Derived from the original MIDI used to synthesize the SynthSOD audio and aligned to that audio; v2 removes notes absent from the render,midi_derived_note_score_aligned_to_synthetic_orchestra_audio,False,False,False,Metadata only in this repository; source dataset terms apply
synthsod-score-523deb8a1347d528818b,chorale-preludes_6_orch,SynthSOD_aligned_scores/SynthSOD_score_data/chorale-preludes_6_orch.txt,a3c7fcd04e2141d3dc6b1a1a4a90d22e341e91e6012dc85b3022d4126e971412,155228,5470,"{""40"":2489,""42"":2410,""56"":571}",0.244399,218.387937,SynthSOD_aligned_scores/SynthSOD_metadata_aligned_all.json|SynthSOD_aligned_scores/SynthSOD_metadata_aligned_test.json,218.47619047619048,,SynthSOD aligned scores v2,10.5281/zenodo.15575778,https://zenodo.org/records/15575778,"tab-separated note events: onset, offset, MIDI pitch, MIDI instrument",Derived from the original MIDI used to synthesize the SynthSOD audio and aligned to that audio; v2 removes notes absent from the render,midi_derived_note_score_aligned_to_synthetic_orchestra_audio,False,False,False,Metadata only in this repository; source dataset terms apply
synthsod-score-6f1c87c28efc7d84a67e,chorale-preludes_7_orch,SynthSOD_aligned_scores/SynthSOD_score_data/chorale-preludes_7_orch.txt,de7476f5d5961800f830877d7d91ef506c0aa54ad28e5b2567d41fce3410670f,166385,5803,"{""40"":2480,""42"":2770,""56"":553}",0.895873,164.886893,SynthSOD_aligned_scores/SynthSOD_metadata_aligned_all.json|SynthSOD_aligned_scores/SynthSOD_metadata_aligned_evaluation.json,164.9998185941043,,SynthSOD aligned scores v2,10.5281/zenodo.15575778,https://zenodo.org/records/15575778,"tab-separated note events: onset, offset, MIDI pitch, MIDI instrument",Derived from the original MIDI used to synthesize the SynthSOD audio and aligned to that audio; v2 removes notes absent from the render,midi_derived_note_score_aligned_to_synthetic_orchestra_audio,False,False,False,Metadata only in this repository; source dataset terms apply
synthsod-score-0d31425d102de14e7c56,chorale-preludes_8_orch,SynthSOD_aligned_scores/SynthSOD_score_data/chorale-preludes_8_orch.txt,9d04e4349533e4430bacd2bba0e935daf051b7b3d2d7dc420b7cd1e3935bdf79,152685,5329,"{""40"":2541,""42"":2449,""56"":339}",1.276735,185.703991,SynthSOD_aligned_scores/SynthSOD_metadata_aligned_all.json|SynthSOD_aligned_scores/SynthSOD_metadata_aligned_test.json,185.81324263038547,,SynthSOD aligned scores v2,10.5281/zenodo.15575778,https://zenodo.org/records/15575778,"tab-separated note events: onset, offset, MIDI pitch, MIDI instrument",Derived from the original MIDI used to synthesize the SynthSOD audio and aligned to that audio; v2 removes notes absent from the render,midi_derived_note_score_aligned_to_synthetic_orchestra_audio,False,False,False,Metadata only in this repository; source dataset terms apply
synthsod-score-51e50f6d18b5ed5402bf,chorales_wie_schoen_leuch-t_uns_orch,SynthSOD_aligned_scores/SynthSOD_score_data/chorales_wie_schoen_leuch-t_uns_orch.txt,1ddbe5f89bb5a8109358ef5f7e620c353141fa50314bd07b6b0665c2045b7711,9152,332,"{""56"":67,""57"":68,""58"":124,""60"":73}",0.104082,42.028934,SynthSOD_aligned_scores/SynthSOD_metadata_aligned_all.json|SynthSOD_aligned_scores/SynthSOD_metadata_aligned_train.json,42.11845804988662,,SynthSOD aligned scores v2,10.5281/zenodo.15575778,https://zenodo.org/records/15575778,"tab-separated note events: onset, offset, MIDI pitch, MIDI instrument",Derived from the original MIDI used to synthesize the SynthSOD audio and aligned to that audio; v2 removes notes absent from the render,midi_derived_note_score_aligned_to_synthetic_orchestra_audio,False,False,False,Metadata only in this repository; source dataset terms apply
synthsod-score-a50378621b7ea2d46318,coriolan_orch,SynthSOD_aligned_scores/SynthSOD_score_data/coriolan_orch.txt,1159fcb57029d9ab74cd5b196e7f90128246750f31f16ad77ec5864f8f8258c7,1666404,58267,"{""40"":4985,""41"":5216,""42"":4933,""43"":7654,""47"":973,""56"":3781,""60"":4836,""68"":6393,""70"":8068,""71"":5728,""73"":5700}",1.457143,452.437460,SynthSOD_aligned_scores/SynthSOD_metadata_aligned_all.json|SynthSOD_aligned_scores/SynthSOD_metadata_aligned_evaluation.json,454.3187755102041,,SynthSOD aligned scores v2,10.5281/zenodo.15575778,https://zenodo.org/records/15575778,"tab-separated note events: onset, offset, MIDI pitch, MIDI instrument",Derived from the original MIDI used to synthesize the SynthSOD audio and aligned to that audio; v2 removes notes absent from the render,midi_derived_note_score_aligned_to_synthetic_orchestra_audio,False,False,False,Metadata only in this repository; source dataset terms apply
synthsod-score-f089fdd04c397578c362,crucem_sanctam_orch,SynthSOD_aligned_scores/SynthSOD_score_data/crucem_sanctam_orch.txt,2825d2674989731662ce43abd7102606b46bd0bbcc909ef5e780ed6b5d0f91a9,10705,361,"{""40"":145,""41"":72,""42"":144}",0.084036,50.979184,SynthSOD_aligned_scores/SynthSOD_metadata_aligned_all.json|SynthSOD_aligned_scores/SynthSOD_metadata_aligned_train.json,51.07219954648526,,SynthSOD aligned scores v2,10.5281/zenodo.15575778,https://zenodo.org/records/15575778,"tab-separated note events: onset, offset, MIDI pitch, MIDI instrument",Derived from the original MIDI used to synthesize the SynthSOD audio and aligned to that audio; v2 removes notes absent from the render,midi_derived_note_score_aligned_to_synthetic_orchestra_audio,False,False,False,Metadata only in this repository; source dataset terms apply
synthsod-score-1d3a516901c09a57229b,da_jesus_an_dem_kreuze_stundt_orch,SynthSOD_aligned_scores/SynthSOD_score_data/da_jesus_an_dem_kreuze_stundt_orch.txt,8be0e537113c43d131515620e5fc176d25b21ce75acbe8a40563eae8e5213683,28248,992,"{""56"":171,""57"":215,""58"":386,""60"":220}",2.800181,154.753968,SynthSOD_aligned_scores/SynthSOD_metadata_aligned_all.json|SynthSOD_aligned_scores/SynthSOD_metadata_aligned_train.json,154.8481632653061,,SynthSOD aligned scores v2,10.5281/zenodo.15575778,https://zenodo.org/records/15575778,"tab-separated note events: onset, offset, MIDI pitch, MIDI instrument",Derived from the original MIDI used to synthesize the SynthSOD audio and aligned to that audio; v2 removes notes absent from the render,midi_derived_note_score_aligned_to_synthetic_orchestra_audio,False,False,False,Metadata only in this repository; source dataset terms apply
synthsod-score-86219faa45be8b83561e,dances_1_orch,SynthSOD_aligned_scores/SynthSOD_score_data/dances_1_orch.txt,12e2bd062052f0a20b4ccc92ab40f027d4cbffcefa51e6c74cef67845bb7682a,14462,514,"{""56"":201,""57"":313}",0.174240,36.165669,SynthSOD_aligned_scores/SynthSOD_metadata_aligned_all.json|SynthSOD_aligned_scores/SynthSOD_metadata_aligned_train.json,36.42786848072562,,SynthSOD aligned scores v2,10.5281/zenodo.15575778,https://zenodo.org/records/15575778,"tab-separated note events: onset, offset, MIDI pitch, MIDI instrument",Derived from the original MIDI used to synthesize the SynthSOD audio and aligned to that audio; v2 removes notes absent from the render,midi_derived_note_score_aligned_to_synthetic_orchestra_audio,False,False,False,Metadata only in this repository; source dataset terms apply
synthsod-score-ddac2b6a360d8b357d3a,dances_2_orch,SynthSOD_aligned_scores/SynthSOD_score_data/dances_2_orch.txt,6d686f9fe1ba58aeb3605ea8be622c58babf85afcb595d7949359641abba71a3,23725,858,"{""47"":102,""56"":314,""57"":442}",0.104082,46.038005,SynthSOD_aligned_scores/SynthSOD_metadata_aligned_all.json|SynthSOD_aligned_scores/SynthSOD_metadata_aligned_train.json,46.132993197278914,,SynthSOD aligned scores v2,10.5281/zenodo.15575778,https://zenodo.org/records/15575778,"tab-separated note events: onset, offset, MIDI pitch, MIDI instrument",Derived from the original MIDI used to synthesize the SynthSOD audio and aligned to that audio; v2 removes notes absent from the render,midi_derived_note_score_aligned_to_synthetic_orchestra_audio,False,False,False,Metadata only in this repository; source dataset terms apply
synthsod-score-a671f7088ffaefeead75,dances_3_orch,SynthSOD_aligned_scores/SynthSOD_score_data/dances_3_orch.txt,f77cca80a18ac525288a9870ee3e47afea8a0ffc8a78d1b5faf4c7b69f2b67d3,34670,1271,"{""47"":94,""56"":496,""57"":681}",0.124127,58.526259,SynthSOD_aligned_scores/SynthSOD_metadata_aligned_all.json|SynthSOD_aligned_scores/SynthSOD_metadata_aligned_train.json,59.66362811791383,,SynthSOD aligned scores v2,10.5281/zenodo.15575778,https://zenodo.org/records/15575778,"tab-separated note events: onset, offset, MIDI pitch, MIDI instrument",Derived from the original MIDI used to synthesize the SynthSOD audio and aligned to that audio; v2 removes notes absent from the render,midi_derived_note_score_aligned_to_synthetic_orchestra_audio,False,False,False,Metadata only in this repository; source dataset terms apply
synthsod-score-aa606304ad9d9db4d00c,die_zauber_floete_620_0_orch,SynthSOD_aligned_scores/SynthSOD_score_data/die_zauber_floete_620_0_orch.txt,46e8a270431264d81c42a012ff5d1156d6ed2b3b48696b6827670d417e3559e1,839580,29070,"{""40"":4130,""41"":3578,""42"":3148,""43"":2555,""47"":254,""56"":1297,""57"":2471,""60"":2054,""68"":2639,""70"":1990,""71"":2651,""73"":2303}",0.104082,328.456961,SynthSOD_aligned_scores/SynthSOD_metadata_aligned_all.json|SynthSOD_aligned_scores/SynthSOD_metadata_aligned_train.json,331.05773242630386,,SynthSOD aligned scores v2,10.5281/zenodo.15575778,https://zenodo.org/records/15575778,"tab-separated note events: onset, offset, MIDI pitch, MIDI instrument",Derived from the original MIDI used to synthesize the SynthSOD audio and aligned to that audio; v2 removes notes absent from the render,midi_derived_note_score_aligned_to_synthetic_orchestra_audio,False,False,False,Metadata only in this repository; source dataset terms apply
synthsod-score-0626a56355631b068dd0,divertimento_252_1_orch,SynthSOD_aligned_scores/SynthSOD_score_data/divertimento_252_1_orch.txt,cb839ecfd27ca1636097436db95ffcab82db1e5a62c88a2ff7eace3a3b4bdb17,95416,3331,"{""60"":710,""68"":980,""70"":1641}",1.126395,246.561678,SynthSOD_aligned_scores/SynthSOD_metadata_aligned_all.json|SynthSOD_aligned_scores/SynthSOD_metadata_aligned_evaluation.json,246.65242630385487,,SynthSOD aligned scores v2,10.5281/zenodo.15575778,https://zenodo.org/records/15575778,"tab-separated note events: onset, offset, MIDI pitch, MIDI instrument",Derived from the original MIDI used to synthesize the SynthSOD audio and aligned to that audio; v2 removes notes absent from the render,midi_derived_note_score_aligned_to_synthetic_orchestra_audio,False,False,False,Metadata only in this repository; source dataset terms apply
synthsod-score-166c8c577d5994504c4c,divertimento_252_2_orch,SynthSOD_aligned_scores/SynthSOD_score_data/divertimento_252_2_orch.txt,17f45c5a99d405f75d81fa7fc14088269c0d1fdedf05fb8d1e6ac3c2db6954c2,105590,3729,"{""60"":970,""68"":975,""70"":1784}",0.204308,161.679637,SynthSOD_aligned_scores/SynthSOD_metadata_aligned_all.json|SynthSOD_aligned_scores/SynthSOD_metadata_aligned_test.json,162.80258503401362,,SynthSOD aligned scores v2,10.5281/zenodo.15575778,https://zenodo.org/records/15575778,"tab-separated note events: onset, offset, MIDI pitch, MIDI instrument",Derived from the original MIDI used to synthesize the SynthSOD audio and aligned to that audio; v2 removes notes absent from the render,midi_derived_note_score_aligned_to_synthetic_orchestra_audio,False,False,False,Metadata only in this repository; source dataset terms apply
synthsod-score-56a314347fd50a69c954,divertimento_252_3_orch,SynthSOD_aligned_scores/SynthSOD_score_data/divertimento_252_3_orch.txt,4bdb082b85d52bd925e288d6865b32e058e219ad2bb3a9662c7d4ea4de997b6f,123173,4399,"{""60"":844,""68"":1347,""70"":2208}",0.094059,221.555102,SynthSOD_aligned_scores/SynthSOD_metadata_aligned_all.json|SynthSOD_aligned_scores/SynthSOD_metadata_aligned_train.json,221.6346485260771,,SynthSOD aligned scores v2,10.5281/zenodo.15575778,https://zenodo.org/records/15575778,"tab-separated note events: onset, offset, MIDI pitch, MIDI instrument",Derived from the original MIDI used to synthesize the SynthSOD audio and aligned to that audio; v2 removes notes absent from the render,midi_derived_note_score_aligned_to_synthetic_orchestra_audio,False,False,False,Metadata only in this repository; source dataset terms apply
synthsod-score-5c8372eb9e2310d62fc9,divertimento_252_4_orch,SynthSOD_aligned_scores/SynthSOD_score_data/divertimento_252_4_orch.txt,6b46ad24e129076ed12e387d868ef355fd556f0100107e842bc4ae8f453dc124,99557,3564,"{""60"":961,""68"":950,""70"":1653}",0.515011,125.327392,SynthSOD_aligned_scores/SynthSOD_metadata_aligned_all.json|SynthSOD_aligned_scores/SynthSOD_metadata_aligned_test.json,125.40140589569161,,SynthSOD aligned scores v2,10.5281/zenodo.15575778,https://zenodo.org/records/15575778,"tab-separated note events: onset, offset, MIDI pitch, MIDI instrument",Derived from the original MIDI used to synthesize the SynthSOD audio and aligned to that audio; v2 removes notes absent from the render,midi_derived_note_score_aligned_to_synthetic_orchestra_audio,False,False,False,Metadata only in this repository; source dataset terms apply
synthsod-score-e52d88976fc68ca89275,divertimento_253_1_orch,SynthSOD_aligned_scores/SynthSOD_score_data/divertimento_253_1_orch.txt,00fcc2a978b6437503cdf3aaac58fe65c29d2a64e4cb38a7e6c6904730c942ac,412456,14400,"{""60"":2790,""68"":4038,""70"":7572}",0.084036,469.646395,SynthSOD_aligned_scores/SynthSOD_metadata_aligned_all.json|SynthSOD_aligned_scores/SynthSOD_metadata_aligned_evaluation.json,469.7224716553288,,SynthSOD aligned scores v2,10.5281/zenodo.15575778,https://zenodo.org/records/15575778,"tab-separated note events: onset, offset, MIDI pitch, MIDI instrument",Derived from the original MIDI used to synthesize the SynthSOD audio and aligned to that audio; v2 removes notes absent from the render,midi_derived_note_score_aligned_to_synthetic_orchestra_audio,False,False,False,Metadata only in this repository; source dataset terms apply
synthsod-score-7baaf690ae318a8b7320,divertimento_253_2_orch,SynthSOD_aligned_scores/SynthSOD_score_data/divertimento_253_2_orch.txt,10b10d027f77cc820398d9f48661ecdba559012a0c54eadb5d3881012355694f,79289,2828,"{""60"":590,""68"":834,""70"":1404}",0.084036,113.350295,SynthSOD_aligned_scores/SynthSOD_metadata_aligned_all.json|SynthSOD_aligned_scores/SynthSOD_metadata_aligned_test.json,120.30798185941043,,SynthSOD aligned scores v2,10.5281/zenodo.15575778,https://zenodo.org/records/15575778,"tab-separated note events: onset, offset, MIDI pitch, MIDI instrument",Derived from the original MIDI used to synthesize the SynthSOD audio and aligned to that audio; v2 removes notes absent from the render,midi_derived_note_score_aligned_to_synthetic_orchestra_audio,False,False,False,Metadata only in this repository; source dataset terms apply
synthsod-score-35e48530f276a5cb224d,divertimento_253_3_orch,SynthSOD_aligned_scores/SynthSOD_score_data/divertimento_253_3_orch.txt,b1c4046a9f2cb0155c85a03265843cc732cc75096138e63cc9963600c45e4874,92173,3289,"{""60"":568,""68"":845,""70"":1876}",0.094059,149.882948,SynthSOD_aligned_scores/SynthSOD_metadata_aligned_all.json|SynthSOD_aligned_scores/SynthSOD_metadata_aligned_train.json,149.9746485260771,,SynthSOD aligned scores v2,10.5281/zenodo.15575778,https://zenodo.org/records/15575778,"tab-separated note events: onset, offset, MIDI pitch, MIDI instrument",Derived from the original MIDI used to synthesize the SynthSOD audio and aligned to that audio; v2 removes notes absent from the render,midi_derived_note_score_aligned_to_synthetic_orchestra_audio,False,False,False,Metadata only in this repository; source dataset terms apply
synthsod-score-f02337643ce9b8428e04,divertimento_270_1_orch,SynthSOD_aligned_scores/SynthSOD_score_data/divertimento_270_1_orch.txt,8ac1f9f91c075463032c688a9bb1f0f54b0d242d89f564a7360a2f8e72a4b4a2,321378,10999,"{""60"":2152,""68"":3084,""70"":5763}",0.084036,473.204444,SynthSOD_aligned_scores/SynthSOD_metadata_aligned_all.json|SynthSOD_aligned_scores/SynthSOD_metadata_aligned_test.json,473.2901360544218,,SynthSOD aligned scores v2,10.5281/zenodo.15575778,https://zenodo.org/records/15575778,"tab-separated note events: onset, offset, MIDI pitch, MIDI instrument",Derived from the original MIDI used to synthesize the SynthSOD audio and aligned to that audio; v2 removes notes absent from the render,midi_derived_note_score_aligned_to_synthetic_orchestra_audio,False,False,False,Metadata only in this repository; source dataset terms apply
synthsod-score-905dda7aab9efb7712b4,divertimento_270_2_orch,SynthSOD_aligned_scores/SynthSOD_score_data/divertimento_270_2_orch.txt,2b7042dc5464991fd68018b993bbd82d6ececae594629c2419a0e9993223f43d,81232,3035,"{""60"":588,""68"":860,""70"":1587}",0.084036,88.063084,SynthSOD_aligned_scores/SynthSOD_metadata_aligned_all.json|SynthSOD_aligned_scores/SynthSOD_metadata_aligned_train.json,88.14321995464853,,SynthSOD aligned scores v2,10.5281/zenodo.15575778,https://zenodo.org/records/15575778,"tab-separated note events: onset, offset, MIDI pitch, MIDI instrument",Derived from the original MIDI used to synthesize the SynthSOD audio and aligned to that audio; v2 removes notes absent from the render,midi_derived_note_score_aligned_to_synthetic_orchestra_audio,False,False,False,Metadata only in this repository; source dataset terms apply
synthsod-score-62921152f468215203f9,divertimento_270_3_orch,SynthSOD_aligned_scores/SynthSOD_score_data/divertimento_270_3_orch.txt,9217ccca57ce3fc0eed7348ad2b54fd612a6f56ddf9eed75f583d5093b484914,107704,3849,"{""60"":812,""68"":972,""70"":2065}",0.094059,138.016100,SynthSOD_aligned_scores/SynthSOD_metadata_aligned_all.json|SynthSOD_aligned_scores/SynthSOD_metadata_aligned_test.json,138.09294784580499,,SynthSOD aligned scores v2,10.5281/zenodo.15575778,https://zenodo.org/records/15575778,"tab-separated note events: onset, offset, MIDI pitch, MIDI instrument",Derived from the original MIDI used to synthesize the SynthSOD audio and aligned to that audio; v2 removes notes absent from the render,midi_derived_note_score_aligned_to_synthetic_orchestra_audio,False,False,False,Metadata only in this repository; source dataset terms apply
synthsod-score-7271c694ca3f89723ce4,divertimento_270_4_orch,SynthSOD_aligned_scores/SynthSOD_score_data/divertimento_270_4_orch.txt,6afc4b79ed9c54134a68e6b9d76935723b65e74e95a0dd7e1721e6fef15d82da,131796,4771,"{""60"":1116,""68"":1255,""70"":2400}",0.244399,128.344218,SynthSOD_aligned_scores/SynthSOD_metadata_aligned_all.json|SynthSOD_aligned_scores/SynthSOD_metadata_aligned_train.json,128.42650793650793,,SynthSOD aligned scores v2,10.5281/zenodo.15575778,https://zenodo.org/records/15575778,"tab-separated note events: onset, offset, MIDI pitch, MIDI instrument",Derived from the original MIDI used to synthesize the SynthSOD audio and aligned to that audio; v2 removes notes absent from the render,midi_derived_note_score_aligned_to_synthetic_orchestra_audio,False,False,False,Metadata only in this repository; source dataset terms apply
synthsod-score-f496701f6ce93e8510c4,divertimento_289_1_orch,SynthSOD_aligned_scores/SynthSOD_score_data/divertimento_289_1_orch.txt,11768347a26099998cbbcaa7957891a16b5bb080f2c6417f98cc1f57168e88e4,400284,13902,"{""60"":2367,""68"":3973,""70"":7562}",0.084036,437.954694,SynthSOD_aligned_scores/SynthSOD_metadata_aligned_all.json|SynthSOD_aligned_scores/SynthSOD_metadata_aligned_train.json,456.03916099773244,,SynthSOD aligned scores v2,10.5281/zenodo.15575778,https://zenodo.org/records/15575778,"tab-separated note events: onset, offset, MIDI pitch, MIDI instrument",Derived from the original MIDI used to synthesize the SynthSOD audio and aligned to that audio; v2 removes notes absent from the render,midi_derived_note_score_aligned_to_synthetic_orchestra_audio,False,False,False,Metadata only in this repository; source dataset terms apply
synthsod-score-49d666ea25a201c736bb,divertimento_289_2_orch,SynthSOD_aligned_scores/SynthSOD_score_data/divertimento_289_2_orch.txt,9f67ae322dc762ffd5ecf4395bbc3cd71c01cc4325ffad1de4eae4a322e57305,131811,4599,"{""60"":578,""68"":1463,""70"":2558}",0.124127,202.712472,SynthSOD_aligned_scores/SynthSOD_metadata_aligned_all.json|SynthSOD_aligned_scores/SynthSOD_metadata_aligned_train.json,202.78818594104308,,SynthSOD aligned scores v2,10.5281/zenodo.15575778,https://zenodo.org/records/15575778,"tab-separated note events: onset, offset, MIDI pitch, MIDI instrument",Derived from the original MIDI used to synthesize the SynthSOD audio and aligned to that audio; v2 removes notes absent from the render,midi_derived_note_score_aligned_to_synthetic_orchestra_audio,False,False,False,Metadata only in this repository; source dataset terms apply
synthsod-score-780eaf079209089a9df1,divertimento_289_3_orch,SynthSOD_aligned_scores/SynthSOD_score_data/divertimento_289_3_orch.txt,92247a98a37277468064ce16c0147e121ea4979261cdd4a451c25cf9fafc6672,189833,6706,"{""60"":1452,""68"":1916,""70"":3338}",0.084036,256.604399,SynthSOD_aligned_scores/SynthSOD_metadata_aligned_all.json|SynthSOD_aligned_scores/SynthSOD_metadata_aligned_train.json,256.698253968254,,SynthSOD aligned scores v2,10.5281/zenodo.15575778,https://zenodo.org/records/15575778,"tab-separated note events: onset, offset, MIDI pitch, MIDI instrument",Derived from the original MIDI used to synthesize the SynthSOD audio and aligned to that audio; v2 removes notes absent from the render,midi_derived_note_score_aligned_to_synthetic_orchestra_audio,False,False,False,Metadata only in this repository; source dataset terms apply
synthsod-score-405a0451cfc95840ba56,divertimento_289_4_orch,SynthSOD_aligned_scores/SynthSOD_score_data/divertimento_289_4_orch.txt,c8a658f4525e3949e74c55513d72763059b5bffaa30979b655ae87cee2d4f489,307172,10786,"{""60"":1973,""68"":2831,""70"":5982}",0.134150,294.630431,SynthSOD_aligned_scores/SynthSOD_metadata_aligned_all.json|SynthSOD_aligned_scores/SynthSOD_metadata_aligned_train.json,294.70696145124714,,SynthSOD aligned scores v2,10.5281/zenodo.15575778,https://zenodo.org/records/15575778,"tab-separated note events: onset, offset, MIDI pitch, MIDI instrument",Derived from the original MIDI used to synthesize the SynthSOD audio and aligned to that audio; v2 removes notes absent from the render,midi_derived_note_score_aligned_to_synthetic_orchestra_audio,False,False,False,Metadata only in this repository; source dataset terms apply
synthsod-score-b2432a497632326915cd,elegiac_melodies_34_2_orch,SynthSOD_aligned_scores/SynthSOD_score_data/elegiac_melodies_34_2_orch.txt,c4bf2a710871e656f9b647b2bc3c0296bd15f06c583fe592d9f22d617150bc89,97636,3411,"{""40"":954,""41"":1074,""42"":634,""43"":749}",1.076281,276.329025,SynthSOD_aligned_scores/SynthSOD_metadata_aligned_all.json|SynthSOD_aligned_scores/SynthSOD_metadata_aligned_train.json,276.6452607709751,,SynthSOD aligned scores v2,10.5281/zenodo.15575778,https://zenodo.org/records/15575778,"tab-separated note events: onset, offset, MIDI pitch, MIDI instrument",Derived from the original MIDI used to synthesize the SynthSOD audio and aligned to that audio; v2 removes notes absent from the render,midi_derived_note_score_aligned_to_synthetic_orchestra_audio,False,False,False,Metadata only in this repository; source dataset terms apply
synthsod-score-e7466ef1bcf0a4c3e0b0,escenas_andaluzas_2_orch,SynthSOD_aligned_scores/SynthSOD_score_data/escenas_andaluzas_2_orch.txt,c5e6ea4aea0ba726b567b45588805c70dfaf813ccd62e226d5cffcf05383fa22,757282,26694,"{""0"":2121,""40"":2272,""41"":2233,""42"":2463,""43"":347,""46"":6143,""60"":1801,""68"":2220,""70"":2830,""71"":3183,""72"":187,""73"":894}",0.755556,246.992653,SynthSOD_aligned_scores/SynthSOD_metadata_aligned_all.json|SynthSOD_aligned_scores/SynthSOD_metadata_aligned_test.json,247.28501133786847,,SynthSOD aligned scores v2,10.5281/zenodo.15575778,https://zenodo.org/records/15575778,"tab-separated note events: onset, offset, MIDI pitch, MIDI instrument",Derived from the original MIDI used to synthesize the SynthSOD audio and aligned to that audio; v2 removes notes absent from the render,midi_derived_note_score_aligned_to_synthetic_orchestra_audio,False,False,False,Metadata only in this repository; source dataset terms apply
synthsod-score-0931430c02cea942616f,esclavos_felices_orch,SynthSOD_aligned_scores/SynthSOD_score_data/esclavos_felices_orch.txt,04ab4a51c1181443c8162305cb1d26f214c30399ef3868943b8c3d1d8d3aad74,1294496,44928,"{""40"":5662,""41"":5936,""42"":3571,""43"":6626,""47"":912,""56"":3325,""68"":4847,""70"":4792,""71"":4678,""73"":4579}",0.885850,484.239410,SynthSOD_aligned_scores/SynthSOD_metadata_aligned_all.json|SynthSOD_aligned_scores/SynthSOD_metadata_aligned_test.json,484.6002721088435,,SynthSOD aligned scores v2,10.5281/zenodo.15575778,https://zenodo.org/records/15575778,"tab-separated note events: onset, offset, MIDI pitch, MIDI instrument",Derived from the original MIDI used to synthesize the SynthSOD audio and aligned to that audio; v2 removes notes absent from the render,midi_derived_note_score_aligned_to_synthetic_orchestra_audio,False,False,False,Metadata only in this repository; source dataset terms apply
synthsod-score-1dae753c3dd8f5f8ff96,fantasia_a_4_ex-c_orch,SynthSOD_aligned_scores/SynthSOD_score_data/fantasia_a_4_ex-c_orch.txt,41ecf48ed3e07d9cbabb026f4493a6f819d729742a28d114a443dc2859ed0395,70618,2444,"{""40"":459,""41"":1001,""42"":984}",0.094059,182.346395,SynthSOD_aligned_scores/SynthSOD_metadata_aligned_all.json|SynthSOD_aligned_scores/SynthSOD_metadata_aligned_train.json,182.43854875283446,,SynthSOD aligned scores v2,10.5281/zenodo.15575778,https://zenodo.org/records/15575778,"tab-separated note events: onset, offset, MIDI pitch, MIDI instrument",Derived from the original MIDI used to synthesize the SynthSOD audio and aligned to that audio; v2 removes notes absent from the render,midi_derived_note_score_aligned_to_synthetic_orchestra_audio,False,False,False,Metadata only in this repository; source dataset terms apply
synthsod-score-46d429281b3e9755fed9,fantasia_a_4_ex-d_orch,SynthSOD_aligned_scores/SynthSOD_score_data/fantasia_a_4_ex-d_orch.txt,35ebdcfa0fd873d976655acf222c41662a5b9c3f724d31e111f0bcde909738ef,97461,3317,"{""40"":728,""41"":1383,""42"":1206}",0.104082,232.189161,SynthSOD_aligned_scores/SynthSOD_metadata_aligned_all.json|SynthSOD_aligned_scores/SynthSOD_metadata_aligned_train.json,232.2789569160998,,SynthSOD aligned scores v2,10.5281/zenodo.15575778,https://zenodo.org/records/15575778,"tab-separated note events: onset, offset, MIDI pitch, MIDI instrument",Derived from the original MIDI used to synthesize the SynthSOD audio and aligned to that audio; v2 removes notes absent from the render,midi_derived_note_score_aligned_to_synthetic_orchestra_audio,False,False,False,Metadata only in this repository; source dataset terms apply
synthsod-score-6a90b5fcd414c9a8e78a,fantasia_chromatica_for_viole_orch,SynthSOD_aligned_scores/SynthSOD_score_data/fantasia_chromatica_for_viole_orch.txt,80da455625f75863bc58cc3a2105158c94776a2340aab9965601f5ecc1576d71,81810,2802,"{""40"":587,""41"":1135,""42"":1080}",0.094059,240.087029,SynthSOD_aligned_scores/SynthSOD_metadata_aligned_all.json|SynthSOD_aligned_scores/SynthSOD_metadata_aligned_train.json,240.574126984127,,SynthSOD aligned scores v2,10.5281/zenodo.15575778,https://zenodo.org/records/15575778,"tab-separated note events: onset, offset, MIDI pitch, MIDI instrument",Derived from the original MIDI used to synthesize the SynthSOD audio and aligned to that audio; v2 removes notes absent from the render,midi_derived_note_score_aligned_to_synthetic_orchestra_audio,False,False,False,Metadata only in this repository; source dataset terms apply
synthsod-score-8f9d0d32f39b0420edd4,fantasias_1_orch,SynthSOD_aligned_scores/SynthSOD_score_data/fantasias_1_orch.txt,d1b6ade3dfce9b059376a64a908ed9972946c7b849f80a71033066fa84a3fba4,88821,3026,"{""40"":1249,""42"":1299,""56"":478}",0.114104,173.446259,SynthSOD_aligned_scores/SynthSOD_metadata_aligned_all.json|SynthSOD_aligned_scores/SynthSOD_metadata_aligned_evaluation.json,173.53292517006804,,SynthSOD aligned scores v2,10.5281/zenodo.15575778,https://zenodo.org/records/15575778,"tab-separated note events: onset, offset, MIDI pitch, MIDI instrument",Derived from the original MIDI used to synthesize the SynthSOD audio and aligned to that audio; v2 removes notes absent from the render,midi_derived_note_score_aligned_to_synthetic_orchestra_audio,False,False,False,Metadata only in this repository; source dataset terms apply
synthsod-score-19238bcb01b91ce9e072,fantasias_3_orch,SynthSOD_aligned_scores/SynthSOD_score_data/fantasias_3_orch.txt,e870141cba63ca1bbe40664fbae17d24e224efaeaece38e90c4fda12f01e8074,173738,6114,"{""40"":2280,""42"":2674,""68"":1160}",2.218866,168.865896,SynthSOD_aligned_scores/SynthSOD_metadata_aligned_all.json|SynthSOD_aligned_scores/SynthSOD_metadata_aligned_evaluation.json,171.50825396825397,,SynthSOD aligned scores v2,10.5281/zenodo.15575778,https://zenodo.org/records/15575778,"tab-separated note events: onset, offset, MIDI pitch, MIDI instrument",Derived from the original MIDI used to synthesize the SynthSOD audio and aligned to that audio; v2 removes notes absent from the render,midi_derived_note_score_aligned_to_synthetic_orchestra_audio,False,False,False,Metadata only in this repository; source dataset terms apply
synthsod-score-00619900d96791b6d51c,fantasias_4_orch,SynthSOD_aligned_scores/SynthSOD_score_data/fantasias_4_orch.txt,97c3b4b581133ed0a3d4bdcc4f60b72df1cac52b733fc15caa2b7b3d97e42551,125734,4372,"{""40"":910,""41"":931,""42"":1830,""68"":701}",0.104082,172.985215,SynthSOD_aligned_scores/SynthSOD_metadata_aligned_all.json|SynthSOD_aligned_scores/SynthSOD_metadata_aligned_train.json,173.07390022675736,,SynthSOD aligned scores v2,10.5281/zenodo.15575778,https://zenodo.org/records/15575778,"tab-separated note events: onset, offset, MIDI pitch, MIDI instrument",Derived from the original MIDI used to synthesize the SynthSOD audio and aligned to that audio; v2 removes notes absent from the render,midi_derived_note_score_aligned_to_synthetic_orchestra_audio,False,False,False,Metadata only in this repository; source dataset terms apply
synthsod-score-861b8ca558317f8967eb,fantasias_5_orch,SynthSOD_aligned_scores/SynthSOD_score_data/fantasias_5_orch.txt,04b81249f1278407503ad859e7aca4fd5e67442d7b14e04000169087bf656304,205160,7185,"{""40"":1410,""41"":1367,""42"":3156,""68"":1252}",0.144172,266.446667,SynthSOD_aligned_scores/SynthSOD_metadata_aligned_all.json|SynthSOD_aligned_scores/SynthSOD_metadata_aligned_train.json,266.5364172335601,,SynthSOD aligned scores v2,10.5281/zenodo.15575778,https://zenodo.org/records/15575778,"tab-separated note events: onset, offset, MIDI pitch, MIDI instrument",Derived from the original MIDI used to synthesize the SynthSOD audio and aligned to that audio; v2 removes notes absent from the render,midi_derived_note_score_aligned_to_synthetic_orchestra_audio,False,False,False,Metadata only in this repository; source dataset terms apply
synthsod-score-08c3160acf22f28f986f,fantasias_6_orch,SynthSOD_aligned_scores/SynthSOD_score_data/fantasias_6_orch.txt,9f0ed6c957e29dcd578066548feb26ed6ad1a35847b27efb3744c261b6b74d18,226419,7806,"{""40"":2832,""41"":1385,""42"":2904,""56"":685}",0.104082,320.358639,SynthSOD_aligned_scores/SynthSOD_metadata_aligned_all.json|SynthSOD_aligned_scores/SynthSOD_metadata_aligned_evaluation.json,320.4580272108844,,SynthSOD aligned scores v2,10.5281/zenodo.15575778,https://zenodo.org/records/15575778,"tab-separated note events: onset, offset, MIDI pitch, MIDI instrument",Derived from the original MIDI used to synthesize the SynthSOD audio and aligned to that audio; v2 removes notes absent from the render,midi_derived_note_score_aligned_to_synthetic_orchestra_audio,False,False,False,Metadata only in this repository; source dataset terms apply
synthsod-score-3c1ecab20c3d5f3a7fba,fantasias_7_orch,SynthSOD_aligned_scores/SynthSOD_score_data/fantasias_7_orch.txt,8776c229a063e0b7889752194d92a2baad57d16e48b98b0410e4ad8f74422301,269954,9160,"{""40"":2080,""41"":2051,""42"":4234,""56"":795}",2.208844,303.109615,SynthSOD_aligned_scores/SynthSOD_metadata_aligned_all.json|SynthSOD_aligned_scores/SynthSOD_metadata_aligned_train.json,309.88492063492066,,SynthSOD aligned scores v2,10.5281/zenodo.15575778,https://zenodo.org/records/15575778,"tab-separated note events: onset, offset, MIDI pitch, MIDI instrument",Derived from the original MIDI used to synthesize the SynthSOD audio and aligned to that audio; v2 removes notes absent from the render,midi_derived_note_score_aligned_to_synthetic_orchestra_audio,False,False,False,Metadata only in this repository; source dataset terms apply
synthsod-score-e0171b6f159f84ffb7d8,fantasias_for_viols_19_orch,SynthSOD_aligned_scores/SynthSOD_score_data/fantasias_for_viols_19_orch.txt,caf2a6a48a5f9714412a2ff38b4dba0eb984b2b4e1299eb206cc367bd9c06faa,71919,2582,"{""40"":528,""41"":1064,""42"":990}",0.084036,263.600227,SynthSOD_aligned_scores/SynthSOD_metadata_aligned_all.json|SynthSOD_aligned_scores/SynthSOD_metadata_aligned_train.json,269.45421768707484,,SynthSOD aligned scores v2,10.5281/zenodo.15575778,https://zenodo.org/records/15575778,"tab-separated note events: onset, offset, MIDI pitch, MIDI instrument",Derived from the original MIDI used to synthesize the SynthSOD audio and aligned to that audio; v2 removes notes absent from the render,midi_derived_note_score_aligned_to_synthetic_orchestra_audio,False,False,False,Metadata only in this repository; source dataset terms apply
synthsod-score-367e71624aaac65e6972,fantasias_for_viols_20_orch,SynthSOD_aligned_scores/SynthSOD_score_data/fantasias_for_viols_20_orch.txt,01d4bcdc1cc309c3648fc304d446a0687d9c890ef36b1d094a458bf1c47ab82d,76447,2738,"{""40"":1099,""41"":582,""42"":1057}",0.104082,226.476236,SynthSOD_aligned_scores/SynthSOD_metadata_aligned_all.json|SynthSOD_aligned_scores/SynthSOD_metadata_aligned_train.json,226.55777777777777,,SynthSOD aligned scores v2,10.5281/zenodo.15575778,https://zenodo.org/records/15575778,"tab-separated note events: onset, offset, MIDI pitch, MIDI instrument",Derived from the original MIDI used to synthesize the SynthSOD audio and aligned to that audio; v2 removes notes absent from the render,midi_derived_note_score_aligned_to_synthetic_orchestra_audio,False,False,False,Metadata only in this repository; source dataset terms apply
synthsod-score-850006162adf5e364f82,flute_harp_concerto_299_1_orch,SynthSOD_aligned_scores/SynthSOD_score_data/flute_harp_concerto_299_1_orch.txt,92b352f07236dd978ba9fe617adb4a6ceb36c5999f9aa6f1ee78e3920c08585e,935808,32699,"{""40"":4482,""41"":3684,""42"":2929,""43"":5666,""46"":6034,""60"":3246,""68"":2990,""73"":3668}",2.138685,473.184399,SynthSOD_aligned_scores/SynthSOD_metadata_aligned_all.json|SynthSOD_aligned_scores/SynthSOD_metadata_aligned_train.json,486.73507936507934,,SynthSOD aligned scores v2,10.5281/zenodo.15575778,https://zenodo.org/records/15575778,"tab-separated note events: onset, offset, MIDI pitch, MIDI instrument",Derived from the original MIDI used to synthesize the SynthSOD audio and aligned to that audio; v2 removes notes absent from the render,midi_derived_note_score_aligned_to_synthetic_orchestra_audio,False,False,False,Metadata only in this repository; source dataset terms apply
synthsod-score-e79102c91dc9298d89f8,flute_harp_concerto_299_2_orch,SynthSOD_aligned_scores/SynthSOD_score_data/flute_harp_concerto_299_2_orch.txt,5abfb1879478988cdd01bbeb2eceaf9fb69a467a1afb3a21b8bbbf8ac77cafe4,444182,15405,"{""40"":3677,""41"":2957,""42"":908,""43"":1836,""46"":3880,""73"":2147}",5.065306,570.454467,SynthSOD_aligned_scores/SynthSOD_metadata_aligned_all.json|SynthSOD_aligned_scores/SynthSOD_metadata_aligned_train.json,570.5330612244898,,SynthSOD aligned scores v2,10.5281/zenodo.15575778,https://zenodo.org/records/15575778,"tab-separated note events: onset, offset, MIDI pitch, MIDI instrument",Derived from the original MIDI used to synthesize the SynthSOD audio and aligned to that audio; v2 removes notes absent from the render,midi_derived_note_score_aligned_to_synthetic_orchestra_audio,False,False,False,Metadata only in this repository; source dataset terms apply
synthsod-score-522d482e56f561055ca7,flute_harp_concerto_299_3_orch,SynthSOD_aligned_scores/SynthSOD_score_data/flute_harp_concerto_299_3_orch.txt,10115de8eea55eebfea297ab43d23eb2332131364aaffab8ce1369a267d8dd3c,775327,27111,"{""40"":6063,""41"":2510,""42"":1652,""43"":3322,""46"":4989,""60"":2892,""68"":2769,""73"":2914}",0.855782,590.880680,SynthSOD_aligned_scores/SynthSOD_metadata_aligned_all.json|SynthSOD_aligned_scores/SynthSOD_metadata_aligned_train.json,601.0620634920635,,SynthSOD aligned scores v2,10.5281/zenodo.15575778,https://zenodo.org/records/15575778,"tab-separated note events: onset, offset, MIDI pitch, MIDI instrument",Derived from the original MIDI used to synthesize the SynthSOD audio and aligned to that audio; v2 removes notes absent from the render,midi_derived_note_score_aligned_to_synthetic_orchestra_audio,False,False,False,Metadata only in this repository; source dataset terms apply
synthsod-score-6d6e0cabc92785667a0d,fugues_arranged_for_brass_quartet_1_orch,SynthSOD_aligned_scores/SynthSOD_score_data/fugues_arranged_for_brass_quartet_1_orch.txt,210a7258f5725529384284cdbe9e1a32b78981b41b2ea3405d4a52a7207867f4,59454,2124,"{""56"":641,""57"":1483}",0.104082,97.544535,SynthSOD_aligned_scores/SynthSOD_metadata_aligned_all.json|SynthSOD_aligned_scores/SynthSOD_metadata_aligned_train.json,97.63643990929705,,SynthSOD aligned scores v2,10.5281/zenodo.15575778,https://zenodo.org/records/15575778,"tab-separated note events: onset, offset, MIDI pitch, MIDI instrument",Derived from the original MIDI used to synthesize the SynthSOD audio and aligned to that audio; v2 removes notes absent from the render,midi_derived_note_score_aligned_to_synthetic_orchestra_audio,False,False,False,Metadata only in this repository; source dataset terms apply
synthsod-score-02779362e36bdda75cf7,fugues_arranged_for_brass_quartet_2_orch,SynthSOD_aligned_scores/SynthSOD_score_data/fugues_arranged_for_brass_quartet_2_orch.txt,3b9d8dbfc30147e864955e04b33685cfc6a980ecba91fba24d0a4e409e6985a4,67546,2327,"{""56"":842,""57"":1485}",0.094059,119.474150,SynthSOD_aligned_scores/SynthSOD_metadata_aligned_all.json|SynthSOD_aligned_scores/SynthSOD_metadata_aligned_train.json,119.71378684807256,,SynthSOD aligned scores v2,10.5281/zenodo.15575778,https://zenodo.org/records/15575778,"tab-separated note events: onset, offset, MIDI pitch, MIDI instrument",Derived from the original MIDI used to synthesize the SynthSOD audio and aligned to that audio; v2 removes notes absent from the render,midi_derived_note_score_aligned_to_synthetic_orchestra_audio,False,False,False,Metadata only in this repository; source dataset terms apply
synthsod-score-bff8bbb75f63ca582df3,fugues_arranged_for_brass_quartet_3_orch,SynthSOD_aligned_scores/SynthSOD_score_data/fugues_arranged_for_brass_quartet_3_orch.txt,74ba80c26d2a92e9e4f65151ce63c4a3c5ab8e33a3f33604eeefe91953141105,65960,2353,"{""56"":793,""57"":1560}",0.084036,106.404580,SynthSOD_aligned_scores/SynthSOD_metadata_aligned_all.json|SynthSOD_aligned_scores/SynthSOD_metadata_aligned_train.json,106.48972789115646,,SynthSOD aligned scores v2,10.5281/zenodo.15575778,https://zenodo.org/records/15575778,"tab-separated note events: onset, offset, MIDI pitch, MIDI instrument",Derived from the original MIDI used to synthesize the SynthSOD audio and aligned to that audio; v2 removes notes absent from the render,midi_derived_note_score_aligned_to_synthetic_orchestra_audio,False,False,False,Metadata only in this repository; source dataset terms apply
synthsod-score-ab2128410e8b6e06e56b,fugues_arranged_for_brass_quartet_4_orch,SynthSOD_aligned_scores/SynthSOD_score_data/fugues_arranged_for_brass_quartet_4_orch.txt,7b15605444db2ec6553a396130c4896b9c141decaa8966667e21372e75851d93,56720,2054,"{""56"":723,""57"":1331}",0.094059,94.327256,SynthSOD_aligned_scores/SynthSOD_metadata_aligned_all.json|SynthSOD_aligned_scores/SynthSOD_metadata_aligned_train.json,94.4209977324263,,SynthSOD aligned scores v2,10.5281/zenodo.15575778,https://zenodo.org/records/15575778,"tab-separated note events: onset, offset, MIDI pitch, MIDI instrument",Derived from the original MIDI used to synthesize the SynthSOD audio and aligned to that audio; v2 removes notes absent from the render,midi_derived_note_score_aligned_to_synthetic_orchestra_audio,False,False,False,Metadata only in this repository; source dataset terms apply
synthsod-score-180c375af6b40b93fc4a,fugues_arranged_for_brass_quartet_5_orch,SynthSOD_aligned_scores/SynthSOD_score_data/fugues_arranged_for_brass_quartet_5_orch.txt,8d0a26b3b60e263a6877e50d7cf427b23e5c9f15070d27419679200216201861,64768,2317,"{""56"":753,""57"":1564}",0.094059,86.920499,SynthSOD_aligned_scores/SynthSOD_metadata_aligned_all.json|SynthSOD_aligned_scores/SynthSOD_metadata_aligned_train.json,87.32514739229025,,SynthSOD aligned scores v2,10.5281/zenodo.15575778,https://zenodo.org/records/15575778,"tab-separated note events: onset, offset, MIDI pitch, MIDI instrument",Derived from the original MIDI used to synthesize the SynthSOD audio and aligned to that audio; v2 removes notes absent from the render,midi_derived_note_score_aligned_to_synthetic_orchestra_audio,False,False,False,Metadata only in this repository; source dataset terms apply
synthsod-score-fb918307a4a8cecf6559,fugues_arranged_for_brass_quartet_6_orch,SynthSOD_aligned_scores/SynthSOD_score_data/fugues_arranged_for_brass_quartet_6_orch.txt,cfd16521b2643a2600fab24153d27004ef26eb6c5da7b2fefc6fbd0e37f53fb5,33715,1203,"{""56"":419,""57"":784}",0.094059,59.498458,SynthSOD_aligned_scores/SynthSOD_metadata_aligned_all.json|SynthSOD_aligned_scores/SynthSOD_metadata_aligned_train.json,59.747732426303855,,SynthSOD aligned scores v2,10.5281/zenodo.15575778,https://zenodo.org/records/15575778,"tab-separated note events: onset, offset, MIDI pitch, MIDI instrument",Derived from the original MIDI used to synthesize the SynthSOD audio and aligned to that audio; v2 removes notes absent from the render,midi_derived_note_score_aligned_to_synthetic_orchestra_audio,False,False,False,Metadata only in this repository; source dataset terms apply
synthsod-score-9659e95d94cb849f557e,gadfly_97a_8_orch,SynthSOD_aligned_scores/SynthSOD_score_data/gadfly_97a_8_orch.txt,83f0cecaae3ab071a9a35a41bbb70b4262f0012efa033c4adfd3fab285077a63,308203,10889,"{""40"":763,""41"":1023,""42"":933,""43"":1760,""46"":2920,""47"":2,""57"":135,""58"":92,""60"":1826,""68"":79,""70"":1136,""71"":220}",0.875828,380.394467,SynthSOD_aligned_scores/SynthSOD_metadata_aligned_all.json|SynthSOD_aligned_scores/SynthSOD_metadata_aligned_train.json,380.6426984126984,,SynthSOD aligned scores v2,10.5281/zenodo.15575778,https://zenodo.org/records/15575778,"tab-separated note events: onset, offset, MIDI pitch, MIDI instrument",Derived from the original MIDI used to synthesize the SynthSOD audio and aligned to that audio; v2 removes notes absent from the render,midi_derived_note_score_aligned_to_synthetic_orchestra_audio,False,False,False,Metadata only in this repository; source dataset terms apply
synthsod-score-3792bb4baed69a6b61d7,gloria_in_excelsis_orch,SynthSOD_aligned_scores/SynthSOD_score_data/gloria_in_excelsis_orch.txt,d9fc1ab20111811cab63c873e920d8e926e582b5d54d240b7d835b291a0fa6f3,55797,2014,"{""56"":712,""57"":1302}",0.204308,103.257460,SynthSOD_aligned_scores/SynthSOD_metadata_aligned_all.json|SynthSOD_aligned_scores/SynthSOD_metadata_aligned_train.json,103.34015873015873,,SynthSOD aligned scores v2,10.5281/zenodo.15575778,https://zenodo.org/records/15575778,"tab-separated note events: onset, offset, MIDI pitch, MIDI instrument",Derived from the original MIDI used to synthesize the SynthSOD audio and aligned to that audio; v2 removes notes absent from the render,midi_derived_note_score_aligned_to_synthetic_orchestra_audio,False,False,False,Metadata only in this repository; source dataset terms apply
synthsod-score-92e5b0cc5eee83e7f528,heiligste_nacht_orch,SynthSOD_aligned_scores/SynthSOD_score_data/heiligste_nacht_orch.txt,c93865c8251995c4b61f96ee0d5c6d3e4bea8b4be623f1c3f7fd0b911c90abe1,21513,735,"{""40"":330,""41"":155,""42"":250}",0.124127,65.131202,SynthSOD_aligned_scores/SynthSOD_metadata_aligned_all.json|SynthSOD_aligned_scores/SynthSOD_metadata_aligned_train.json,65.2259410430839,,SynthSOD aligned scores v2,10.5281/zenodo.15575778,https://zenodo.org/records/15575778,"tab-separated note events: onset, offset, MIDI pitch, MIDI instrument",Derived from the original MIDI used to synthesize the SynthSOD audio and aligned to that audio; v2 removes notes absent from the render,midi_derived_note_score_aligned_to_synthetic_orchestra_audio,False,False,False,Metadata only in this repository; source dataset terms apply
synthsod-score-6f3c95e758ff9632de2f,in_domini_speravi_orch,SynthSOD_aligned_scores/SynthSOD_score_data/in_domini_speravi_orch.txt,7b39b64f564fe05118330e0adec1b4a186e0864617f4c20298adf421287825a8,23485,849,"{""40"":329,""41"":182,""42"":338}",0.144172,92.072154,SynthSOD_aligned_scores/SynthSOD_metadata_aligned_all.json|SynthSOD_aligned_scores/SynthSOD_metadata_aligned_evaluation.json,92.15628117913832,,SynthSOD aligned scores v2,10.5281/zenodo.15575778,https://zenodo.org/records/15575778,"tab-separated note events: onset, offset, MIDI pitch, MIDI instrument",Derived from the original MIDI used to synthesize the SynthSOD audio and aligned to that audio; v2 removes notes absent from the render,midi_derived_note_score_aligned_to_synthetic_orchestra_audio,False,False,False,Metadata only in this repository; source dataset terms apply
synthsod-score-0c0c727e9605a2523d5d,in_dulci_iubilo_orch,SynthSOD_aligned_scores/SynthSOD_score_data/in_dulci_iubilo_orch.txt,c0efc9957c2c6dd12066556acdcb6906fa34bf6ccce522bdc95387774e1ba7df,12150,413,"{""56"":135,""57"":278}",0.515011,27.937052,SynthSOD_aligned_scores/SynthSOD_metadata_aligned_all.json|SynthSOD_aligned_scores/SynthSOD_metadata_aligned_train.json,28.022902494331067,,SynthSOD aligned scores v2,10.5281/zenodo.15575778,https://zenodo.org/records/15575778,"tab-separated note events: onset, offset, MIDI pitch, MIDI instrument",Derived from the original MIDI used to synthesize the SynthSOD audio and aligned to that audio; v2 removes notes absent from the render,midi_derived_note_score_aligned_to_synthetic_orchestra_audio,False,False,False,Metadata only in this repository; source dataset terms apply
synthsod-score-b26a2511cc0906941fba,in_nomine_orch,SynthSOD_aligned_scores/SynthSOD_score_data/in_nomine_orch.txt,5099ee98960ba877cc479b1412be64f7d66be0d7a129a609eb540aaa67e767a8,162929,5724,"{""40"":1552,""41"":1556,""42"":2616}",0.224354,402.985578,SynthSOD_aligned_scores/SynthSOD_metadata_aligned_all.json|SynthSOD_aligned_scores/SynthSOD_metadata_aligned_train.json,404.4460997732426,,SynthSOD aligned scores v2,10.5281/zenodo.15575778,https://zenodo.org/records/15575778,"tab-separated note events: onset, offset, MIDI pitch, MIDI instrument",Derived from the original MIDI used to synthesize the SynthSOD audio and aligned to that audio; v2 removes notes absent from the render,midi_derived_note_score_aligned_to_synthetic_orchestra_audio,False,False,False,Metadata only in this repository; source dataset terms apply
synthsod-score-bb4c336e05fd8a3ec354,intrada_kommt_ihr_gspielen_orch,SynthSOD_aligned_scores/SynthSOD_score_data/intrada_kommt_ihr_gspielen_orch.txt,6f04a3fe73b8895311cfaced1ae47f8c946f2de32550b476983288ea880481af,10446,328,"{""56"":77,""57"":251}",21.342132,70.262812,SynthSOD_aligned_scores/SynthSOD_metadata_aligned_all.json|SynthSOD_aligned_scores/SynthSOD_metadata_aligned_train.json,70.36453514739229,,SynthSOD aligned scores v2,10.5281/zenodo.15575778,https://zenodo.org/records/15575778,"tab-separated note events: onset, offset, MIDI pitch, MIDI instrument",Derived from the original MIDI used to synthesize the SynthSOD audio and aligned to that audio; v2 removes notes absent from the render,midi_derived_note_score_aligned_to_synthetic_orchestra_audio,False,False,False,Metadata only in this repository; source dataset terms apply
synthsod-score-585ed47ffebbe823d7d6,italiana_algeri_symphony_orch,SynthSOD_aligned_scores/SynthSOD_score_data/italiana_algeri_symphony_orch.txt,3d7fc5c127e8c2a5788df29462b220174516fcc5a6e9e6769b0c305bcf56b7be,1765788,60864,"{""40"":5795,""41"":6984,""42"":6008,""43"":11769,""47"":848,""56"":1979,""60"":6378,""68"":6550,""70"":4751,""71"":6509,""73"":3293}",0.735510,498.521723,SynthSOD_aligned_scores/SynthSOD_metadata_aligned_all.json|SynthSOD_aligned_scores/SynthSOD_metadata_aligned_train.json,499.00990929705216,,SynthSOD aligned scores v2,10.5281/zenodo.15575778,https://zenodo.org/records/15575778,"tab-separated note events: onset, offset, MIDI pitch, MIDI instrument",Derived from the original MIDI used to synthesize the SynthSOD audio and aligned to that audio; v2 removes notes absent from the render,midi_derived_note_score_aligned_to_synthetic_orchestra_audio,False,False,False,Metadata only in this repository; source dataset terms apply
synthsod-score-f9dc35a992b0c9ce33b3,jubilate_deo_omnis_terra_orch,SynthSOD_aligned_scores/SynthSOD_score_data/jubilate_deo_omnis_terra_orch.txt,0836323f44fa25bf2c3dcb2fcbc5526e425343e7f981f9a96a3a1c1bbdfe69b7,132892,4640,"{""57"":3150,""60"":500,""70"":990}",0.104082,472.382585,SynthSOD_aligned_scores/SynthSOD_metadata_aligned_all.json|SynthSOD_aligned_scores/SynthSOD_metadata_aligned_train.json,472.4581179138322,,SynthSOD aligned scores v2,10.5281/zenodo.15575778,https://zenodo.org/records/15575778,"tab-separated note events: onset, offset, MIDI pitch, MIDI instrument",Derived from the original MIDI used to synthesize the SynthSOD audio and aligned to that audio; v2 removes notes absent from the render,midi_derived_note_score_aligned_to_synthetic_orchestra_audio,False,False,False,Metadata only in this repository; source dataset terms apply
synthsod-score-e1c482cbecc1cdc8d41f,komm_heiliger_geist_orch,SynthSOD_aligned_scores/SynthSOD_score_data/komm_heiliger_geist_orch.txt,ac6bd283c9b3414c62f464ff21d1651f268039b0ed3b219bba67dd7ff00f92bf,23345,800,"{""56"":269,""57"":531}",0.104082,90.779229,SynthSOD_aligned_scores/SynthSOD_metadata_aligned_all.json|SynthSOD_aligned_scores/SynthSOD_metadata_aligned_test.json,90.877641723356,,SynthSOD aligned scores v2,10.5281/zenodo.15575778,https://zenodo.org/records/15575778,"tab-separated note events: onset, offset, MIDI pitch, MIDI instrument",Derived from the original MIDI used to synthesize the SynthSOD audio and aligned to that audio; v2 removes notes absent from the render,midi_derived_note_score_aligned_to_synthetic_orchestra_audio,False,False,False,Metadata only in this repository; source dataset terms apply
synthsod-score-8301cc33d3f79ccc9292,kuolema_44_valse_triste_orch,SynthSOD_aligned_scores/SynthSOD_score_data/kuolema_44_valse_triste_orch.txt,587575eae5faa5637806e0ef206e9f499e85d275d013b1369e2ad06d155c07c8,323517,11183,"{""40"":1492,""41"":1441,""42"":1591,""43"":2676,""47"":265,""60"":2061,""71"":835,""73"":822}",0.805669,310.165578,SynthSOD_aligned_scores/SynthSOD_metadata_aligned_all.json|SynthSOD_aligned_scores/SynthSOD_metadata_aligned_train.json,313.44421768707485,,SynthSOD aligned scores v2,10.5281/zenodo.15575778,https://zenodo.org/records/15575778,"tab-separated note events: onset, offset, MIDI pitch, MIDI instrument",Derived from the original MIDI used to synthesize the SynthSOD audio and aligned to that audio; v2 removes notes absent from the render,midi_derived_note_score_aligned_to_synthetic_orchestra_audio,False,False,False,Metadata only in this repository; source dataset terms apply
synthsod-score-6e83d2f6d636708c6e92,kyrie_from_se_la_face_ay_pale_orch,SynthSOD_aligned_scores/SynthSOD_score_data/kyrie_from_se_la_face_ay_pale_orch.txt,dd97fa2886a7af6218ea0964ef0721d3a2ed3eac1dba26b75223ba9a51d4ddb3,31112,1125,"{""56"":342,""57"":783}",0.094059,94.206984,SynthSOD_aligned_scores/SynthSOD_metadata_aligned_all.json|SynthSOD_aligned_scores/SynthSOD_metadata_aligned_test.json,94.29916099773243,,SynthSOD aligned scores v2,10.5281/zenodo.15575778,https://zenodo.org/records/15575778,"tab-separated note events: onset, offset, MIDI pitch, MIDI instrument",Derived from the original MIDI used to synthesize the SynthSOD audio and aligned to that audio; v2 removes notes absent from the render,midi_derived_note_score_aligned_to_synthetic_orchestra_audio,False,False,False,Metadata only in this repository; source dataset terms apply
synthsod-score-c3e4f9cd4e8e2cc0ab5a,libri_dei_madrigali_3_9_orch,SynthSOD_aligned_scores/SynthSOD_score_data/libri_dei_madrigali_3_9_orch.txt,5f8519d9a52ecec1cc7b269b2c4ddb815e1110bb80447e44e557c62df8c37f0c,52689,1748,"{""56"":632,""57"":1116}",0.124127,159.274195,SynthSOD_aligned_scores/SynthSOD_metadata_aligned_all.json|SynthSOD_aligned_scores/SynthSOD_metadata_aligned_train.json,159.3515873015873,,SynthSOD aligned scores v2,10.5281/zenodo.15575778,https://zenodo.org/records/15575778,"tab-separated note events: onset, offset, MIDI pitch, MIDI instrument",Derived from the original MIDI used to synthesize the SynthSOD audio and aligned to that audio; v2 removes notes absent from the render,midi_derived_note_score_aligned_to_synthetic_orchestra_audio,False,False,False,Metadata only in this repository; source dataset terms apply
synthsod-score-9799e3f84249e04a5181,lustspiel_orch,SynthSOD_aligned_scores/SynthSOD_score_data/lustspiel_orch.txt,359f1d350812eeede39c4e517b1e2da72e4daac57788ec110cfeba261fe0ec21,374381,13103,"{""57"":1831,""58"":2948,""60"":4340,""71"":2854,""72"":1130}",0.124127,294.870975,SynthSOD_aligned_scores/SynthSOD_metadata_aligned_all.json|SynthSOD_aligned_scores/SynthSOD_metadata_aligned_test.json,295.74888888888887,,SynthSOD aligned scores v2,10.5281/zenodo.15575778,https://zenodo.org/records/15575778,"tab-separated note events: onset, offset, MIDI pitch, MIDI instrument",Derived from the original MIDI used to synthesize the SynthSOD audio and aligned to that audio; v2 removes notes absent from the render,midi_derived_note_score_aligned_to_synthetic_orchestra_audio,False,False,False,Metadata only in this repository; source dataset terms apply
synthsod-score-c7250200d5ecb1c26c02,margot_laboures_le_vigne_orch,SynthSOD_aligned_scores/SynthSOD_score_data/margot_laboures_le_vigne_orch.txt,c3176c1bfb81b3843bb8b160317aa9ed5a1a05fc314dd82a88cebfc84ddab8cc,17673,584,"{""56"":199,""57"":385}",0.124127,43.702721,SynthSOD_aligned_scores/SynthSOD_metadata_aligned_all.json|SynthSOD_aligned_scores/SynthSOD_metadata_aligned_test.json,45.17829931972789,,SynthSOD aligned scores v2,10.5281/zenodo.15575778,https://zenodo.org/records/15575778,"tab-separated note events: onset, offset, MIDI pitch, MIDI instrument",Derived from the original MIDI used to synthesize the SynthSOD audio and aligned to that audio; v2 removes notes absent from the render,midi_derived_note_score_aligned_to_synthetic_orchestra_audio,False,False,False,Metadata only in this repository; source dataset terms apply
synthsod-score-f45cf608707664e1b5a3,mass_in_f_2_orch,SynthSOD_aligned_scores/SynthSOD_score_data/mass_in_f_2_orch.txt,77e21a8f622f61e84fea75d8b855edd26115ff8d58ca3d362279d261899d69a9,33577,1158,"{""47"":100,""56"":549,""57"":509}",0.104082,66.263764,SynthSOD_aligned_scores/SynthSOD_metadata_aligned_all.json|SynthSOD_aligned_scores/SynthSOD_metadata_aligned_train.json,66.35551020408164,,SynthSOD aligned scores v2,10.5281/zenodo.15575778,https://zenodo.org/records/15575778,"tab-separated note events: onset, offset, MIDI pitch, MIDI instrument",Derived from the original MIDI used to synthesize the SynthSOD audio and aligned to that audio; v2 removes notes absent from the render,midi_derived_note_score_aligned_to_synthetic_orchestra_audio,False,False,False,Metadata only in this repository; source dataset terms apply
synthsod-score-5fed6fe047f88c574e96,mass_in_f_3_orch,SynthSOD_aligned_scores/SynthSOD_score_data/mass_in_f_3_orch.txt,840a66297c67cf130cf327e0c83cf5bf4c3f66041e47eea67a9e5ddb98677397,70886,2339,"{""47"":180,""56"":1107,""57"":1052}",0.104082,218.628481,SynthSOD_aligned_scores/SynthSOD_metadata_aligned_all.json|SynthSOD_aligned_scores/SynthSOD_metadata_aligned_train.json,218.92185941043084,,SynthSOD aligned scores v2,10.5281/zenodo.15575778,https://zenodo.org/records/15575778,"tab-separated note events: onset, offset, MIDI pitch, MIDI instrument",Derived from the original MIDI used to synthesize the SynthSOD audio and aligned to that audio; v2 removes notes absent from the render,midi_derived_note_score_aligned_to_synthetic_orchestra_audio,False,False,False,Metadata only in this repository; source dataset terms apply
synthsod-score-fe640bdc849ee59243fa,mass_in_f_4_orch,SynthSOD_aligned_scores/SynthSOD_score_data/mass_in_f_4_orch.txt,de605864170618c57e7c8927ca686c6886ed0035d999ce7984820ff7b59105b2,40007,1373,"{""47"":87,""56"":695,""57"":591}",0.354649,141.684399,SynthSOD_aligned_scores/SynthSOD_metadata_aligned_all.json|SynthSOD_aligned_scores/SynthSOD_metadata_aligned_train.json,142.84274376417233,,SynthSOD aligned scores v2,10.5281/zenodo.15575778,https://zenodo.org/records/15575778,"tab-separated note events: onset, offset, MIDI pitch, MIDI instrument",Derived from the original MIDI used to synthesize the SynthSOD audio and aligned to that audio; v2 removes notes absent from the render,midi_derived_note_score_aligned_to_synthetic_orchestra_audio,False,False,False,Metadata only in this repository; source dataset terms apply
synthsod-score-2a420c64d1e4e19e135f,meistersinger_prelude_3_orch,SynthSOD_aligned_scores/SynthSOD_score_data/meistersinger_prelude_3_orch.txt,225250b154e7fe53fed76231209bbc43c962d8da99da49d803de51d9c58dee8c,132448,4652,"{""40"":828,""41"":558,""42"":556,""43"":338,""56"":43,""57"":140,""58"":142,""60"":997,""68"":53,""70"":698,""71"":253,""73"":46}",0.194286,241.279728,SynthSOD_aligned_scores/SynthSOD_metadata_aligned_all.json|SynthSOD_aligned_scores/SynthSOD_metadata_aligned_train.json,244.4498185941043,,SynthSOD aligned scores v2,10.5281/zenodo.15575778,https://zenodo.org/records/15575778,"tab-separated note events: onset, offset, MIDI pitch, MIDI instrument",Derived from the original MIDI used to synthesize the SynthSOD audio and aligned to that audio; v2 removes notes absent from the render,midi_derived_note_score_aligned_to_synthetic_orchestra_audio,False,False,False,Metadata only in this repository; source dataset terms apply
synthsod-score-461f4a7fdec6a8330738,midsummer_02_orch,SynthSOD_aligned_scores/SynthSOD_score_data/midsummer_02_orch.txt,4b54acc565cc136aac51fa89d7a7580cb32ce3d73d87041526ac4c901d37eba8,1266623,44713,"{""40"":3929,""41"":3408,""42"":3346,""43"":5726,""47"":737,""56"":1994,""60"":4039,""68"":5055,""70"":5657,""71"":5800,""73"":5022}",1.146440,272.500363,SynthSOD_aligned_scores/SynthSOD_metadata_aligned_all.json|SynthSOD_aligned_scores/SynthSOD_metadata_aligned_train.json,272.6097052154195,,SynthSOD aligned scores v2,10.5281/zenodo.15575778,https://zenodo.org/records/15575778,"tab-separated note events: onset, offset, MIDI pitch, MIDI instrument",Derived from the original MIDI used to synthesize the SynthSOD audio and aligned to that audio; v2 removes notes absent from the render,midi_derived_note_score_aligned_to_synthetic_orchestra_audio,False,False,False,Metadata only in this repository; source dataset terms apply
synthsod-score-7ef64fb9bbb9c9d79f20,midsummer_06_orch,SynthSOD_aligned_scores/SynthSOD_score_data/midsummer_06_orch.txt,4b0a89097a2e2383f5646f1954d7acfc57c3c894af90f0c5c53f1234160de50b,650583,23376,"{""40"":3944,""41"":2704,""42"":2112,""43"":2786,""60"":2567,""68"":2591,""70"":3163,""71"":1914,""73"":1595}",0.935964,203.093333,SynthSOD_aligned_scores/SynthSOD_metadata_aligned_all.json|SynthSOD_aligned_scores/SynthSOD_metadata_aligned_train.json,203.17222222222222,,SynthSOD aligned scores v2,10.5281/zenodo.15575778,https://zenodo.org/records/15575778,"tab-separated note events: onset, offset, MIDI pitch, MIDI instrument",Derived from the original MIDI used to synthesize the SynthSOD audio and aligned to that audio; v2 removes notes absent from the render,midi_derived_note_score_aligned_to_synthetic_orchestra_audio,False,False,False,Metadata only in this repository; source dataset terms apply
synthsod-score-ba31bc243a5ef2ad460f,midsummer_08_orch,SynthSOD_aligned_scores/SynthSOD_score_data/midsummer_08_orch.txt,a895fa3a917202dacca4300bfdef533737ae81d4eadd5c5a8649d3e1bd09b4e7,644525,22419,"{""40"":3626,""41"":1553,""42"":1829,""43"":3503,""60"":1998,""68"":1905,""70"":2768,""71"":2752,""73"":2485}",1.316825,352.431202,SynthSOD_aligned_scores/SynthSOD_metadata_aligned_all.json|SynthSOD_aligned_scores/SynthSOD_metadata_aligned_train.json,352.5133333333333,,SynthSOD aligned scores v2,10.5281/zenodo.15575778,https://zenodo.org/records/15575778,"tab-separated note events: onset, offset, MIDI pitch, MIDI instrument",Derived from the original MIDI used to synthesize the SynthSOD audio and aligned to that audio; v2 removes notes absent from the render,midi_derived_note_score_aligned_to_synthetic_orchestra_audio,False,False,False,Metadata only in this repository; source dataset terms apply
synthsod-score-a386f87ed670e72657fd,midsummer_11_orch,SynthSOD_aligned_scores/SynthSOD_score_data/midsummer_11_orch.txt,eeaaa45a656a71eb113b33dec48197bc3fae100f16bd39e48a086caeffc8eb19,18565,674,"{""47"":234,""56"":116,""70"":178,""71"":146}",1.507256,91.470794,SynthSOD_aligned_scores/SynthSOD_metadata_aligned_all.json|SynthSOD_aligned_scores/SynthSOD_metadata_aligned_train.json,91.57108843537415,,SynthSOD aligned scores v2,10.5281/zenodo.15575778,https://zenodo.org/records/15575778,"tab-separated note events: onset, offset, MIDI pitch, MIDI instrument",Derived from the original MIDI used to synthesize the SynthSOD audio and aligned to that audio; v2 removes notes absent from the render,midi_derived_note_score_aligned_to_synthetic_orchestra_audio,False,False,False,Metadata only in this repository; source dataset terms apply
synthsod-score-9e28eb54b2843a0a9ef9,minor_works_hess-236-03_orch,SynthSOD_aligned_scores/SynthSOD_score_data/minor_works_hess-236-03_orch.txt,4d075a211aa51f93c49e2b314a8a29558f7b34b2d172b739145505c69f5452d3,45858,1696,"{""40"":330,""42"":341,""69"":676,""73"":349}",2.078549,82.710975,SynthSOD_aligned_scores/SynthSOD_metadata_aligned_all.json|SynthSOD_aligned_scores/SynthSOD_metadata_aligned_train.json,82.78693877551021,,SynthSOD aligned scores v2,10.5281/zenodo.15575778,https://zenodo.org/records/15575778,"tab-separated note events: onset, offset, MIDI pitch, MIDI instrument",Derived from the original MIDI used to synthesize the SynthSOD audio and aligned to that audio; v2 removes notes absent from the render,midi_derived_note_score_aligned_to_synthetic_orchestra_audio,False,False,False,Metadata only in this repository; source dataset terms apply
synthsod-score-47196fafdc36ecb7fb89,minor_works_hess-236-11_orch,SynthSOD_aligned_scores/SynthSOD_score_data/minor_works_hess-236-11_orch.txt,96f82b248cd427a391536726496375d1aba3b799909aabcd10b1a2cc7bc3ed8f,24901,916,"{""46"":610,""69"":155,""71"":151}",1.747800,86.750113,SynthSOD_aligned_scores/SynthSOD_metadata_aligned_all.json|SynthSOD_aligned_scores/SynthSOD_metadata_aligned_train.json,86.83120181405896,,SynthSOD aligned scores v2,10.5281/zenodo.15575778,https://zenodo.org/records/15575778,"tab-separated note events: onset, offset, MIDI pitch, MIDI instrument",Derived from the original MIDI used to synthesize the SynthSOD audio and aligned to that audio; v2 removes notes absent from the render,midi_derived_note_score_aligned_to_synthetic_orchestra_audio,False,False,False,Metadata only in this repository; source dataset terms apply
synthsod-score-0104b9ce486a47014eb7,minor_works_hess-237-1_orch,SynthSOD_aligned_scores/SynthSOD_score_data/minor_works_hess-237-1_orch.txt,293bd77380c0e0d19779c1ca0722fe257e307d176c009d068f2d5fb7710b8e99,22635,831,"{""70"":183,""71"":449,""73"":199}",1.878095,86.339184,SynthSOD_aligned_scores/SynthSOD_metadata_aligned_all.json|SynthSOD_aligned_scores/SynthSOD_metadata_aligned_train.json,86.43306122448979,,SynthSOD aligned scores v2,10.5281/zenodo.15575778,https://zenodo.org/records/15575778,"tab-separated note events: onset, offset, MIDI pitch, MIDI instrument",Derived from the original MIDI used to synthesize the SynthSOD audio and aligned to that audio; v2 removes notes absent from the render,midi_derived_note_score_aligned_to_synthetic_orchestra_audio,False,False,False,Metadata only in this repository; source dataset terms apply
synthsod-score-b95027cd15ba471532e1,minor_works_hess-237-4_orch,SynthSOD_aligned_scores/SynthSOD_score_data/minor_works_hess-237-4_orch.txt,e0200a85a4e8747384f0d84156ee515fbbe971c542d0d2bbd565539b3c215b7b,15499,567,"{""57"":298,""60"":152,""68"":117}",1.697687,74.722902,SynthSOD_aligned_scores/SynthSOD_metadata_aligned_all.json|SynthSOD_aligned_scores/SynthSOD_metadata_aligned_train.json,74.79873015873015,,SynthSOD aligned scores v2,10.5281/zenodo.15575778,https://zenodo.org/records/15575778,"tab-separated note events: onset, offset, MIDI pitch, MIDI instrument",Derived from the original MIDI used to synthesize the SynthSOD audio and aligned to that audio; v2 removes notes absent from the render,midi_derived_note_score_aligned_to_synthetic_orchestra_audio,False,False,False,Metadata only in this repository; source dataset terms apply
synthsod-score-a1adec20f87daf3edc01,minor_works_hess-238-1_orch,SynthSOD_aligned_scores/SynthSOD_score_data/minor_works_hess-238-1_orch.txt,67f12727ce673c447b1995c7ea1323979f54168f59e59c0ab78b7e92ddfecab7,85073,3089,"{""69"":657,""70"":1236,""71"":673,""73"":523}",1.838005,148.008707,SynthSOD_aligned_scores/SynthSOD_metadata_aligned_all.json|SynthSOD_aligned_scores/SynthSOD_metadata_aligned_test.json,148.0892290249433,,SynthSOD aligned scores v2,10.5281/zenodo.15575778,https://zenodo.org/records/15575778,"tab-separated note events: onset, offset, MIDI pitch, MIDI instrument",Derived from the original MIDI used to synthesize the SynthSOD audio and aligned to that audio; v2 removes notes absent from the render,midi_derived_note_score_aligned_to_synthetic_orchestra_audio,False,False,False,Metadata only in this repository; source dataset terms apply
synthsod-score-a6d9b37025c3b7f79df7,minor_works_hess-238-3_orch,SynthSOD_aligned_scores/SynthSOD_score_data/minor_works_hess-238-3_orch.txt,e23181917f52d86d6cc3d1e638c3307ff5e058894e60b2faacea740d27f65365,32052,1177,"{""56"":193,""57"":506,""60"":238,""69"":240}",1.817959,107.386803,SynthSOD_aligned_scores/SynthSOD_metadata_aligned_all.json|SynthSOD_aligned_scores/SynthSOD_metadata_aligned_test.json,107.47095238095238,,SynthSOD aligned scores v2,10.5281/zenodo.15575778,https://zenodo.org/records/15575778,"tab-separated note events: onset, offset, MIDI pitch, MIDI instrument",Derived from the original MIDI used to synthesize the SynthSOD audio and aligned to that audio; v2 removes notes absent from the render,midi_derived_note_score_aligned_to_synthetic_orchestra_audio,False,False,False,Metadata only in this repository; source dataset terms apply
synthsod-score-e29fa5e71b39def56f89,minor_works_hess-238-5_orch,SynthSOD_aligned_scores/SynthSOD_score_data/minor_works_hess-238-5_orch.txt,169b9550b8c805948aa77c95b8a6a17125406dd75dadfc495f42fd0afb76ff22,50111,1820,"{""69"":377,""70"":714,""71"":366,""73"":363}",1.667619,140.752290,SynthSOD_aligned_scores/SynthSOD_metadata_aligned_all.json|SynthSOD_aligned_scores/SynthSOD_metadata_aligned_train.json,141.26433106575965,,SynthSOD aligned scores v2,10.5281/zenodo.15575778,https://zenodo.org/records/15575778,"tab-separated note events: onset, offset, MIDI pitch, MIDI instrument",Derived from the original MIDI used to synthesize the SynthSOD audio and aligned to that audio; v2 removes notes absent from the render,midi_derived_note_score_aligned_to_synthetic_orchestra_audio,False,False,False,Metadata only in this repository; source dataset terms apply
synthsod-score-b795859b29bf88bf6fad,minor_works_hess-243-1_orch,SynthSOD_aligned_scores/SynthSOD_score_data/minor_works_hess-243-1_orch.txt,9f14d96016b0244966ad7b1ac3854407892d9b84d004e825ec58a4a091570ecd,32720,1193,"{""69"":285,""70"":425,""71"":202,""73"":281}",2.188798,86.860363,SynthSOD_aligned_scores/SynthSOD_metadata_aligned_all.json|SynthSOD_aligned_scores/SynthSOD_metadata_aligned_train.json,87.07752834467121,,SynthSOD aligned scores v2,10.5281/zenodo.15575778,https://zenodo.org/records/15575778,"tab-separated note events: onset, offset, MIDI pitch, MIDI instrument",Derived from the original MIDI used to synthesize the SynthSOD audio and aligned to that audio; v2 removes notes absent from the render,midi_derived_note_score_aligned_to_synthetic_orchestra_audio,False,False,False,Metadata only in this repository; source dataset terms apply
synthsod-score-2216838a31a0b5e44095,minor_works_hess-243-3_orch,SynthSOD_aligned_scores/SynthSOD_score_data/minor_works_hess-243-3_orch.txt,9fb441ba2c0a129e8c1aae2682b50a7c1bb5ca5bb71ba335603cc6b0b757b0e1,125679,4492,"{""40"":1978,""41"":942,""42"":1572}",2.008390,185.152744,SynthSOD_aligned_scores/SynthSOD_metadata_aligned_all.json|SynthSOD_aligned_scores/SynthSOD_metadata_aligned_test.json,185.55451247165533,,SynthSOD aligned scores v2,10.5281/zenodo.15575778,https://zenodo.org/records/15575778,"tab-separated note events: onset, offset, MIDI pitch, MIDI instrument",Derived from the original MIDI used to synthesize the SynthSOD audio and aligned to that audio; v2 removes notes absent from the render,midi_derived_note_score_aligned_to_synthetic_orchestra_audio,False,False,False,Metadata only in this repository; source dataset terms apply
synthsod-score-b5706c84a7ccd5ef5dea,minor_works_hess-243-4_orch,SynthSOD_aligned_scores/SynthSOD_score_data/minor_works_hess-243-4_orch.txt,fa6330744a731615c316e1cd0b9659f2d188e5ec01f2cc12a0906b4705e038c4,54884,2005,"{""56"":435,""57"":780,""60"":370,""69"":420}",16.420998,122.170249,SynthSOD_aligned_scores/SynthSOD_metadata_aligned_all.json|SynthSOD_aligned_scores/SynthSOD_metadata_aligned_train.json,122.25020408163266,,SynthSOD aligned scores v2,10.5281/zenodo.15575778,https://zenodo.org/records/15575778,"tab-separated note events: onset, offset, MIDI pitch, MIDI instrument",Derived from the original MIDI used to synthesize the SynthSOD audio and aligned to that audio; v2 removes notes absent from the render,midi_derived_note_score_aligned_to_synthetic_orchestra_audio,False,False,False,Metadata only in this repository; source dataset terms apply
synthsod-score-7b446bbadf4472bc81c4,minor_works_hess-245_orch,SynthSOD_aligned_scores/SynthSOD_score_data/minor_works_hess-245_orch.txt,2c1c365359e1465cab8864a494a5f4a5b739151c539a7cf026c51d26c0d3721e,43170,1594,"{""40"":581,""41"":311,""42"":702}",7.490794,60.811429,SynthSOD_aligned_scores/SynthSOD_metadata_aligned_all.json|SynthSOD_aligned_scores/SynthSOD_metadata_aligned_train.json,60.908095238095235,,SynthSOD aligned scores v2,10.5281/zenodo.15575778,https://zenodo.org/records/15575778,"tab-separated note events: onset, offset, MIDI pitch, MIDI instrument",Derived from the original MIDI used to synthesize the SynthSOD audio and aligned to that audio; v2 removes notes absent from the render,midi_derived_note_score_aligned_to_synthetic_orchestra_audio,False,False,False,Metadata only in this repository; source dataset terms apply
synthsod-score-9ca7b23bf110357c6b6a,minor_works_hess-274_orch,SynthSOD_aligned_scores/SynthSOD_score_data/minor_works_hess-274_orch.txt,aa411eed404459812597b815ec1017d12e166a2cc4afdff2537c1d1c70c99824,23853,857,"{""68"":313,""71"":544}",3.361451,88.864898,SynthSOD_aligned_scores/SynthSOD_metadata_aligned_all.json|SynthSOD_aligned_scores/SynthSOD_metadata_aligned_train.json,89.17793650793651,,SynthSOD aligned scores v2,10.5281/zenodo.15575778,https://zenodo.org/records/15575778,"tab-separated note events: onset, offset, MIDI pitch, MIDI instrument",Derived from the original MIDI used to synthesize the SynthSOD audio and aligned to that audio; v2 removes notes absent from the render,midi_derived_note_score_aligned_to_synthetic_orchestra_audio,False,False,False,Metadata only in this repository; source dataset terms apply
synthsod-score-c1a399112179f692d692,minor_works_hess-275_orch,SynthSOD_aligned_scores/SynthSOD_score_data/minor_works_hess-275_orch.txt,258e1d4a884b77cc0016fd90327c42efd008f2d6f1674bc734356238311c952b,8917,335,"{""70"":218,""73"":117}",2.679909,25.050522,SynthSOD_aligned_scores/SynthSOD_metadata_aligned_all.json|SynthSOD_aligned_scores/SynthSOD_metadata_aligned_evaluation.json,25.12562358276644,,SynthSOD aligned scores v2,10.5281/zenodo.15575778,https://zenodo.org/records/15575778,"tab-separated note events: onset, offset, MIDI pitch, MIDI instrument",Derived from the original MIDI used to synthesize the SynthSOD audio and aligned to that audio; v2 removes notes absent from the render,midi_derived_note_score_aligned_to_synthetic_orchestra_audio,False,False,False,Metadata only in this repository; source dataset terms apply
synthsod-score-229147f2a264e493e1b6,minor_works_woo-186_orch,SynthSOD_aligned_scores/SynthSOD_score_data/minor_works_woo-186_orch.txt,d18c36b5bbf623b679660c995f928b923fd7cc0e96a9cff158af6a748a431f46,4156,146,"{""68"":38,""70"":108}",1.807937,26.022721,SynthSOD_aligned_scores/SynthSOD_metadata_aligned_all.json|SynthSOD_aligned_scores/SynthSOD_metadata_aligned_train.json,26.54219954648526,,SynthSOD aligned scores v2,10.5281/zenodo.15575778,https://zenodo.org/records/15575778,"tab-separated note events: onset, offset, MIDI pitch, MIDI instrument",Derived from the original MIDI used to synthesize the SynthSOD audio and aligned to that audio; v2 removes notes absent from the render,midi_derived_note_score_aligned_to_synthetic_orchestra_audio,False,False,False,Metadata only in this repository; source dataset terms apply
synthsod-score-8c883813a7b550152830,minor_works_woo-62-2_orch,SynthSOD_aligned_scores/SynthSOD_score_data/minor_works_woo-62-2_orch.txt,847736023de7be5f2d476a53bf8fddc28711e5a2b61a66017d9d5981147253c6,385846,13230,"{""40"":5348,""41"":2757,""42"":5125}",0.094059,580.316780,SynthSOD_aligned_scores/SynthSOD_metadata_aligned_all.json|SynthSOD_aligned_scores/SynthSOD_metadata_aligned_evaluation.json,580.4031065759638,,SynthSOD aligned scores v2,10.5281/zenodo.15575778,https://zenodo.org/records/15575778,"tab-separated note events: onset, offset, MIDI pitch, MIDI instrument",Derived from the original MIDI used to synthesize the SynthSOD audio and aligned to that audio; v2 removes notes absent from the render,midi_derived_note_score_aligned_to_synthetic_orchestra_audio,False,False,False,Metadata only in this repository; source dataset terms apply
synthsod-score-9f0d87638efc73452a5e,minuet_hess-33_orch,SynthSOD_aligned_scores/SynthSOD_score_data/minuet_hess-33_orch.txt,dc7477d44b7ef7ab215370dd0663747d9d07052b0697d984f54cd0b0b60093eb,22600,822,"{""40"":346,""41"":155,""42"":321}",0.755556,113.781270,SynthSOD_aligned_scores/SynthSOD_metadata_aligned_all.json|SynthSOD_aligned_scores/SynthSOD_metadata_aligned_test.json,114.07609977324263,,SynthSOD aligned scores v2,10.5281/zenodo.15575778,https://zenodo.org/records/15575778,"tab-separated note events: onset, offset, MIDI pitch, MIDI instrument",Derived from the original MIDI used to synthesize the SynthSOD audio and aligned to that audio; v2 removes notes absent from the render,midi_derived_note_score_aligned_to_synthetic_orchestra_audio,False,False,False,Metadata only in this repository; source dataset terms apply
synthsod-score-5692dbf64938761f0450,monica_air_and_variations_orch,SynthSOD_aligned_scores/SynthSOD_score_data/monica_air_and_variations_orch.txt,eb71b846c7a54cd5d9260ee3c422f8677064e56b89129036754e6c287d2b1988,287068,9754,"{""56"":2928,""57"":6826}",2.629796,349.334195,SynthSOD_aligned_scores/SynthSOD_metadata_aligned_all.json|SynthSOD_aligned_scores/SynthSOD_metadata_aligned_train.json,456.3118820861678,,SynthSOD aligned scores v2,10.5281/zenodo.15575778,https://zenodo.org/records/15575778,"tab-separated note events: onset, offset, MIDI pitch, MIDI instrument",Derived from the original MIDI used to synthesize the SynthSOD audio and aligned to that audio; v2 removes notes absent from the render,midi_derived_note_score_aligned_to_synthetic_orchestra_audio,False,False,False,Metadata only in this repository; source dataset terms apply
synthsod-score-83fc35536a20c7b896d0,notebook_suite_little_pieces_1_orch,SynthSOD_aligned_scores/SynthSOD_score_data/notebook_suite_little_pieces_1_orch.txt,f65d39b485a9c272b495b34765d52d8c888ce3a4708944589b31137ea2d6d30a,41028,1456,"{""56"":429,""57"":1027}",0.976054,55.549524,SynthSOD_aligned_scores/SynthSOD_metadata_aligned_all.json|SynthSOD_aligned_scores/SynthSOD_metadata_aligned_evaluation.json,55.63358276643991,,SynthSOD aligned scores v2,10.5281/zenodo.15575778,https://zenodo.org/records/15575778,"tab-separated note events: onset, offset, MIDI pitch, MIDI instrument",Derived from the original MIDI used to synthesize the SynthSOD audio and aligned to that audio; v2 removes notes absent from the render,midi_derived_note_score_aligned_to_synthetic_orchestra_audio,False,False,False,Metadata only in this repository; source dataset terms apply
synthsod-score-b691fa7a8e77588769bf,notebook_suite_little_pieces_2_orch,SynthSOD_aligned_scores/SynthSOD_score_data/notebook_suite_little_pieces_2_orch.txt,98e113f21fdad12c1832777fa092c332a2c88edc1df684cf4dfffb487c4acd55,37281,1339,"{""56"":273,""57"":1066}",0.094059,67.095646,SynthSOD_aligned_scores/SynthSOD_metadata_aligned_all.json|SynthSOD_aligned_scores/SynthSOD_metadata_aligned_test.json,67.19938775510204,,SynthSOD aligned scores v2,10.5281/zenodo.15575778,https://zenodo.org/records/15575778,"tab-separated note events: onset, offset, MIDI pitch, MIDI instrument",Derived from the original MIDI used to synthesize the SynthSOD audio and aligned to that audio; v2 removes notes absent from the render,midi_derived_note_score_aligned_to_synthetic_orchestra_audio,False,False,False,Metadata only in this repository; source dataset terms apply
synthsod-score-4e5efc8b584f653714c3,notebook_suite_little_pieces_3_orch,SynthSOD_aligned_scores/SynthSOD_score_data/notebook_suite_little_pieces_3_orch.txt,033d87405ef7f70cbd1d1fdf84d6acd55476b0e27d609c4d0d2e8fb3c14756b2,54275,1857,"{""56"":557,""57"":1300}",0.084036,94.998776,SynthSOD_aligned_scores/SynthSOD_metadata_aligned_all.json|SynthSOD_aligned_scores/SynthSOD_metadata_aligned_train.json,95.07471655328798,,SynthSOD aligned scores v2,10.5281/zenodo.15575778,https://zenodo.org/records/15575778,"tab-separated note events: onset, offset, MIDI pitch, MIDI instrument",Derived from the original MIDI used to synthesize the SynthSOD audio and aligned to that audio; v2 removes notes absent from the render,midi_derived_note_score_aligned_to_synthetic_orchestra_audio,False,False,False,Metadata only in this repository; source dataset terms apply
synthsod-score-d7b4acc0985108f2027a,notebook_suite_little_pieces_4_orch,SynthSOD_aligned_scores/SynthSOD_score_data/notebook_suite_little_pieces_4_orch.txt,f9b90de5aabfb2859042ae839c103a4cfd80094383bddcab767216e8a1a551a8,52384,1855,"{""56"":461,""57"":1394}",0.094059,118.762540,SynthSOD_aligned_scores/SynthSOD_metadata_aligned_all.json|SynthSOD_aligned_scores/SynthSOD_metadata_aligned_test.json,118.84920634920636,,SynthSOD aligned scores v2,10.5281/zenodo.15575778,https://zenodo.org/records/15575778,"tab-separated note events: onset, offset, MIDI pitch, MIDI instrument",Derived from the original MIDI used to synthesize the SynthSOD audio and aligned to that audio; v2 removes notes absent from the render,midi_derived_note_score_aligned_to_synthetic_orchestra_audio,False,False,False,Metadata only in this repository; source dataset terms apply
synthsod-score-8b604494bc85b4109c9c,notebook_suite_little_pieces_5_orch,SynthSOD_aligned_scores/SynthSOD_score_data/notebook_suite_little_pieces_5_orch.txt,39838451496bb99c678ca9111a7e1c2ffee8159060c12b840b07297987ca238e,32759,1187,"{""56"":350,""57"":837}",0.104082,48.613832,SynthSOD_aligned_scores/SynthSOD_metadata_aligned_all.json|SynthSOD_aligned_scores/SynthSOD_metadata_aligned_evaluation.json,48.725192743764175,,SynthSOD aligned scores v2,10.5281/zenodo.15575778,https://zenodo.org/records/15575778,"tab-separated note events: onset, offset, MIDI pitch, MIDI instrument",Derived from the original MIDI used to synthesize the SynthSOD audio and aligned to that audio; v2 removes notes absent from the render,midi_derived_note_score_aligned_to_synthetic_orchestra_audio,False,False,False,Metadata only in this repository; source dataset terms apply
synthsod-score-ea28fdcda81b99592faf,notebook_suite_little_pieces_6_orch,SynthSOD_aligned_scores/SynthSOD_score_data/notebook_suite_little_pieces_6_orch.txt,f33931ef93398dba9240e0c01d1adfdf57c76951a09085198a86478c317f2880,19667,689,"{""56"":213,""57"":476}",0.094059,28.137506,SynthSOD_aligned_scores/SynthSOD_metadata_aligned_all.json|SynthSOD_aligned_scores/SynthSOD_metadata_aligned_test.json,28.220408163265308,,SynthSOD aligned scores v2,10.5281/zenodo.15575778,https://zenodo.org/records/15575778,"tab-separated note events: onset, offset, MIDI pitch, MIDI instrument",Derived from the original MIDI used to synthesize the SynthSOD audio and aligned to that audio; v2 removes notes absent from the render,midi_derived_note_score_aligned_to_synthetic_orchestra_audio,False,False,False,Metadata only in this repository; source dataset terms apply
synthsod-score-2ff324f29e5b1daaae6b,notebook_suite_little_pieces_7_orch,SynthSOD_aligned_scores/SynthSOD_score_data/notebook_suite_little_pieces_7_orch.txt,d75a560f8e5b81a80a2ae96a9520ceb42f7f9fe6817f26b21fbf20c4bbc5e814,42655,1512,"{""56"":414,""57"":1098}",0.094059,97.885306,SynthSOD_aligned_scores/SynthSOD_metadata_aligned_all.json|SynthSOD_aligned_scores/SynthSOD_metadata_aligned_train.json,97.96841269841269,,SynthSOD aligned scores v2,10.5281/zenodo.15575778,https://zenodo.org/records/15575778,"tab-separated note events: onset, offset, MIDI pitch, MIDI instrument",Derived from the original MIDI used to synthesize the SynthSOD audio and aligned to that audio; v2 removes notes absent from the render,midi_derived_note_score_aligned_to_synthetic_orchestra_audio,False,False,False,Metadata only in this repository; source dataset terms apply
synthsod-score-d3f70a8d65e569058569,notebook_suite_little_pieces_8_orch,SynthSOD_aligned_scores/SynthSOD_score_data/notebook_suite_little_pieces_8_orch.txt,789c0f2e0d1022fa9d6a9aab5e8a564adfb8d90735d55a08493d30bf8462f438,63991,2284,"{""56"":578,""57"":1706}",0.104082,83.272245,SynthSOD_aligned_scores/SynthSOD_metadata_aligned_all.json|SynthSOD_aligned_scores/SynthSOD_metadata_aligned_test.json,83.3604081632653,,SynthSOD aligned scores v2,10.5281/zenodo.15575778,https://zenodo.org/records/15575778,"tab-separated note events: onset, offset, MIDI pitch, MIDI instrument",Derived from the original MIDI used to synthesize the SynthSOD audio and aligned to that audio; v2 removes notes absent from the render,midi_derived_note_score_aligned_to_synthetic_orchestra_audio,False,False,False,Metadata only in this repository; source dataset terms apply
synthsod-score-20af419f25ec686be11c,nutcracker_suite_overture_71a_1_orch,SynthSOD_aligned_scores/SynthSOD_score_data/nutcracker_suite_overture_71a_1_orch.txt,7e7cab64dc5947b0f11579d7659b2af5d01d8d7eb6efc676851a216b42f28eb8,377113,13050,"{""0"":206,""40"":1151,""41"":3862,""60"":863,""68"":1804,""70"":1067,""71"":1961,""72"":399,""73"":1737}",0.494966,193.301179,SynthSOD_aligned_scores/SynthSOD_metadata_aligned_all.json|SynthSOD_aligned_scores/SynthSOD_metadata_aligned_train.json,193.38537414965987,,SynthSOD aligned scores v2,10.5281/zenodo.15575778,https://zenodo.org/records/15575778,"tab-separated note events: onset, offset, MIDI pitch, MIDI instrument",Derived from the original MIDI used to synthesize the SynthSOD audio and aligned to that audio; v2 removes notes absent from the render,midi_derived_note_score_aligned_to_synthetic_orchestra_audio,False,False,False,Metadata only in this repository; source dataset terms apply
synthsod-score-3d74fd4b24d11a77887c,olde_suite_1_orch,SynthSOD_aligned_scores/SynthSOD_score_data/olde_suite_1_orch.txt,4d61e6f109539a299f374611faaf2e54cddba3fc0438670806dc5c0b39c48742,21330,741,"{""56"":195,""57"":546}",0.094059,119.163447,SynthSOD_aligned_scores/SynthSOD_metadata_aligned_all.json|SynthSOD_aligned_scores/SynthSOD_metadata_aligned_test.json,119.29401360544217,,SynthSOD aligned scores v2,10.5281/zenodo.15575778,https://zenodo.org/records/15575778,"tab-separated note events: onset, offset, MIDI pitch, MIDI instrument",Derived from the original MIDI used to synthesize the SynthSOD audio and aligned to that audio; v2 removes notes absent from the render,midi_derived_note_score_aligned_to_synthetic_orchestra_audio,False,False,False,Metadata only in this repository; source dataset terms apply
synthsod-score-602ce679635e4be30d44,olde_suite_2_orch,SynthSOD_aligned_scores/SynthSOD_score_data/olde_suite_2_orch.txt,53fdc8eb920e2cc115f7a7f44541555fc52bf848954891ec58ac7b08d556a491,32825,1148,"{""56"":312,""57"":836}",2.138685,74.051383,SynthSOD_aligned_scores/SynthSOD_metadata_aligned_all.json|SynthSOD_aligned_scores/SynthSOD_metadata_aligned_train.json,74.13800453514739,,SynthSOD aligned scores v2,10.5281/zenodo.15575778,https://zenodo.org/records/15575778,"tab-separated note events: onset, offset, MIDI pitch, MIDI instrument",Derived from the original MIDI used to synthesize the SynthSOD audio and aligned to that audio; v2 removes notes absent from the render,midi_derived_note_score_aligned_to_synthetic_orchestra_audio,False,False,False,Metadata only in this repository; source dataset terms apply
synthsod-score-4829e297700a70169a77,olde_suite_3_orch,SynthSOD_aligned_scores/SynthSOD_score_data/olde_suite_3_orch.txt,5cee58d4cc53b9b7a94b0dda9ee0d9c55b5ac9f0d1a4a0c0a5560d44cfe2d799,23685,821,"{""56"":240,""57"":581}",0.274467,57.694376,SynthSOD_aligned_scores/SynthSOD_metadata_aligned_all.json|SynthSOD_aligned_scores/SynthSOD_metadata_aligned_test.json,57.78986394557823,,SynthSOD aligned scores v2,10.5281/zenodo.15575778,https://zenodo.org/records/15575778,"tab-separated note events: onset, offset, MIDI pitch, MIDI instrument",Derived from the original MIDI used to synthesize the SynthSOD audio and aligned to that audio; v2 removes notes absent from the render,midi_derived_note_score_aligned_to_synthetic_orchestra_audio,False,False,False,Metadata only in this repository; source dataset terms apply
synthsod-score-39440c399fcaea8554cf,organ_concerto_4_3_1_orch,SynthSOD_aligned_scores/SynthSOD_score_data/organ_concerto_4_3_1_orch.txt,7dfedd020c1f012a45ed0ca77bd45c6fec98ce6ce7389404e2f1b4bdf1045402,67798,2326,"{""40"":871,""41"":360,""42"":882,""68"":213}",0.134150,170.980680,SynthSOD_aligned_scores/SynthSOD_metadata_aligned_all.json|SynthSOD_aligned_scores/SynthSOD_metadata_aligned_train.json,171.07469387755103,,SynthSOD aligned scores v2,10.5281/zenodo.15575778,https://zenodo.org/records/15575778,"tab-separated note events: onset, offset, MIDI pitch, MIDI instrument",Derived from the original MIDI used to synthesize the SynthSOD audio and aligned to that audio; v2 removes notes absent from the render,midi_derived_note_score_aligned_to_synthetic_orchestra_audio,False,False,False,Metadata only in this repository; source dataset terms apply
synthsod-score-918efdc4f19778177d66,organ_concerto_4_3_3_orch,SynthSOD_aligned_scores/SynthSOD_score_data/organ_concerto_4_3_3_orch.txt,4e6b980930d715c19b1daee5d1a03fb757349ed3f6d52be083305abccbcda9d6,19130,693,"{""40"":277,""41"":146,""42"":188,""68"":82}",0.114104,41.597959,SynthSOD_aligned_scores/SynthSOD_metadata_aligned_all.json|SynthSOD_aligned_scores/SynthSOD_metadata_aligned_test.json,41.703650793650795,,SynthSOD aligned scores v2,10.5281/zenodo.15575778,https://zenodo.org/records/15575778,"tab-separated note events: onset, offset, MIDI pitch, MIDI instrument",Derived from the original MIDI used to synthesize the SynthSOD audio and aligned to that audio; v2 removes notes absent from the render,midi_derived_note_score_aligned_to_synthetic_orchestra_audio,False,False,False,Metadata only in this repository; source dataset terms apply
synthsod-score-2b478c49848c9060eeae,organ_concerto_4_6_1_orch,SynthSOD_aligned_scores/SynthSOD_score_data/organ_concerto_4_6_1_orch.txt,479a4f571599a548d8abaacaada5c4edbe68987c2f364404b924f5473d662e79,233719,7426,"{""40"":1573,""41"":463,""42"":923,""46"":4467}",0.204308,410.031519,SynthSOD_aligned_scores/SynthSOD_metadata_aligned_all.json|SynthSOD_aligned_scores/SynthSOD_metadata_aligned_test.json,410.1346485260771,,SynthSOD aligned scores v2,10.5281/zenodo.15575778,https://zenodo.org/records/15575778,"tab-separated note events: onset, offset, MIDI pitch, MIDI instrument",Derived from the original MIDI used to synthesize the SynthSOD audio and aligned to that audio; v2 removes notes absent from the render,midi_derived_note_score_aligned_to_synthetic_orchestra_audio,False,False,False,Metadata only in this repository; source dataset terms apply
synthsod-score-eda902d812756267eff3,organ_concerto_4_6_2_orch,SynthSOD_aligned_scores/SynthSOD_score_data/organ_concerto_4_6_2_orch.txt,7267ed35f65f5763a5728b2916105f70cfccd7ce45984a064a92099862e6c6aa,145651,4935,"{""40"":1340,""41"":455,""42"":850,""46"":2290}",0.124127,251.743401,SynthSOD_aligned_scores/SynthSOD_metadata_aligned_all.json|SynthSOD_aligned_scores/SynthSOD_metadata_aligned_test.json,251.8232426303855,,SynthSOD aligned scores v2,10.5281/zenodo.15575778,https://zenodo.org/records/15575778,"tab-separated note events: onset, offset, MIDI pitch, MIDI instrument",Derived from the original MIDI used to synthesize the SynthSOD audio and aligned to that audio; v2 removes notes absent from the render,midi_derived_note_score_aligned_to_synthetic_orchestra_audio,False,False,False,Metadata only in this repository; source dataset terms apply
synthsod-score-25fa0099525c51601b2d,ouverture_138_orch,SynthSOD_aligned_scores/SynthSOD_score_data/ouverture_138_orch.txt,f171b0e52ea0838bf300bfc699ccb10e5184ff2870781f5998d78a9c29031918,1509342,51811,"{""40"":4047,""41"":4797,""42"":3420,""43"":6415,""47"":1065,""56"":3245,""60"":7730,""68"":4959,""70"":6367,""71"":5569,""73"":4197}",1.868073,496.426984,SynthSOD_aligned_scores/SynthSOD_metadata_aligned_all.json|SynthSOD_aligned_scores/SynthSOD_metadata_aligned_test.json,497.57614512471656,,SynthSOD aligned scores v2,10.5281/zenodo.15575778,https://zenodo.org/records/15575778,"tab-separated note events: onset, offset, MIDI pitch, MIDI instrument",Derived from the original MIDI used to synthesize the SynthSOD audio and aligned to that audio; v2 removes notes absent from the render,midi_derived_note_score_aligned_to_synthetic_orchestra_audio,False,False,False,Metadata only in this repository; source dataset terms apply
synthsod-score-7825f69ec10664522f52,ouverture_72_orch,SynthSOD_aligned_scores/SynthSOD_score_data/ouverture_72_orch.txt,6e96a458f192aaba853c5315d5f9f531328e5e34a377e068a380561e2a8757a2,2855591,98438,"{""40"":7420,""41"":7320,""42"":5808,""43"":10029,""47"":1517,""56"":5572,""57"":6839,""60"":15352,""68"":10021,""70"":11099,""71"":8512,""73"":8949}",0.915918,776.280136,SynthSOD_aligned_scores/SynthSOD_metadata_aligned_all.json|SynthSOD_aligned_scores/SynthSOD_metadata_aligned_test.json,776.3648299319727,,SynthSOD aligned scores v2,10.5281/zenodo.15575778,https://zenodo.org/records/15575778,"tab-separated note events: onset, offset, MIDI pitch, MIDI instrument",Derived from the original MIDI used to synthesize the SynthSOD audio and aligned to that audio; v2 removes notes absent from the render,midi_derived_note_score_aligned_to_synthetic_orchestra_audio,False,False,False,Metadata only in this repository; source dataset terms apply
synthsod-score-6b943c477f34b8163230,overture_nozze-di-figaro_orch,SynthSOD_aligned_scores/SynthSOD_score_data/overture_nozze-di-figaro_orch.txt,fbcc57e497404e10d5b5f6467708368985fd3f27a36312b6c976414c89c90fb8,458557,16166,"{""41"":4928,""42"":2333,""47"":374,""56"":864,""60"":1631,""68"":1825,""70"":1281,""71"":1317,""73"":1613}",0.314558,302.107347,SynthSOD_aligned_scores/SynthSOD_metadata_aligned_all.json|SynthSOD_aligned_scores/SynthSOD_metadata_aligned_evaluation.json,302.1907029478458,,SynthSOD aligned scores v2,10.5281/zenodo.15575778,https://zenodo.org/records/15575778,"tab-separated note events: onset, offset, MIDI pitch, MIDI instrument",Derived from the original MIDI used to synthesize the SynthSOD audio and aligned to that audio; v2 removes notes absent from the render,midi_derived_note_score_aligned_to_synthetic_orchestra_audio,False,False,False,Metadata only in this repository; source dataset terms apply
synthsod-score-0ce25eb4c116aab534a5,partita_c-minor_9_orch,SynthSOD_aligned_scores/SynthSOD_score_data/partita_c-minor_9_orch.txt,9ccbc001a072fb55582f3c30d60e53639bb5299368020e8493804d2211d6cf48,85351,2922,"{""40"":1489,""41"":695,""43"":738}",0.104082,293.247302,SynthSOD_aligned_scores/SynthSOD_metadata_aligned_all.json|SynthSOD_aligned_scores/SynthSOD_metadata_aligned_train.json,293.33532879818597,,SynthSOD aligned scores v2,10.5281/zenodo.15575778,https://zenodo.org/records/15575778,"tab-separated note events: onset, offset, MIDI pitch, MIDI instrument",Derived from the original MIDI used to synthesize the SynthSOD audio and aligned to that audio; v2 removes notes absent from the render,midi_derived_note_score_aligned_to_synthetic_orchestra_audio,False,False,False,Metadata only in this repository; source dataset terms apply
synthsod-score-68fe89c1cbb4b9159e45,persee_act-i_scene-v_9b_orch,SynthSOD_aligned_scores/SynthSOD_score_data/persee_act-i_scene-v_9b_orch.txt,f4b6d063b48eba8483db7ea12f33a80efcaefaf27301255dfe58436e42dbad98,51392,1907,"{""40"":618,""42"":884,""68"":405}",0.094059,89.556463,SynthSOD_aligned_scores/SynthSOD_metadata_aligned_all.json|SynthSOD_aligned_scores/SynthSOD_metadata_aligned_evaluation.json,89.64260770975056,,SynthSOD aligned scores v2,10.5281/zenodo.15575778,https://zenodo.org/records/15575778,"tab-separated note events: onset, offset, MIDI pitch, MIDI instrument",Derived from the original MIDI used to synthesize the SynthSOD audio and aligned to that audio; v2 removes notes absent from the render,midi_derived_note_score_aligned_to_synthetic_orchestra_audio,False,False,False,Metadata only in this repository; source dataset terms apply
synthsod-score-c2eeebd6734bbc5fb6fa,persee_act-ii_scene-i_11a_orch,SynthSOD_aligned_scores/SynthSOD_score_data/persee_act-ii_scene-i_11a_orch.txt,43611c769f460ca820fd636ca18d673003f687847ffb7ecec69e26e38a604f77,19499,728,"{""40"":256,""42"":212,""68"":260}",0.154195,44.394286,SynthSOD_aligned_scores/SynthSOD_metadata_aligned_all.json|SynthSOD_aligned_scores/SynthSOD_metadata_aligned_train.json,44.492380952380955,,SynthSOD aligned scores v2,10.5281/zenodo.15575778,https://zenodo.org/records/15575778,"tab-separated note events: onset, offset, MIDI pitch, MIDI instrument",Derived from the original MIDI used to synthesize the SynthSOD audio and aligned to that audio; v2 removes notes absent from the render,midi_derived_note_score_aligned_to_synthetic_orchestra_audio,False,False,False,Metadata only in this repository; source dataset terms apply
synthsod-score-07ae06f41b53e31010ed,persee_act-ii_scene-ix_19a_orch,SynthSOD_aligned_scores/SynthSOD_score_data/persee_act-ii_scene-ix_19a_orch.txt,57a755098fd13c576f144b47487ad78096ddad60c2e45b38bcbcb01651dfedcc,24536,875,"{""40"":203,""42"":432,""68"":240}",1.316825,50.137279,SynthSOD_aligned_scores/SynthSOD_metadata_aligned_all.json|SynthSOD_aligned_scores/SynthSOD_metadata_aligned_test.json,50.26979591836735,,SynthSOD aligned scores v2,10.5281/zenodo.15575778,https://zenodo.org/records/15575778,"tab-separated note events: onset, offset, MIDI pitch, MIDI instrument",Derived from the original MIDI used to synthesize the SynthSOD audio and aligned to that audio; v2 removes notes absent from the render,midi_derived_note_score_aligned_to_synthetic_orchestra_audio,False,False,False,Metadata only in this repository; source dataset terms apply
synthsod-score-4c571ac4e4b2c4854e5f,persee_act-ii_scene-v_15a_orch,SynthSOD_aligned_scores/SynthSOD_score_data/persee_act-ii_scene-v_15a_orch.txt,8e2ba3a2d51ba0e381864c3af3b43eee21908e1e03b2041c206dd9bdba31a798,40505,1418,"{""40"":365,""42"":658,""68"":395}",0.144172,164.145215,SynthSOD_aligned_scores/SynthSOD_metadata_aligned_all.json|SynthSOD_aligned_scores/SynthSOD_metadata_aligned_train.json,164.2737188208617,,SynthSOD aligned scores v2,10.5281/zenodo.15575778,https://zenodo.org/records/15575778,"tab-separated note events: onset, offset, MIDI pitch, MIDI instrument",Derived from the original MIDI used to synthesize the SynthSOD audio and aligned to that audio; v2 removes notes absent from the render,midi_derived_note_score_aligned_to_synthetic_orchestra_audio,False,False,False,Metadata only in this repository; source dataset terms apply
synthsod-score-73b0f7e381f4a0489306,persee_act-ii_scene-viii_18a_orch,SynthSOD_aligned_scores/SynthSOD_score_data/persee_act-ii_scene-viii_18a_orch.txt,1f7ca48a70044b5192ca80be5a476a88a7b5fbfec37d8ee571beeca70da01863,15340,523,"{""40"":140,""42"":278,""68"":105}",1.216599,44.905442,SynthSOD_aligned_scores/SynthSOD_metadata_aligned_all.json|SynthSOD_aligned_scores/SynthSOD_metadata_aligned_test.json,44.993968253968255,,SynthSOD aligned scores v2,10.5281/zenodo.15575778,https://zenodo.org/records/15575778,"tab-separated note events: onset, offset, MIDI pitch, MIDI instrument",Derived from the original MIDI used to synthesize the SynthSOD audio and aligned to that audio; v2 removes notes absent from the render,midi_derived_note_score_aligned_to_synthetic_orchestra_audio,False,False,False,Metadata only in this repository; source dataset terms apply
synthsod-score-047a2766d2bb86194e2f,persee_act-ii_scene-x_20c_orch,SynthSOD_aligned_scores/SynthSOD_score_data/persee_act-ii_scene-x_20c_orch.txt,f7f51d22783f2c64babe9633928b1ed2f84cb51c548557972c8adfd580be7a40,67784,2364,"{""40"":742,""42"":962,""68"":660}",0.134150,115.775782,SynthSOD_aligned_scores/SynthSOD_metadata_aligned_all.json|SynthSOD_aligned_scores/SynthSOD_metadata_aligned_train.json,115.86730158730158,,SynthSOD aligned scores v2,10.5281/zenodo.15575778,https://zenodo.org/records/15575778,"tab-separated note events: onset, offset, MIDI pitch, MIDI instrument",Derived from the original MIDI used to synthesize the SynthSOD audio and aligned to that audio; v2 removes notes absent from the render,midi_derived_note_score_aligned_to_synthetic_orchestra_audio,False,False,False,Metadata only in this repository; source dataset terms apply
synthsod-score-2bdd88dd9715b5e42a30,persee_act-iii_scene-ii_22a_orch,SynthSOD_aligned_scores/SynthSOD_score_data/persee_act-iii_scene-ii_22a_orch.txt,798f4ec8b27ae954f72dd46fad4837b8c995927dfb601db1fca2b9a5b29c8be4,29328,1109,"{""40"":194,""42"":344,""68"":571}",0.104082,34.862721,SynthSOD_aligned_scores/SynthSOD_metadata_aligned_all.json|SynthSOD_aligned_scores/SynthSOD_metadata_aligned_train.json,35.06895691609977,,SynthSOD aligned scores v2,10.5281/zenodo.15575778,https://zenodo.org/records/15575778,"tab-separated note events: onset, offset, MIDI pitch, MIDI instrument",Derived from the original MIDI used to synthesize the SynthSOD audio and aligned to that audio; v2 removes notes absent from the render,midi_derived_note_score_aligned_to_synthetic_orchestra_audio,False,False,False,Metadata only in this repository; source dataset terms apply
synthsod-score-95ea253da80e3c8067d8,persee_act-iii_scene-ii_22b_orch,SynthSOD_aligned_scores/SynthSOD_score_data/persee_act-iii_scene-ii_22b_orch.txt,3cee48a8bbab08c65be4c0b193b888cb7167802107f235b4a218d8e711dd1c62,19172,735,"{""40"":133,""42"":219,""68"":383}",0.104082,18.495692,SynthSOD_aligned_scores/SynthSOD_metadata_aligned_all.json|SynthSOD_aligned_scores/SynthSOD_metadata_aligned_test.json,18.571315192743764,,SynthSOD aligned scores v2,10.5281/zenodo.15575778,https://zenodo.org/records/15575778,"tab-separated note events: onset, offset, MIDI pitch, MIDI instrument",Derived from the original MIDI used to synthesize the SynthSOD audio and aligned to that audio; v2 removes notes absent from the render,midi_derived_note_score_aligned_to_synthetic_orchestra_audio,False,False,False,Metadata only in this repository; source dataset terms apply
synthsod-score-4ffac8fee72ae29f98cc,persee_act-iii_scene-ii_22c_orch,SynthSOD_aligned_scores/SynthSOD_score_data/persee_act-iii_scene-ii_22c_orch.txt,179d39d6ca4687ff8dc3acec17bfcdac56c315dfe071ae11660b47294de344e0,22672,850,"{""40"":271,""42"":408,""68"":171}",0.875828,31.414921,SynthSOD_aligned_scores/SynthSOD_metadata_aligned_all.json|SynthSOD_aligned_scores/SynthSOD_metadata_aligned_train.json,31.50104308390023,,SynthSOD aligned scores v2,10.5281/zenodo.15575778,https://zenodo.org/records/15575778,"tab-separated note events: onset, offset, MIDI pitch, MIDI instrument",Derived from the original MIDI used to synthesize the SynthSOD audio and aligned to that audio; v2 removes notes absent from the render,midi_derived_note_score_aligned_to_synthetic_orchestra_audio,False,False,False,Metadata only in this repository; source dataset terms apply
synthsod-score-d1b9a6e29d026dfa036d,persee_act-iv_scene-vi_30c_orch,SynthSOD_aligned_scores/SynthSOD_score_data/persee_act-iv_scene-vi_30c_orch.txt,8950b1da3238de38d353fc8b8368d3264dfe5cb50e38dbbccff589337990dbdd,30148,1132,"{""40"":209,""42"":634,""68"":289}",0.254422,69.932063,SynthSOD_aligned_scores/SynthSOD_metadata_aligned_all.json|SynthSOD_aligned_scores/SynthSOD_metadata_aligned_train.json,75.33190476190477,,SynthSOD aligned scores v2,10.5281/zenodo.15575778,https://zenodo.org/records/15575778,"tab-separated note events: onset, offset, MIDI pitch, MIDI instrument",Derived from the original MIDI used to synthesize the SynthSOD audio and aligned to that audio; v2 removes notes absent from the render,midi_derived_note_score_aligned_to_synthetic_orchestra_audio,False,False,False,Metadata only in this repository; source dataset terms apply
synthsod-score-931aec606122c135303f,persee_act-v_scene-v-vii_37_orch,SynthSOD_aligned_scores/SynthSOD_score_data/persee_act-v_scene-v-vii_37_orch.txt,9af1d20bd728b17299f1d99bb168059853b9c9416a6e392d7d9460f6eb58ccb6,35153,1291,"{""40"":284,""42"":794,""68"":213}",0.114104,87.972880,SynthSOD_aligned_scores/SynthSOD_metadata_aligned_all.json|SynthSOD_aligned_scores/SynthSOD_metadata_aligned_train.json,89.05428571428571,,SynthSOD aligned scores v2,10.5281/zenodo.15575778,https://zenodo.org/records/15575778,"tab-separated note events: onset, offset, MIDI pitch, MIDI instrument",Derived from the original MIDI used to synthesize the SynthSOD audio and aligned to that audio; v2 removes notes absent from the render,midi_derived_note_score_aligned_to_synthetic_orchestra_audio,False,False,False,Metadata only in this repository; source dataset terms apply
synthsod-score-f208f1cc592194337d06,persee_act-v_scene-viii_38a_orch,SynthSOD_aligned_scores/SynthSOD_score_data/persee_act-v_scene-viii_38a_orch.txt,1e60ff1153bfdb2a838badd6d836f785bbe0d4e1438dc86f773de5d09ea2ca8b,48304,1769,"{""40"":247,""42"":726,""68"":796}",0.114104,104.971338,SynthSOD_aligned_scores/SynthSOD_metadata_aligned_all.json|SynthSOD_aligned_scores/SynthSOD_metadata_aligned_train.json,105.07455782312925,,SynthSOD aligned scores v2,10.5281/zenodo.15575778,https://zenodo.org/records/15575778,"tab-separated note events: onset, offset, MIDI pitch, MIDI instrument",Derived from the original MIDI used to synthesize the SynthSOD audio and aligned to that audio; v2 removes notes absent from the render,midi_derived_note_score_aligned_to_synthetic_orchestra_audio,False,False,False,Metadata only in this repository; source dataset terms apply
synthsod-score-678b8697dfe0529e098f,persee_prologue_3a_orch,SynthSOD_aligned_scores/SynthSOD_score_data/persee_prologue_3a_orch.txt,534171cb5c6e527a53c0e3392046d986cf5bc245c03cd3db1666bc2b3f98e2a5,45743,1694,"{""40"":515,""42"":665,""68"":514}",0.144172,71.505624,SynthSOD_aligned_scores/SynthSOD_metadata_aligned_all.json|SynthSOD_aligned_scores/SynthSOD_metadata_aligned_train.json,78.23387755102041,,SynthSOD aligned scores v2,10.5281/zenodo.15575778,https://zenodo.org/records/15575778,"tab-separated note events: onset, offset, MIDI pitch, MIDI instrument",Derived from the original MIDI used to synthesize the SynthSOD audio and aligned to that audio; v2 removes notes absent from the render,midi_derived_note_score_aligned_to_synthetic_orchestra_audio,False,False,False,Metadata only in this repository; source dataset terms apply
synthsod-score-4da8bfd8ba5f5f2b07aa,persee_prologue_3d_orch,SynthSOD_aligned_scores/SynthSOD_score_data/persee_prologue_3d_orch.txt,b463363b88558e8bab330445c8272132a1c537367540104bebedda713938efa1,64931,2314,"{""40"":496,""42"":897,""68"":921}",0.164218,150.283855,SynthSOD_aligned_scores/SynthSOD_metadata_aligned_all.json|SynthSOD_aligned_scores/SynthSOD_metadata_aligned_train.json,150.35918367346937,,SynthSOD aligned scores v2,10.5281/zenodo.15575778,https://zenodo.org/records/15575778,"tab-separated note events: onset, offset, MIDI pitch, MIDI instrument",Derived from the original MIDI used to synthesize the SynthSOD audio and aligned to that audio; v2 removes notes absent from the render,midi_derived_note_score_aligned_to_synthetic_orchestra_audio,False,False,False,Metadata only in this repository; source dataset terms apply
synthsod-score-e669fecd91f965c8f908,persee_prologue_4b_orch,SynthSOD_aligned_scores/SynthSOD_score_data/persee_prologue_4b_orch.txt,de1f37c3ef428355774602ce73c06dafb2aa04a6c3c43f47fed8df203b0e3226,112037,3972,"{""40"":1253,""42"":1626,""68"":1093}",0.986077,218.478141,SynthSOD_aligned_scores/SynthSOD_metadata_aligned_all.json|SynthSOD_aligned_scores/SynthSOD_metadata_aligned_train.json,218.5715873015873,,SynthSOD aligned scores v2,10.5281/zenodo.15575778,https://zenodo.org/records/15575778,"tab-separated note events: onset, offset, MIDI pitch, MIDI instrument",Derived from the original MIDI used to synthesize the SynthSOD audio and aligned to that audio; v2 removes notes absent from the render,midi_derived_note_score_aligned_to_synthetic_orchestra_audio,False,False,False,Metadata only in this repository; source dataset terms apply
synthsod-score-9dd15d7cfe0b379f5b15,pictures_et_exhibition_3_orch,SynthSOD_aligned_scores/SynthSOD_score_data/pictures_et_exhibition_3_orch.txt,054bf20e23e2ffedb16664c696665a7ef1e2458bb20076e9c1452ac77d984f90,75922,2732,"{""0"":5,""40"":175,""41"":292,""42"":180,""43"":90,""46"":199,""56"":32,""58"":32,""60"":133,""68"":365,""70"":459,""71"":528,""73"":242}",7.360499,105.282041,SynthSOD_aligned_scores/SynthSOD_metadata_aligned_all.json|SynthSOD_aligned_scores/SynthSOD_metadata_aligned_train.json,105.37149659863945,,SynthSOD aligned scores v2,10.5281/zenodo.15575778,https://zenodo.org/records/15575778,"tab-separated note events: onset, offset, MIDI pitch, MIDI instrument",Derived from the original MIDI used to synthesize the SynthSOD audio and aligned to that audio; v2 removes notes absent from the render,midi_derived_note_score_aligned_to_synthetic_orchestra_audio,False,False,False,Metadata only in this repository; source dataset terms apply
synthsod-score-95063e9a13011c6983a1,preambulum_for_organ_orch,SynthSOD_aligned_scores/SynthSOD_score_data/preambulum_for_organ_orch.txt,f1c1168d9cc8043640068e19316f5cd0a2faf55e3e79a2172074265f5398696e,13974,518,"{""56"":104,""57"":89,""58"":215,""60"":110}",0.094059,54.447029,SynthSOD_aligned_scores/SynthSOD_metadata_aligned_all.json|SynthSOD_aligned_scores/SynthSOD_metadata_aligned_train.json,54.54775510204082,,SynthSOD aligned scores v2,10.5281/zenodo.15575778,https://zenodo.org/records/15575778,"tab-separated note events: onset, offset, MIDI pitch, MIDI instrument",Derived from the original MIDI used to synthesize the SynthSOD audio and aligned to that audio; v2 removes notes absent from the render,midi_derived_note_score_aligned_to_synthetic_orchestra_audio,False,False,False,Metadata only in this repository; source dataset terms apply
synthsod-score-21005ab22d7c5517508a,prelude_and_fugue_hess-30_orch,SynthSOD_aligned_scores/SynthSOD_score_data/prelude_and_fugue_hess-30_orch.txt,a5c367dde5f7a58ea74b7c9d0f2301f88b08999c7a5867b7fa344cb30ba985df,299165,10461,"{""40"":4462,""41"":2071,""42"":3928}",2.028435,485.893152,SynthSOD_aligned_scores/SynthSOD_metadata_aligned_all.json|SynthSOD_aligned_scores/SynthSOD_metadata_aligned_test.json,485.9983673469388,,SynthSOD aligned scores v2,10.5281/zenodo.15575778,https://zenodo.org/records/15575778,"tab-separated note events: onset, offset, MIDI pitch, MIDI instrument",Derived from the original MIDI used to synthesize the SynthSOD audio and aligned to that audio; v2 removes notes absent from the render,midi_derived_note_score_aligned_to_synthetic_orchestra_audio,False,False,False,Metadata only in this repository; source dataset terms apply
synthsod-score-9518b2708b47107895ee,prelude_and_fugue_hess-31_orch,SynthSOD_aligned_scores/SynthSOD_score_data/prelude_and_fugue_hess-31_orch.txt,9d547bc526ab93347983858b6444414e4731fa29c121918e5f16fb4ae88b1bef,154504,5457,"{""40"":2267,""41"":1104,""42"":2086}",1.266712,233.421950,SynthSOD_aligned_scores/SynthSOD_metadata_aligned_all.json|SynthSOD_aligned_scores/SynthSOD_metadata_aligned_train.json,239.85013605442177,,SynthSOD aligned scores v2,10.5281/zenodo.15575778,https://zenodo.org/records/15575778,"tab-separated note events: onset, offset, MIDI pitch, MIDI instrument",Derived from the original MIDI used to synthesize the SynthSOD audio and aligned to that audio; v2 removes notes absent from the render,midi_derived_note_score_aligned_to_synthetic_orchestra_audio,False,False,False,Metadata only in this repository; source dataset terms apply
synthsod-score-3cccd68c5ba75c82a6aa,prelude_from_te_deum_orch,SynthSOD_aligned_scores/SynthSOD_score_data/prelude_from_te_deum_orch.txt,18edafad90088ee6718a8813094a8ca1b0837bd36bacfe73443b1c84ce18310d,104606,3839,"{""56"":1297,""57"":2542}",1.256689,89.666712,SynthSOD_aligned_scores/SynthSOD_metadata_aligned_all.json|SynthSOD_aligned_scores/SynthSOD_metadata_aligned_train.json,89.75641723356009,,SynthSOD aligned scores v2,10.5281/zenodo.15575778,https://zenodo.org/records/15575778,"tab-separated note events: onset, offset, MIDI pitch, MIDI instrument",Derived from the original MIDI used to synthesize the SynthSOD audio and aligned to that audio; v2 removes notes absent from the render,midi_derived_note_score_aligned_to_synthetic_orchestra_audio,False,False,False,Metadata only in this repository; source dataset terms apply
synthsod-score-8be5760fff423a42423f,preludes_and_fugues_87_06b-a_orch,SynthSOD_aligned_scores/SynthSOD_score_data/preludes_and_fugues_87_06b-a_orch.txt,d854d650e7324a0155a231d2e7e9df2f78e0d0a397635e2800b9548a9edaa550,442978,15668,"{""56"":2398,""57"":3384,""58"":6844,""60"":3042}",0.114104,233.271610,SynthSOD_aligned_scores/SynthSOD_metadata_aligned_all.json|SynthSOD_aligned_scores/SynthSOD_metadata_aligned_train.json,233.36614512471655,,SynthSOD aligned scores v2,10.5281/zenodo.15575778,https://zenodo.org/records/15575778,"tab-separated note events: onset, offset, MIDI pitch, MIDI instrument",Derived from the original MIDI used to synthesize the SynthSOD audio and aligned to that audio; v2 removes notes absent from the render,midi_derived_note_score_aligned_to_synthetic_orchestra_audio,False,False,False,Metadata only in this repository; source dataset terms apply
synthsod-score-f4c25a4fa03a89690ebf,preludes_and_fugues_87_11b-a_orch,SynthSOD_aligned_scores/SynthSOD_score_data/preludes_and_fugues_87_11b-a_orch.txt,dd0821e5f3c0beb9f2ece8bb6edc2c2b035a73c86fe821b7fddbf24449ab08e3,89640,3217,"{""69"":775,""70"":1476,""73"":966}",0.384717,137.254376,SynthSOD_aligned_scores/SynthSOD_metadata_aligned_all.json|SynthSOD_aligned_scores/SynthSOD_metadata_aligned_train.json,137.32916099773243,,SynthSOD aligned scores v2,10.5281/zenodo.15575778,https://zenodo.org/records/15575778,"tab-separated note events: onset, offset, MIDI pitch, MIDI instrument",Derived from the original MIDI used to synthesize the SynthSOD audio and aligned to that audio; v2 removes notes absent from the render,midi_derived_note_score_aligned_to_synthetic_orchestra_audio,False,False,False,Metadata only in this repository; source dataset terms apply
synthsod-score-a08366b82f96cde9d55d,quartet_in_concert_form_2-3_orch,SynthSOD_aligned_scores/SynthSOD_score_data/quartet_in_concert_form_2-3_orch.txt,a5b6fbdacfdbe50f7855fdd1aeb3de7b0a679953d21b35bc4379eec02905f1fb,113387,3907,"{""40"":2931,""60"":976}",0.765578,273.332245,SynthSOD_aligned_scores/SynthSOD_metadata_aligned_all.json|SynthSOD_aligned_scores/SynthSOD_metadata_aligned_train.json,273.42587301587304,,SynthSOD aligned scores v2,10.5281/zenodo.15575778,https://zenodo.org/records/15575778,"tab-separated note events: onset, offset, MIDI pitch, MIDI instrument",Derived from the original MIDI used to synthesize the SynthSOD audio and aligned to that audio; v2 removes notes absent from the render,midi_derived_note_score_aligned_to_synthetic_orchestra_audio,False,False,False,Metadata only in this repository; source dataset terms apply
synthsod-score-c4270be3ea352d35c5c1,quartet_in_concert_from_1_orch,SynthSOD_aligned_scores/SynthSOD_score_data/quartet_in_concert_from_1_orch.txt,22370344437e7ff157b9b3b4466204bb141d309b88e81f06c4377e9b49e29dde,129964,4475,"{""40"":3565,""60"":910}",0.996100,229.893968,SynthSOD_aligned_scores/SynthSOD_metadata_aligned_all.json|SynthSOD_aligned_scores/SynthSOD_metadata_aligned_test.json,233.13850340136054,,SynthSOD aligned scores v2,10.5281/zenodo.15575778,https://zenodo.org/records/15575778,"tab-separated note events: onset, offset, MIDI pitch, MIDI instrument",Derived from the original MIDI used to synthesize the SynthSOD audio and aligned to that audio; v2 removes notes absent from the render,midi_derived_note_score_aligned_to_synthetic_orchestra_audio,False,False,False,Metadata only in this repository; source dataset terms apply
synthsod-score-6ba75540be12a021791e,recercari-et-canzoni-francesi_recercar_ii_orch,SynthSOD_aligned_scores/SynthSOD_score_data/recercari-et-canzoni-francesi_recercar_ii_orch.txt,fdc714bbf6d0a8afb1383d9a34f2e1d62bc248306b2446854a58a30124a47701,125122,4246,"{""56"":1506,""57"":2740}",0.084036,379.271927,SynthSOD_aligned_scores/SynthSOD_metadata_aligned_all.json|SynthSOD_aligned_scores/SynthSOD_metadata_aligned_train.json,379.35045351473923,,SynthSOD aligned scores v2,10.5281/zenodo.15575778,https://zenodo.org/records/15575778,"tab-separated note events: onset, offset, MIDI pitch, MIDI instrument",Derived from the original MIDI used to synthesize the SynthSOD audio and aligned to that audio; v2 removes notes absent from the render,midi_derived_note_score_aligned_to_synthetic_orchestra_audio,False,False,False,Metadata only in this repository; source dataset terms apply
synthsod-score-a5dbd440dbcdd9a2a7a2,recercari-et-canzoni-francesi_recercar_iv_orch,SynthSOD_aligned_scores/SynthSOD_score_data/recercari-et-canzoni-francesi_recercar_iv_orch.txt,50ef382c328a67a7e51fda41c96b745f43e6319395e2116ec44d070459ef5278,115273,4024,"{""56"":1477,""57"":2547}",11.449751,249.187619,SynthSOD_aligned_scores/SynthSOD_metadata_aligned_all.json|SynthSOD_aligned_scores/SynthSOD_metadata_aligned_train.json,249.28367346938776,,SynthSOD aligned scores v2,10.5281/zenodo.15575778,https://zenodo.org/records/15575778,"tab-separated note events: onset, offset, MIDI pitch, MIDI instrument",Derived from the original MIDI used to synthesize the SynthSOD audio and aligned to that audio; v2 removes notes absent from the render,midi_derived_note_score_aligned_to_synthetic_orchestra_audio,False,False,False,Metadata only in this repository; source dataset terms apply
synthsod-score-fb916b70405fb2a819a3,recercari-et-canzoni-francesi_recercar_ix_orch,SynthSOD_aligned_scores/SynthSOD_score_data/recercari-et-canzoni-francesi_recercar_ix_orch.txt,520d91ba1838e5ff0173a9390c20eca7f303037be25912959ac4243a4261d2a1,89763,3077,"{""56"":1020,""57"":2057}",6.348209,202.081043,SynthSOD_aligned_scores/SynthSOD_metadata_aligned_all.json|SynthSOD_aligned_scores/SynthSOD_metadata_aligned_train.json,202.32045351473923,,SynthSOD aligned scores v2,10.5281/zenodo.15575778,https://zenodo.org/records/15575778,"tab-separated note events: onset, offset, MIDI pitch, MIDI instrument",Derived from the original MIDI used to synthesize the SynthSOD audio and aligned to that audio; v2 removes notes absent from the render,midi_derived_note_score_aligned_to_synthetic_orchestra_audio,False,False,False,Metadata only in this repository; source dataset terms apply
synthsod-score-517c42dc8896d82e3ae7,recercari-et-canzoni-francesi_recercar_vii_orch,SynthSOD_aligned_scores/SynthSOD_score_data/recercari-et-canzoni-francesi_recercar_vii_orch.txt,52f9f91d19df35521517cec6bebd4682ef5bea92d5df85056dab39b1e5e66645,102852,3647,"{""56"":1287,""57"":2360}",0.895873,153.511156,SynthSOD_aligned_scores/SynthSOD_metadata_aligned_all.json|SynthSOD_aligned_scores/SynthSOD_metadata_aligned_train.json,153.58780045351475,,SynthSOD aligned scores v2,10.5281/zenodo.15575778,https://zenodo.org/records/15575778,"tab-separated note events: onset, offset, MIDI pitch, MIDI instrument",Derived from the original MIDI used to synthesize the SynthSOD audio and aligned to that audio; v2 removes notes absent from the render,midi_derived_note_score_aligned_to_synthetic_orchestra_audio,False,False,False,Metadata only in this repository; source dataset terms apply
synthsod-score-1d323430160eb7e81cd3,recercari-et-canzoni-francesi_recercar_viii_orch,SynthSOD_aligned_scores/SynthSOD_score_data/recercari-et-canzoni-francesi_recercar_viii_orch.txt,b208fd88f1b43e2399b7f009b9d2a340f2774c17f5790b6a3e2d374d9a38aa61,75232,2562,"{""56"":808,""57"":1754}",0.114104,196.227800,SynthSOD_aligned_scores/SynthSOD_metadata_aligned_all.json|SynthSOD_aligned_scores/SynthSOD_metadata_aligned_train.json,196.31607709750566,,SynthSOD aligned scores v2,10.5281/zenodo.15575778,https://zenodo.org/records/15575778,"tab-separated note events: onset, offset, MIDI pitch, MIDI instrument",Derived from the original MIDI used to synthesize the SynthSOD audio and aligned to that audio; v2 removes notes absent from the render,midi_derived_note_score_aligned_to_synthetic_orchestra_audio,False,False,False,Metadata only in this repository; source dataset terms apply
synthsod-score-03c7ebdf89483bcdee9f,renaissance_suite_1_orch,SynthSOD_aligned_scores/SynthSOD_score_data/renaissance_suite_1_orch.txt,464174693a14b98baaa0becc2d133cab8cc5026162d69610acfe75241e51f6e8,29990,1039,"{""56"":291,""57"":748}",0.094059,50.668481,SynthSOD_aligned_scores/SynthSOD_metadata_aligned_all.json|SynthSOD_aligned_scores/SynthSOD_metadata_aligned_evaluation.json,50.76102040816327,,SynthSOD aligned scores v2,10.5281/zenodo.15575778,https://zenodo.org/records/15575778,"tab-separated note events: onset, offset, MIDI pitch, MIDI instrument",Derived from the original MIDI used to synthesize the SynthSOD audio and aligned to that audio; v2 removes notes absent from the render,midi_derived_note_score_aligned_to_synthetic_orchestra_audio,False,False,False,Metadata only in this repository; source dataset terms apply
synthsod-score-1da9ee862488120af463,renaissance_suite_2_orch,SynthSOD_aligned_scores/SynthSOD_score_data/renaissance_suite_2_orch.txt,d7f04394c8290b2895f9d7109245606bb02370158bb569160a9612e0c71f193d,22593,812,"{""56"":256,""57"":556}",0.094059,31.715601,SynthSOD_aligned_scores/SynthSOD_metadata_aligned_all.json|SynthSOD_aligned_scores/SynthSOD_metadata_aligned_test.json,31.808798185941043,,SynthSOD aligned scores v2,10.5281/zenodo.15575778,https://zenodo.org/records/15575778,"tab-separated note events: onset, offset, MIDI pitch, MIDI instrument",Derived from the original MIDI used to synthesize the SynthSOD audio and aligned to that audio; v2 removes notes absent from the render,midi_derived_note_score_aligned_to_synthetic_orchestra_audio,False,False,False,Metadata only in this repository; source dataset terms apply
synthsod-score-b66a6e6d1635bc50ff92,renaissance_suite_3_orch,SynthSOD_aligned_scores/SynthSOD_score_data/renaissance_suite_3_orch.txt,1175e51188a6f483e6281a1eae878c14e5231c4e6dd1f07eff81427c8ae2c909,21889,758,"{""56"":134,""57"":624}",1.507256,53.144082,SynthSOD_aligned_scores/SynthSOD_metadata_aligned_all.json|SynthSOD_aligned_scores/SynthSOD_metadata_aligned_train.json,53.23671201814059,,SynthSOD aligned scores v2,10.5281/zenodo.15575778,https://zenodo.org/records/15575778,"tab-separated note events: onset, offset, MIDI pitch, MIDI instrument",Derived from the original MIDI used to synthesize the SynthSOD audio and aligned to that audio; v2 removes notes absent from the render,midi_derived_note_score_aligned_to_synthetic_orchestra_audio,False,False,False,Metadata only in this repository; source dataset terms apply
synthsod-score-3c7ae056320075d044cf,renaissance_suite_4_orch,SynthSOD_aligned_scores/SynthSOD_score_data/renaissance_suite_4_orch.txt,ae5f442a688786ccf459363f09cca2e6e9731d319a3af20a28dfaef760e45faf,15923,532,"{""56"":156,""57"":376}",0.094059,40.224853,SynthSOD_aligned_scores/SynthSOD_metadata_aligned_all.json|SynthSOD_aligned_scores/SynthSOD_metadata_aligned_test.json,40.31492063492063,,SynthSOD aligned scores v2,10.5281/zenodo.15575778,https://zenodo.org/records/15575778,"tab-separated note events: onset, offset, MIDI pitch, MIDI instrument",Derived from the original MIDI used to synthesize the SynthSOD audio and aligned to that audio; v2 removes notes absent from the render,midi_derived_note_score_aligned_to_synthetic_orchestra_audio,False,False,False,Metadata only in this repository; source dataset terms apply
synthsod-score-c42ca050f2bd2fa64c52,renaissance_suite_5_orch,SynthSOD_aligned_scores/SynthSOD_score_data/renaissance_suite_5_orch.txt,3382ea4ad76961193cc78f13c7d21c69edeb8c1e57d8f7b281c7f5b52c719f6c,19830,706,"{""56"":158,""57"":548}",0.094059,42.710476,SynthSOD_aligned_scores/SynthSOD_metadata_aligned_all.json|SynthSOD_aligned_scores/SynthSOD_metadata_aligned_evaluation.json,42.8121768707483,,SynthSOD aligned scores v2,10.5281/zenodo.15575778,https://zenodo.org/records/15575778,"tab-separated note events: onset, offset, MIDI pitch, MIDI instrument",Derived from the original MIDI used to synthesize the SynthSOD audio and aligned to that audio; v2 removes notes absent from the render,midi_derived_note_score_aligned_to_synthetic_orchestra_audio,False,False,False,Metadata only in this repository; source dataset terms apply
synthsod-score-6a6177ac3fc4ab8ef62e,renaissance_suite_6_orch,SynthSOD_aligned_scores/SynthSOD_score_data/renaissance_suite_6_orch.txt,88522c4d52e33797bfd0d9940e45ee76acc09b636de98c6a99602d10549f3508,25551,872,"{""56"":188,""57"":684}",0.104082,63.738050,SynthSOD_aligned_scores/SynthSOD_metadata_aligned_all.json|SynthSOD_aligned_scores/SynthSOD_metadata_aligned_test.json,63.82877551020408,,SynthSOD aligned scores v2,10.5281/zenodo.15575778,https://zenodo.org/records/15575778,"tab-separated note events: onset, offset, MIDI pitch, MIDI instrument",Derived from the original MIDI used to synthesize the SynthSOD audio and aligned to that audio; v2 removes notes absent from the render,midi_derived_note_score_aligned_to_synthetic_orchestra_audio,False,False,False,Metadata only in this repository; source dataset terms apply
synthsod-score-de7cb980ab6c7caa69c3,reveci_venir_du_printemps_orch,SynthSOD_aligned_scores/SynthSOD_score_data/reveci_venir_du_printemps_orch.txt,f0959e0412c4f5c1fad5cfed4cdeb9adfc9a3886d38da27491223517577c4b81,66116,2160,"{""56"":945,""57"":1215}",1.076281,143.167755,SynthSOD_aligned_scores/SynthSOD_metadata_aligned_all.json|SynthSOD_aligned_scores/SynthSOD_metadata_aligned_train.json,143.2534240362812,,SynthSOD aligned scores v2,10.5281/zenodo.15575778,https://zenodo.org/records/15575778,"tab-separated note events: onset, offset, MIDI pitch, MIDI instrument",Derived from the original MIDI used to synthesize the SynthSOD audio and aligned to that audio; v2 removes notes absent from the render,midi_derived_note_score_aligned_to_synthetic_orchestra_audio,False,False,False,Metadata only in this repository; source dataset terms apply
synthsod-score-0c2a42effbd2ca81969c,ricerca_del_sesto_tuono_orch,SynthSOD_aligned_scores/SynthSOD_score_data/ricerca_del_sesto_tuono_orch.txt,a40ce65709dd31d5afb3f34365781d0abdade8f2d85ef1d66cf4788c13c69db4,110676,3828,"{""56"":1310,""57"":2518}",0.104082,129.977914,SynthSOD_aligned_scores/SynthSOD_metadata_aligned_all.json|SynthSOD_aligned_scores/SynthSOD_metadata_aligned_train.json,130.90015873015872,,SynthSOD aligned scores v2,10.5281/zenodo.15575778,https://zenodo.org/records/15575778,"tab-separated note events: onset, offset, MIDI pitch, MIDI instrument",Derived from the original MIDI used to synthesize the SynthSOD audio and aligned to that audio; v2 removes notes absent from the render,midi_derived_note_score_aligned_to_synthetic_orchestra_audio,False,False,False,Metadata only in this repository; source dataset terms apply
synthsod-score-fc10079b2107c25a4cb9,salve_regina_orch,SynthSOD_aligned_scores/SynthSOD_score_data/salve_regina_orch.txt,229dd142b8315d1a76f9326bf98dd09ae1d61304b0de07cc48697b1d17d64d5e,36448,1170,"{""56"":396,""57"":774}",0.124127,127.532381,SynthSOD_aligned_scores/SynthSOD_metadata_aligned_all.json|SynthSOD_aligned_scores/SynthSOD_metadata_aligned_train.json,128.2344671201814,,SynthSOD aligned scores v2,10.5281/zenodo.15575778,https://zenodo.org/records/15575778,"tab-separated note events: onset, offset, MIDI pitch, MIDI instrument",Derived from the original MIDI used to synthesize the SynthSOD audio and aligned to that audio; v2 removes notes absent from the render,midi_derived_note_score_aligned_to_synthetic_orchestra_audio,False,False,False,Metadata only in this repository; source dataset terms apply
synthsod-score-610ae3c69f7c9862274c,serenata_375_1_orch,SynthSOD_aligned_scores/SynthSOD_score_data/serenata_375_1_orch.txt,f95d2ad6286c27c51633a6e558c0dcbcf404b21e2dce30d16bd992f57970b0f1,680620,23367,"{""60"":4898,""70"":12233,""71"":6236}",0.084036,795.303175,SynthSOD_aligned_scores/SynthSOD_metadata_aligned_all.json|SynthSOD_aligned_scores/SynthSOD_metadata_aligned_train.json,795.4083673469388,,SynthSOD aligned scores v2,10.5281/zenodo.15575778,https://zenodo.org/records/15575778,"tab-separated note events: onset, offset, MIDI pitch, MIDI instrument",Derived from the original MIDI used to synthesize the SynthSOD audio and aligned to that audio; v2 removes notes absent from the render,midi_derived_note_score_aligned_to_synthetic_orchestra_audio,False,False,False,Metadata only in this repository; source dataset terms apply
synthsod-score-d57d962f7f69a0a92cbb,serenata_375_2_orch,SynthSOD_aligned_scores/SynthSOD_score_data/serenata_375_2_orch.txt,6e5546163b2ebc49915bce89938f4206fb68d0d9044bcd95c9992217e45554b1,161767,5553,"{""60"":1134,""70"":2932,""71"":1487}",0.114104,250.300136,SynthSOD_aligned_scores/SynthSOD_metadata_aligned_all.json|SynthSOD_aligned_scores/SynthSOD_metadata_aligned_train.json,250.40784580498865,,SynthSOD aligned scores v2,10.5281/zenodo.15575778,https://zenodo.org/records/15575778,"tab-separated note events: onset, offset, MIDI pitch, MIDI instrument",Derived from the original MIDI used to synthesize the SynthSOD audio and aligned to that audio; v2 removes notes absent from the render,midi_derived_note_score_aligned_to_synthetic_orchestra_audio,False,False,False,Metadata only in this repository; source dataset terms apply
synthsod-score-ea3b609342667dce54f4,serenata_375_3_orch,SynthSOD_aligned_scores/SynthSOD_score_data/serenata_375_3_orch.txt,0fdf4d0f1e9e828b37ea0afb11e1981a2f6413243b9d1da7a351fa43536b5944,192305,6745,"{""60"":1717,""70"":3260,""71"":1768}",0.084036,353.202948,SynthSOD_aligned_scores/SynthSOD_metadata_aligned_all.json|SynthSOD_aligned_scores/SynthSOD_metadata_aligned_train.json,353.2911111111111,,SynthSOD aligned scores v2,10.5281/zenodo.15575778,https://zenodo.org/records/15575778,"tab-separated note events: onset, offset, MIDI pitch, MIDI instrument",Derived from the original MIDI used to synthesize the SynthSOD audio and aligned to that audio; v2 removes notes absent from the render,midi_derived_note_score_aligned_to_synthetic_orchestra_audio,False,False,False,Metadata only in this repository; source dataset terms apply
synthsod-score-a50213bcb43668f94590,serenata_375_4_orch,SynthSOD_aligned_scores/SynthSOD_score_data/serenata_375_4_orch.txt,c6ce5b5dab49fc97cba4695f77314c560c0db09f3f70886c0b85626b8c95150b,68013,2328,"{""60"":430,""70"":1222,""71"":676}",0.084036,165.498277,SynthSOD_aligned_scores/SynthSOD_metadata_aligned_all.json|SynthSOD_aligned_scores/SynthSOD_metadata_aligned_train.json,165.5787528344671,,SynthSOD aligned scores v2,10.5281/zenodo.15575778,https://zenodo.org/records/15575778,"tab-separated note events: onset, offset, MIDI pitch, MIDI instrument",Derived from the original MIDI used to synthesize the SynthSOD audio and aligned to that audio; v2 removes notes absent from the render,midi_derived_note_score_aligned_to_synthetic_orchestra_audio,False,False,False,Metadata only in this repository; source dataset terms apply
synthsod-score-aa0066881c06ea949f5d,serenata_375_5_orch,SynthSOD_aligned_scores/SynthSOD_score_data/serenata_375_5_orch.txt,8b48b78757acbf7278678f81b8f642b1d2c2aeb7323b6d0144d33230b00fef8d,215071,7584,"{""60"":1503,""70"":4016,""71"":2065}",0.084036,271.498095,SynthSOD_aligned_scores/SynthSOD_metadata_aligned_all.json|SynthSOD_aligned_scores/SynthSOD_metadata_aligned_train.json,271.71362811791386,,SynthSOD aligned scores v2,10.5281/zenodo.15575778,https://zenodo.org/records/15575778,"tab-separated note events: onset, offset, MIDI pitch, MIDI instrument",Derived from the original MIDI used to synthesize the SynthSOD audio and aligned to that audio; v2 removes notes absent from the render,midi_derived_note_score_aligned_to_synthetic_orchestra_audio,False,False,False,Metadata only in this repository; source dataset terms apply
synthsod-score-4c3265f1b68e4451a66b,sinfonietta_op_60_1_orch,SynthSOD_aligned_scores/SynthSOD_score_data/sinfonietta_op_60_1_orch.txt,99d8b4069819f04aa754578c4711fc750295199d6e378b543006be5b2349810c,162784,5897,"{""47"":317,""56"":2945,""58"":2635}",0.084036,138.868027,SynthSOD_aligned_scores/SynthSOD_metadata_aligned_all.json|SynthSOD_aligned_scores/SynthSOD_metadata_aligned_test.json,138.95272108843537,,SynthSOD aligned scores v2,10.5281/zenodo.15575778,https://zenodo.org/records/15575778,"tab-separated note events: onset, offset, MIDI pitch, MIDI instrument",Derived from the original MIDI used to synthesize the SynthSOD audio and aligned to that audio; v2 removes notes absent from the render,midi_derived_note_score_aligned_to_synthetic_orchestra_audio,False,False,False,Metadata only in this repository; source dataset terms apply
synthsod-score-6b9d59a3db781104e6c2,slavonic_dances_46_4_orch,SynthSOD_aligned_scores/SynthSOD_score_data/slavonic_dances_46_4_orch.txt,ef69d2dfd7a9acbe7540110b7a340c29dd35db81c9e1f495304e3335c9900a20,1677514,58520,"{""0"":1506,""40"":5457,""41"":4282,""42"":4251,""43"":5568,""47"":1598,""56"":3265,""57"":4613,""60"":8707,""68"":5734,""70"":4979,""71"":5182,""73"":3378}",0.765578,427.060045,SynthSOD_aligned_scores/SynthSOD_metadata_aligned_all.json|SynthSOD_aligned_scores/SynthSOD_metadata_aligned_evaluation.json,427.1518820861678,,SynthSOD aligned scores v2,10.5281/zenodo.15575778,https://zenodo.org/records/15575778,"tab-separated note events: onset, offset, MIDI pitch, MIDI instrument",Derived from the original MIDI used to synthesize the SynthSOD audio and aligned to that audio; v2 removes notes absent from the render,midi_derived_note_score_aligned_to_synthetic_orchestra_audio,False,False,False,Metadata only in this repository; source dataset terms apply
synthsod-score-6bcf5f1795232e991988,sonata_3_12_1_orch,SynthSOD_aligned_scores/SynthSOD_score_data/sonata_3_12_1_orch.txt,fbd6658aca538671afc2f490cc7f7085c0c0f68cbda4facd6abbef71c8cb8da6,13205,446,"{""56"":148,""57"":298}",0.104082,61.332608,SynthSOD_aligned_scores/SynthSOD_metadata_aligned_all.json|SynthSOD_aligned_scores/SynthSOD_metadata_aligned_train.json,61.419501133786845,,SynthSOD aligned scores v2,10.5281/zenodo.15575778,https://zenodo.org/records/15575778,"tab-separated note events: onset, offset, MIDI pitch, MIDI instrument",Derived from the original MIDI used to synthesize the SynthSOD audio and aligned to that audio; v2 removes notes absent from the render,midi_derived_note_score_aligned_to_synthetic_orchestra_audio,False,False,False,Metadata only in this repository; source dataset terms apply
synthsod-score-d18743ff90abe1393668,sonata_3_12_2_orch,SynthSOD_aligned_scores/SynthSOD_score_data/sonata_3_12_2_orch.txt,90636db8015c0aad39ef3373c7cf6caf49b8825c2bce5e8b8c9a7cded33e68c9,38809,1287,"{""56"":454,""57"":833}",22.925714,69.721587,SynthSOD_aligned_scores/SynthSOD_metadata_aligned_all.json|SynthSOD_aligned_scores/SynthSOD_metadata_aligned_train.json,70.51748299319728,,SynthSOD aligned scores v2,10.5281/zenodo.15575778,https://zenodo.org/records/15575778,"tab-separated note events: onset, offset, MIDI pitch, MIDI instrument",Derived from the original MIDI used to synthesize the SynthSOD audio and aligned to that audio; v2 removes notes absent from the render,midi_derived_note_score_aligned_to_synthetic_orchestra_audio,False,False,False,Metadata only in this repository; source dataset terms apply
synthsod-score-3463d8c1412971bbf6f8,sonata_3_12_3_orch,SynthSOD_aligned_scores/SynthSOD_score_data/sonata_3_12_3_orch.txt,0a00362e9af8c58d320739640d5dd2f162aae4311b12a839edbbee9d3cd7317c,16064,557,"{""56"":175,""57"":382}",0.144172,74.853197,SynthSOD_aligned_scores/SynthSOD_metadata_aligned_all.json|SynthSOD_aligned_scores/SynthSOD_metadata_aligned_train.json,74.94167800453515,,SynthSOD aligned scores v2,10.5281/zenodo.15575778,https://zenodo.org/records/15575778,"tab-separated note events: onset, offset, MIDI pitch, MIDI instrument",Derived from the original MIDI used to synthesize the SynthSOD audio and aligned to that audio; v2 removes notes absent from the render,midi_derived_note_score_aligned_to_synthetic_orchestra_audio,False,False,False,Metadata only in this repository; source dataset terms apply
synthsod-score-b9db9840a6e97e2e6131,sonata_3_12_4_orch,SynthSOD_aligned_scores/SynthSOD_score_data/sonata_3_12_4_orch.txt,ff026306815574a6b01f5b120a9ccdf5bc20159d7434f504bea64cd73eea35d5,27250,973,"{""56"":251,""57"":722}",0.094059,32.196689,SynthSOD_aligned_scores/SynthSOD_metadata_aligned_all.json|SynthSOD_aligned_scores/SynthSOD_metadata_aligned_train.json,32.28219954648526,,SynthSOD aligned scores v2,10.5281/zenodo.15575778,https://zenodo.org/records/15575778,"tab-separated note events: onset, offset, MIDI pitch, MIDI instrument",Derived from the original MIDI used to synthesize the SynthSOD audio and aligned to that audio; v2 removes notes absent from the render,midi_derived_note_score_aligned_to_synthetic_orchestra_audio,False,False,False,Metadata only in this repository; source dataset terms apply
synthsod-score-44d0afc1804e5a1bcfdd,sonata_3_12_5_orch,SynthSOD_aligned_scores/SynthSOD_score_data/sonata_3_12_5_orch.txt,ccdfd5ae9d66a5f826023900acf1ab3b7a0b991b039bb8579579ce5bf3d08187,10724,370,"{""56"":124,""57"":246}",0.184263,59.869297,SynthSOD_aligned_scores/SynthSOD_metadata_aligned_all.json|SynthSOD_aligned_scores/SynthSOD_metadata_aligned_train.json,59.97090702947846,,SynthSOD aligned scores v2,10.5281/zenodo.15575778,https://zenodo.org/records/15575778,"tab-separated note events: onset, offset, MIDI pitch, MIDI instrument",Derived from the original MIDI used to synthesize the SynthSOD audio and aligned to that audio; v2 removes notes absent from the render,midi_derived_note_score_aligned_to_synthetic_orchestra_audio,False,False,False,Metadata only in this repository; source dataset terms apply
synthsod-score-eb408a2f2334fea0eb59,sonata_3_12_6_orch,SynthSOD_aligned_scores/SynthSOD_score_data/sonata_3_12_6_orch.txt,0cb2f367558b37c6a1783ccae164409c153ea11a29f126a97056d56fa0f2cfe2,67020,2280,"{""56"":636,""57"":1644}",0.084036,126.570204,SynthSOD_aligned_scores/SynthSOD_metadata_aligned_all.json|SynthSOD_aligned_scores/SynthSOD_metadata_aligned_train.json,126.66074829931972,,SynthSOD aligned scores v2,10.5281/zenodo.15575778,https://zenodo.org/records/15575778,"tab-separated note events: onset, offset, MIDI pitch, MIDI instrument",Derived from the original MIDI used to synthesize the SynthSOD audio and aligned to that audio; v2 removes notes absent from the render,midi_derived_note_score_aligned_to_synthetic_orchestra_audio,False,False,False,Metadata only in this repository; source dataset terms apply
synthsod-score-5e7e2fd6fe6c2f2cf691,sonata_battalia_1_orch,SynthSOD_aligned_scores/SynthSOD_score_data/sonata_battalia_1_orch.txt,ad3019fb3189a9c136231a1d9f6c889fdee7f625caf93e32f5c36c1ca0c9a82c,39077,1415,"{""56"":455,""57"":960}",0.094059,50.538186,SynthSOD_aligned_scores/SynthSOD_metadata_aligned_all.json|SynthSOD_aligned_scores/SynthSOD_metadata_aligned_train.json,50.62451247165533,,SynthSOD aligned scores v2,10.5281/zenodo.15575778,https://zenodo.org/records/15575778,"tab-separated note events: onset, offset, MIDI pitch, MIDI instrument",Derived from the original MIDI used to synthesize the SynthSOD audio and aligned to that audio; v2 removes notes absent from the render,midi_derived_note_score_aligned_to_synthetic_orchestra_audio,False,False,False,Metadata only in this repository; source dataset terms apply
synthsod-score-d926294c3bc050b3d409,sonata_battalia_2_orch,SynthSOD_aligned_scores/SynthSOD_score_data/sonata_battalia_2_orch.txt,af06e7b572a673f15be8f31fb5e4a60e3961e619e947de69303df14545113dbd,66175,2426,"{""56"":612,""57"":1814}",0.154195,71.886485,SynthSOD_aligned_scores/SynthSOD_metadata_aligned_all.json|SynthSOD_aligned_scores/SynthSOD_metadata_aligned_train.json,71.97646258503401,,SynthSOD aligned scores v2,10.5281/zenodo.15575778,https://zenodo.org/records/15575778,"tab-separated note events: onset, offset, MIDI pitch, MIDI instrument",Derived from the original MIDI used to synthesize the SynthSOD audio and aligned to that audio; v2 removes notes absent from the render,midi_derived_note_score_aligned_to_synthetic_orchestra_audio,False,False,False,Metadata only in this repository; source dataset terms apply
synthsod-score-9975ee49c6db742cae84,sonata_battalia_3_orch,SynthSOD_aligned_scores/SynthSOD_score_data/sonata_battalia_3_orch.txt,b7cae8827860f987167762f85e851a8cf6f25fb562c75b82fafceb715bbf2395,9333,322,"{""56"":109,""57"":213}",1.046213,35.584354,SynthSOD_aligned_scores/SynthSOD_metadata_aligned_all.json|SynthSOD_aligned_scores/SynthSOD_metadata_aligned_train.json,35.66975056689343,,SynthSOD aligned scores v2,10.5281/zenodo.15575778,https://zenodo.org/records/15575778,"tab-separated note events: onset, offset, MIDI pitch, MIDI instrument",Derived from the original MIDI used to synthesize the SynthSOD audio and aligned to that audio; v2 removes notes absent from the render,midi_derived_note_score_aligned_to_synthetic_orchestra_audio,False,False,False,Metadata only in this repository; source dataset terms apply
synthsod-score-d3eb7c4aa78e0b1abc4c,sonata_battalia_4_orch,SynthSOD_aligned_scores/SynthSOD_score_data/sonata_battalia_4_orch.txt,00300062a650e0c7096eedc6cf5355178053acb7a3a8f0bc4469dbe53ad57648,46351,1665,"{""56"":529,""57"":1136}",0.084036,58.035147,SynthSOD_aligned_scores/SynthSOD_metadata_aligned_all.json|SynthSOD_aligned_scores/SynthSOD_metadata_aligned_train.json,58.117823129251704,,SynthSOD aligned scores v2,10.5281/zenodo.15575778,https://zenodo.org/records/15575778,"tab-separated note events: onset, offset, MIDI pitch, MIDI instrument",Derived from the original MIDI used to synthesize the SynthSOD audio and aligned to that audio; v2 removes notes absent from the render,midi_derived_note_score_aligned_to_synthetic_orchestra_audio,False,False,False,Metadata only in this repository; source dataset terms apply
synthsod-score-87c44c5cc2bb8f599835,sonata_battalia_5_orch,SynthSOD_aligned_scores/SynthSOD_score_data/sonata_battalia_5_orch.txt,3108ea12c7fb9c67d8f26e4d99340b70c6266f545ad42e84b94b06e6f3c0d946,47263,1710,"{""56"":528,""57"":1182}",0.855782,60.320317,SynthSOD_aligned_scores/SynthSOD_metadata_aligned_all.json|SynthSOD_aligned_scores/SynthSOD_metadata_aligned_train.json,60.413764172335604,,SynthSOD aligned scores v2,10.5281/zenodo.15575778,https://zenodo.org/records/15575778,"tab-separated note events: onset, offset, MIDI pitch, MIDI instrument",Derived from the original MIDI used to synthesize the SynthSOD audio and aligned to that audio; v2 removes notes absent from the render,midi_derived_note_score_aligned_to_synthetic_orchestra_audio,False,False,False,Metadata only in this repository; source dataset terms apply
synthsod-score-867c9613983cbace100a,sonata_battalia_6_orch,SynthSOD_aligned_scores/SynthSOD_score_data/sonata_battalia_6_orch.txt,35393a3477b7ddad117b0fc284bdfd4f2b138d972a8ce4e2a4a55ee66971dcfc,29501,1086,"{""56"":322,""57"":764}",0.164218,32.276871,SynthSOD_aligned_scores/SynthSOD_metadata_aligned_all.json|SynthSOD_aligned_scores/SynthSOD_metadata_aligned_train.json,32.35390022675737,,SynthSOD aligned scores v2,10.5281/zenodo.15575778,https://zenodo.org/records/15575778,"tab-separated note events: onset, offset, MIDI pitch, MIDI instrument",Derived from the original MIDI used to synthesize the SynthSOD audio and aligned to that audio; v2 removes notes absent from the render,midi_derived_note_score_aligned_to_synthetic_orchestra_audio,False,False,False,Metadata only in this repository; source dataset terms apply
synthsod-score-63b00793827020b781f8,sonata_in_d_1_orch,SynthSOD_aligned_scores/SynthSOD_score_data/sonata_in_d_1_orch.txt,5bc2d6d79fa6877fea8eb97901661823ab2547027ccb30f6b83d0e4809e9a539,42136,1425,"{""56"":481,""57"":944}",0.124127,133.255329,SynthSOD_aligned_scores/SynthSOD_metadata_aligned_all.json|SynthSOD_aligned_scores/SynthSOD_metadata_aligned_train.json,133.33473922902493,,SynthSOD aligned scores v2,10.5281/zenodo.15575778,https://zenodo.org/records/15575778,"tab-separated note events: onset, offset, MIDI pitch, MIDI instrument",Derived from the original MIDI used to synthesize the SynthSOD audio and aligned to that audio; v2 removes notes absent from the render,midi_derived_note_score_aligned_to_synthetic_orchestra_audio,False,False,False,Metadata only in this repository; source dataset terms apply
synthsod-score-35ec4072eea214fe80ad,sonata_in_d_3_orch,SynthSOD_aligned_scores/SynthSOD_score_data/sonata_in_d_3_orch.txt,2705c80b941faf992262d6037e4e2a477035ebf8d831c5bfb01f7349b9635b82,18641,616,"{""56"":212,""57"":404}",1.437098,82.310068,SynthSOD_aligned_scores/SynthSOD_metadata_aligned_all.json|SynthSOD_aligned_scores/SynthSOD_metadata_aligned_train.json,82.39560090702948,,SynthSOD aligned scores v2,10.5281/zenodo.15575778,https://zenodo.org/records/15575778,"tab-separated note events: onset, offset, MIDI pitch, MIDI instrument",Derived from the original MIDI used to synthesize the SynthSOD audio and aligned to that audio; v2 removes notes absent from the render,midi_derived_note_score_aligned_to_synthetic_orchestra_audio,False,False,False,Metadata only in this repository; source dataset terms apply
synthsod-score-ec18375c1852868c92f2,sonata_in_d_5_orch,SynthSOD_aligned_scores/SynthSOD_score_data/sonata_in_d_5_orch.txt,6e2cb6dd3b21f990f596dfca87041646a21940f1a16bc1c4243bf54eac2d8ee9,26298,889,"{""47"":132,""56"":410,""57"":347}",0.805669,82.109615,SynthSOD_aligned_scores/SynthSOD_metadata_aligned_all.json|SynthSOD_aligned_scores/SynthSOD_metadata_aligned_train.json,82.46902494331066,,SynthSOD aligned scores v2,10.5281/zenodo.15575778,https://zenodo.org/records/15575778,"tab-separated note events: onset, offset, MIDI pitch, MIDI instrument",Derived from the original MIDI used to synthesize the SynthSOD audio and aligned to that audio; v2 removes notes absent from the render,midi_derived_note_score_aligned_to_synthetic_orchestra_audio,False,False,False,Metadata only in this repository; source dataset terms apply
synthsod-score-f4ca9260809e0b304890,sonata_in_F-major_orch,SynthSOD_aligned_scores/SynthSOD_score_data/sonata_in_F-major_orch.txt,7c32ee22e9a4c69e8c996c36a8c249b2cd90086ada36d65bd8f94d1800eff9d3,217979,7394,"{""56"":3098,""57"":1195,""58"":3101}",2.689932,358.494921,SynthSOD_aligned_scores/SynthSOD_metadata_aligned_all.json|SynthSOD_aligned_scores/SynthSOD_metadata_aligned_train.json,358.5695464852608,,SynthSOD aligned scores v2,10.5281/zenodo.15575778,https://zenodo.org/records/15575778,"tab-separated note events: onset, offset, MIDI pitch, MIDI instrument",Derived from the original MIDI used to synthesize the SynthSOD audio and aligned to that audio; v2 removes notes absent from the render,midi_derived_note_score_aligned_to_synthetic_orchestra_audio,False,False,False,Metadata only in this repository; source dataset terms apply
synthsod-score-a5fcc05557cc3f5edfc0,sonata_in_F_i_1_orch,SynthSOD_aligned_scores/SynthSOD_score_data/sonata_in_F_i_1_orch.txt,b3366d800d21dc1f346a612df1dd80c9d4c3d93ab669d560b11acf6ad0e02a76,68695,2393,"{""56"":799,""57"":1594}",0.094059,142.626531,SynthSOD_aligned_scores/SynthSOD_metadata_aligned_all.json|SynthSOD_aligned_scores/SynthSOD_metadata_aligned_train.json,142.711179138322,,SynthSOD aligned scores v2,10.5281/zenodo.15575778,https://zenodo.org/records/15575778,"tab-separated note events: onset, offset, MIDI pitch, MIDI instrument",Derived from the original MIDI used to synthesize the SynthSOD audio and aligned to that audio; v2 removes notes absent from the render,midi_derived_note_score_aligned_to_synthetic_orchestra_audio,False,False,False,Metadata only in this repository; source dataset terms apply
synthsod-score-af1bc4e83ce89926ac91,sonata_in_F_i_2_orch,SynthSOD_aligned_scores/SynthSOD_score_data/sonata_in_F_i_2_orch.txt,ddd54f944062b361f2d96ce65c96a205d7f2a605897781487b240bad96189232,170188,5974,"{""56"":1769,""57"":4205}",0.114104,171.050839,SynthSOD_aligned_scores/SynthSOD_metadata_aligned_all.json|SynthSOD_aligned_scores/SynthSOD_metadata_aligned_train.json,171.18861678004535,,SynthSOD aligned scores v2,10.5281/zenodo.15575778,https://zenodo.org/records/15575778,"tab-separated note events: onset, offset, MIDI pitch, MIDI instrument",Derived from the original MIDI used to synthesize the SynthSOD audio and aligned to that audio; v2 removes notes absent from the render,midi_derived_note_score_aligned_to_synthetic_orchestra_audio,False,False,False,Metadata only in this repository; source dataset terms apply
synthsod-score-151e3a1f4278adfe34f6,sonata_in_F_i_3_orch,SynthSOD_aligned_scores/SynthSOD_score_data/sonata_in_F_i_3_orch.txt,e1c98c15341143b31b2632d77b524877fc2db6916163834e8707dc98111bbe75,18002,646,"{""56"":183,""57"":463}",0.114104,42.229388,SynthSOD_aligned_scores/SynthSOD_metadata_aligned_all.json|SynthSOD_aligned_scores/SynthSOD_metadata_aligned_train.json,42.323786848072565,,SynthSOD aligned scores v2,10.5281/zenodo.15575778,https://zenodo.org/records/15575778,"tab-separated note events: onset, offset, MIDI pitch, MIDI instrument",Derived from the original MIDI used to synthesize the SynthSOD audio and aligned to that audio; v2 removes notes absent from the render,midi_derived_note_score_aligned_to_synthetic_orchestra_audio,False,False,False,Metadata only in this repository; source dataset terms apply
synthsod-score-58d4451e689792fc8550,sonata_in_F_i_4_orch,SynthSOD_aligned_scores/SynthSOD_score_data/sonata_in_F_i_4_orch.txt,e21034b093361983d99c2a5ef640e716f03e5ffb02fce8c138eb4a40c4d72eb3,116659,4230,"{""56"":1336,""57"":2894}",0.905896,100.821950,SynthSOD_aligned_scores/SynthSOD_metadata_aligned_all.json|SynthSOD_aligned_scores/SynthSOD_metadata_aligned_train.json,100.91024943310657,,SynthSOD aligned scores v2,10.5281/zenodo.15575778,https://zenodo.org/records/15575778,"tab-separated note events: onset, offset, MIDI pitch, MIDI instrument",Derived from the original MIDI used to synthesize the SynthSOD audio and aligned to that audio; v2 removes notes absent from the render,midi_derived_note_score_aligned_to_synthetic_orchestra_audio,False,False,False,Metadata only in this repository; source dataset terms apply
synthsod-score-a11791ecb7468224e83b,sonata_in_g_i_1_orch,SynthSOD_aligned_scores/SynthSOD_score_data/sonata_in_g_i_1_orch.txt,bef5fa0945b837a62c07621fce138854061f0acb4c9cb3bb02ca49112241a2aa,33910,1214,"{""56"":320,""57"":894}",0.124127,117.619955,SynthSOD_aligned_scores/SynthSOD_metadata_aligned_all.json|SynthSOD_aligned_scores/SynthSOD_metadata_aligned_train.json,117.76455782312925,,SynthSOD aligned scores v2,10.5281/zenodo.15575778,https://zenodo.org/records/15575778,"tab-separated note events: onset, offset, MIDI pitch, MIDI instrument",Derived from the original MIDI used to synthesize the SynthSOD audio and aligned to that audio; v2 removes notes absent from the render,midi_derived_note_score_aligned_to_synthetic_orchestra_audio,False,False,False,Metadata only in this repository; source dataset terms apply
synthsod-score-15b59935686b6e3b0f4b,sonata_in_g_i_2_orch,SynthSOD_aligned_scores/SynthSOD_score_data/sonata_in_g_i_2_orch.txt,f8f8d9a9eda9eebdc9e4c9ab1b768898e5405868cbf1cd0cf323bce5bc9f8062,125406,4363,"{""56"":1277,""57"":3086}",2.148707,119.885079,SynthSOD_aligned_scores/SynthSOD_metadata_aligned_all.json|SynthSOD_aligned_scores/SynthSOD_metadata_aligned_train.json,120.73612244897959,,SynthSOD aligned scores v2,10.5281/zenodo.15575778,https://zenodo.org/records/15575778,"tab-separated note events: onset, offset, MIDI pitch, MIDI instrument",Derived from the original MIDI used to synthesize the SynthSOD audio and aligned to that audio; v2 removes notes absent from the render,midi_derived_note_score_aligned_to_synthetic_orchestra_audio,False,False,False,Metadata only in this repository; source dataset terms apply
synthsod-score-62af59b0fbed20435914,sonata_in_g_i_3_orch,SynthSOD_aligned_scores/SynthSOD_score_data/sonata_in_g_i_3_orch.txt,4939134705c4daf22c6183ba943aefa93b707378c8ca4bda92db6bf2bceaf2b7,9436,333,"{""56"":95,""57"":238}",1.136417,48.032517,SynthSOD_aligned_scores/SynthSOD_metadata_aligned_all.json|SynthSOD_aligned_scores/SynthSOD_metadata_aligned_train.json,48.11986394557823,,SynthSOD aligned scores v2,10.5281/zenodo.15575778,https://zenodo.org/records/15575778,"tab-separated note events: onset, offset, MIDI pitch, MIDI instrument",Derived from the original MIDI used to synthesize the SynthSOD audio and aligned to that audio; v2 removes notes absent from the render,midi_derived_note_score_aligned_to_synthetic_orchestra_audio,False,False,False,Metadata only in this repository; source dataset terms apply
synthsod-score-6c410f3feb7af803173f,sonata_in_g_i_4_orch,SynthSOD_aligned_scores/SynthSOD_score_data/sonata_in_g_i_4_orch.txt,07bcdc1f8de4171287f885b9b35273f1a4b41e6451e09778d11c21f1081c5dcf,89794,3244,"{""56"":1045,""57"":2199}",0.094059,85.477234,SynthSOD_aligned_scores/SynthSOD_metadata_aligned_all.json|SynthSOD_aligned_scores/SynthSOD_metadata_aligned_train.json,85.57063492063492,,SynthSOD aligned scores v2,10.5281/zenodo.15575778,https://zenodo.org/records/15575778,"tab-separated note events: onset, offset, MIDI pitch, MIDI instrument",Derived from the original MIDI used to synthesize the SynthSOD audio and aligned to that audio; v2 removes notes absent from the render,midi_derived_note_score_aligned_to_synthetic_orchestra_audio,False,False,False,Metadata only in this repository; source dataset terms apply
synthsod-score-7efc3fbc7d217ac0a5b2,sonata_in_g_ii_1_orch,SynthSOD_aligned_scores/SynthSOD_score_data/sonata_in_g_ii_1_orch.txt,6e04589ed4906d058c809df46953a25fbf872e20420e2f1c74228c17dee690a1,23745,837,"{""56"":241,""57"":596}",1.116372,87.110930,SynthSOD_aligned_scores/SynthSOD_metadata_aligned_all.json|SynthSOD_aligned_scores/SynthSOD_metadata_aligned_train.json,89.36598639455782,,SynthSOD aligned scores v2,10.5281/zenodo.15575778,https://zenodo.org/records/15575778,"tab-separated note events: onset, offset, MIDI pitch, MIDI instrument",Derived from the original MIDI used to synthesize the SynthSOD audio and aligned to that audio; v2 removes notes absent from the render,midi_derived_note_score_aligned_to_synthetic_orchestra_audio,False,False,False,Metadata only in this repository; source dataset terms apply
synthsod-score-1f422f0fe744a40a66d4,sonata_in_g_ii_2_orch,SynthSOD_aligned_scores/SynthSOD_score_data/sonata_in_g_ii_2_orch.txt,fdb07d52e5c64c75989460e8548729e8872112576e0ebe53937e4c4c736517c0,65830,2330,"{""56"":1034,""57"":328,""58"":968}",1.817959,74.412200,SynthSOD_aligned_scores/SynthSOD_metadata_aligned_all.json|SynthSOD_aligned_scores/SynthSOD_metadata_aligned_train.json,74.49027210884354,,SynthSOD aligned scores v2,10.5281/zenodo.15575778,https://zenodo.org/records/15575778,"tab-separated note events: onset, offset, MIDI pitch, MIDI instrument",Derived from the original MIDI used to synthesize the SynthSOD audio and aligned to that audio; v2 removes notes absent from the render,midi_derived_note_score_aligned_to_synthetic_orchestra_audio,False,False,False,Metadata only in this repository; source dataset terms apply
synthsod-score-dfa46bb341bd1d8e4162,sonata_in_g_ii_3_orch,SynthSOD_aligned_scores/SynthSOD_score_data/sonata_in_g_ii_3_orch.txt,249e06a9ccf025fb2b5f9c54a7eeacbf4d5eae10869cb636204248cc5c652d46,18670,651,"{""56"":187,""57"":168,""58"":296}",0.084036,69.160317,SynthSOD_aligned_scores/SynthSOD_metadata_aligned_all.json|SynthSOD_aligned_scores/SynthSOD_metadata_aligned_train.json,69.25045351473923,,SynthSOD aligned scores v2,10.5281/zenodo.15575778,https://zenodo.org/records/15575778,"tab-separated note events: onset, offset, MIDI pitch, MIDI instrument",Derived from the original MIDI used to synthesize the SynthSOD audio and aligned to that audio; v2 removes notes absent from the render,midi_derived_note_score_aligned_to_synthetic_orchestra_audio,False,False,False,Metadata only in this repository; source dataset terms apply
synthsod-score-201988db46f69b1e7057,sonata_in_g_ii_4_orch,SynthSOD_aligned_scores/SynthSOD_score_data/sonata_in_g_ii_4_orch.txt,4916cf56d6d809c288d20a3428b0f1e5af7b192bbf9b31a41061c6f78878b0bc,32199,1066,"{""56"":412,""57"":235,""58"":419}",0.094059,70.733878,SynthSOD_aligned_scores/SynthSOD_metadata_aligned_all.json|SynthSOD_aligned_scores/SynthSOD_metadata_aligned_train.json,70.85462585034014,,SynthSOD aligned scores v2,10.5281/zenodo.15575778,https://zenodo.org/records/15575778,"tab-separated note events: onset, offset, MIDI pitch, MIDI instrument",Derived from the original MIDI used to synthesize the SynthSOD audio and aligned to that audio; v2 removes notes absent from the render,midi_derived_note_score_aligned_to_synthetic_orchestra_audio,False,False,False,Metadata only in this repository; source dataset terms apply
synthsod-score-2eefe76ce400edc1bfcd,sonata_in_g_orch,SynthSOD_aligned_scores/SynthSOD_score_data/sonata_in_g_orch.txt,cdaa6d28d6079dd508843437224ce734adda7444d3f29fb7f99ac74a942bb43a,97547,3508,"{""56"":1174,""57"":2334}",0.124127,116.657778,SynthSOD_aligned_scores/SynthSOD_metadata_aligned_all.json|SynthSOD_aligned_scores/SynthSOD_metadata_aligned_train.json,116.74074829931973,,SynthSOD aligned scores v2,10.5281/zenodo.15575778,https://zenodo.org/records/15575778,"tab-separated note events: onset, offset, MIDI pitch, MIDI instrument",Derived from the original MIDI used to synthesize the SynthSOD audio and aligned to that audio; v2 removes notes absent from the render,midi_derived_note_score_aligned_to_synthetic_orchestra_audio,False,False,False,Metadata only in this repository; source dataset terms apply
synthsod-score-e1416c7725bf6368a940,sonata_v_7_1_orch,SynthSOD_aligned_scores/SynthSOD_score_data/sonata_v_7_1_orch.txt,0eca703bc2dbf1eb6d6a1474d5860baa322b7b4ad9abd2025930ae04530fe1d5,73260,2578,"{""56"":842,""57"":1736}",1.787891,95.409705,SynthSOD_aligned_scores/SynthSOD_metadata_aligned_all.json|SynthSOD_aligned_scores/SynthSOD_metadata_aligned_train.json,95.50335600907029,,SynthSOD aligned scores v2,10.5281/zenodo.15575778,https://zenodo.org/records/15575778,"tab-separated note events: onset, offset, MIDI pitch, MIDI instrument",Derived from the original MIDI used to synthesize the SynthSOD audio and aligned to that audio; v2 removes notes absent from the render,midi_derived_note_score_aligned_to_synthetic_orchestra_audio,False,False,False,Metadata only in this repository; source dataset terms apply
synthsod-score-d70db2ae8e5145aa5d22,sonata_v_7_2_orch,SynthSOD_aligned_scores/SynthSOD_score_data/sonata_v_7_2_orch.txt,c37ae59e96fa9fae704e9eec50f2b86bb1a56040b0bb98102af52a8c6f42c363,84937,2978,"{""56"":582,""57"":2396}",1.356916,137.655283,SynthSOD_aligned_scores/SynthSOD_metadata_aligned_all.json|SynthSOD_aligned_scores/SynthSOD_metadata_aligned_test.json,137.89390022675738,,SynthSOD aligned scores v2,10.5281/zenodo.15575778,https://zenodo.org/records/15575778,"tab-separated note events: onset, offset, MIDI pitch, MIDI instrument",Derived from the original MIDI used to synthesize the SynthSOD audio and aligned to that audio; v2 removes notes absent from the render,midi_derived_note_score_aligned_to_synthetic_orchestra_audio,False,False,False,Metadata only in this repository; source dataset terms apply
synthsod-score-2fb1deb180787d819cde,sonata_v_7_3_orch,SynthSOD_aligned_scores/SynthSOD_score_data/sonata_v_7_3_orch.txt,91170befc7a30bed3657627e4cfa7080eed4dc6a0a618fe7549586b3b7242e76,19963,705,"{""56"":163,""57"":542}",0.084036,91.170113,SynthSOD_aligned_scores/SynthSOD_metadata_aligned_all.json|SynthSOD_aligned_scores/SynthSOD_metadata_aligned_evaluation.json,91.24414965986395,,SynthSOD aligned scores v2,10.5281/zenodo.15575778,https://zenodo.org/records/15575778,"tab-separated note events: onset, offset, MIDI pitch, MIDI instrument",Derived from the original MIDI used to synthesize the SynthSOD audio and aligned to that audio; v2 removes notes absent from the render,midi_derived_note_score_aligned_to_synthetic_orchestra_audio,False,False,False,Metadata only in this repository; source dataset terms apply
synthsod-score-1bd4ca631eba45730dee,sonata_v_7_4_orch,SynthSOD_aligned_scores/SynthSOD_score_data/sonata_v_7_4_orch.txt,b6e0ce010f88d6d01688818581a1d791efe3d53560f0d11d0ba9b00de0671c2d,123908,4307,"{""56"":1055,""57"":3252}",0.364671,126.800726,SynthSOD_aligned_scores/SynthSOD_metadata_aligned_all.json|SynthSOD_aligned_scores/SynthSOD_metadata_aligned_test.json,131.25197278911565,,SynthSOD aligned scores v2,10.5281/zenodo.15575778,https://zenodo.org/records/15575778,"tab-separated note events: onset, offset, MIDI pitch, MIDI instrument",Derived from the original MIDI used to synthesize the SynthSOD audio and aligned to that audio; v2 removes notes absent from the render,midi_derived_note_score_aligned_to_synthetic_orchestra_audio,False,False,False,Metadata only in this repository; source dataset terms apply
synthsod-score-517fb539769035b1f9d9,string-quartet_156_1_orch,SynthSOD_aligned_scores/SynthSOD_score_data/string-quartet_156_1_orch.txt,897117f7972ea389525f7bb4b9fb1d252b9935835068ea24e639e2cf534eada2,143680,5006,"{""40"":2256,""41"":972,""42"":1778}",0.094059,268.501315,SynthSOD_aligned_scores/SynthSOD_metadata_aligned_all.json|SynthSOD_aligned_scores/SynthSOD_metadata_aligned_train.json,268.59269841269844,,SynthSOD aligned scores v2,10.5281/zenodo.15575778,https://zenodo.org/records/15575778,"tab-separated note events: onset, offset, MIDI pitch, MIDI instrument",Derived from the original MIDI used to synthesize the SynthSOD audio and aligned to that audio; v2 removes notes absent from the render,midi_derived_note_score_aligned_to_synthetic_orchestra_audio,False,False,False,Metadata only in this repository; source dataset terms apply
synthsod-score-491816e3fff18240fecc,string-quartet_156_2_orch,SynthSOD_aligned_scores/SynthSOD_score_data/string-quartet_156_2_orch.txt,74a52a5094f8dd7461911465b60dcc29ee3b547432bd772b78729f5946c4914d,96690,3379,"{""40"":1412,""41"":649,""42"":1318}",0.094059,352.521406,SynthSOD_aligned_scores/SynthSOD_metadata_aligned_all.json|SynthSOD_aligned_scores/SynthSOD_metadata_aligned_train.json,352.60639455782314,,SynthSOD aligned scores v2,10.5281/zenodo.15575778,https://zenodo.org/records/15575778,"tab-separated note events: onset, offset, MIDI pitch, MIDI instrument",Derived from the original MIDI used to synthesize the SynthSOD audio and aligned to that audio; v2 removes notes absent from the render,midi_derived_note_score_aligned_to_synthetic_orchestra_audio,False,False,False,Metadata only in this repository; source dataset terms apply
synthsod-score-bae28fb561f809856226,string-quartet_156_3_orch,SynthSOD_aligned_scores/SynthSOD_score_data/string-quartet_156_3_orch.txt,f3a27da6d8be8b077daeace913b592a88890c2a6fa2b177425f5c230a7099256,70261,2450,"{""40"":1040,""41"":508,""42"":902}",0.094059,197.580862,SynthSOD_aligned_scores/SynthSOD_metadata_aligned_all.json|SynthSOD_aligned_scores/SynthSOD_metadata_aligned_train.json,197.67453514739228,,SynthSOD aligned scores v2,10.5281/zenodo.15575778,https://zenodo.org/records/15575778,"tab-separated note events: onset, offset, MIDI pitch, MIDI instrument",Derived from the original MIDI used to synthesize the SynthSOD audio and aligned to that audio; v2 removes notes absent from the render,midi_derived_note_score_aligned_to_synthetic_orchestra_audio,False,False,False,Metadata only in this repository; source dataset terms apply
synthsod-score-5cda7a37b9387d07e6ed,string-quartet_387_1_orch,SynthSOD_aligned_scores/SynthSOD_score_data/string-quartet_387_1_orch.txt,0dc9ce180c263530b7fef00a43b8596706c2721104d46a2874d5dca58b8249fa,401876,13741,"{""40"":5794,""41"":3024,""42"":4923}",0.334603,667.935011,SynthSOD_aligned_scores/SynthSOD_metadata_aligned_all.json|SynthSOD_aligned_scores/SynthSOD_metadata_aligned_train.json,668.0368480725624,,SynthSOD aligned scores v2,10.5281/zenodo.15575778,https://zenodo.org/records/15575778,"tab-separated note events: onset, offset, MIDI pitch, MIDI instrument",Derived from the original MIDI used to synthesize the SynthSOD audio and aligned to that audio; v2 removes notes absent from the render,midi_derived_note_score_aligned_to_synthetic_orchestra_audio,False,False,False,Metadata only in this repository; source dataset terms apply
synthsod-score-2241da637a2abc050180,string-quartet_387_2_orch,SynthSOD_aligned_scores/SynthSOD_score_data/string-quartet_387_2_orch.txt,e279862dd2e2e903e70f4d5b709b9a24df90fde6e45ed130353970de2862633e,127127,4379,"{""40"":1907,""41"":916,""42"":1556}",1.006122,405.611519,SynthSOD_aligned_scores/SynthSOD_metadata_aligned_all.json|SynthSOD_aligned_scores/SynthSOD_metadata_aligned_train.json,405.71469387755104,,SynthSOD aligned scores v2,10.5281/zenodo.15575778,https://zenodo.org/records/15575778,"tab-separated note events: onset, offset, MIDI pitch, MIDI instrument",Derived from the original MIDI used to synthesize the SynthSOD audio and aligned to that audio; v2 removes notes absent from the render,midi_derived_note_score_aligned_to_synthetic_orchestra_audio,False,False,False,Metadata only in this repository; source dataset terms apply
synthsod-score-76b14bd1b62a91c2bb68,string-quartet_387_3_orch,SynthSOD_aligned_scores/SynthSOD_score_data/string-quartet_387_3_orch.txt,1d3b75294813ec7a3ac5b4fd095523630f62b5b51d12debad07d60138e3a4cc9,155576,5438,"{""40"":2371,""41"":1068,""42"":1999}",0.094059,320.027891,SynthSOD_aligned_scores/SynthSOD_metadata_aligned_all.json|SynthSOD_aligned_scores/SynthSOD_metadata_aligned_train.json,320.12009070294783,,SynthSOD aligned scores v2,10.5281/zenodo.15575778,https://zenodo.org/records/15575778,"tab-separated note events: onset, offset, MIDI pitch, MIDI instrument",Derived from the original MIDI used to synthesize the SynthSOD audio and aligned to that audio; v2 removes notes absent from the render,midi_derived_note_score_aligned_to_synthetic_orchestra_audio,False,False,False,Metadata only in this repository; source dataset terms apply
synthsod-score-3779426d7d9846c8a489,string-quartet_80_1_orch,SynthSOD_aligned_scores/SynthSOD_score_data/string-quartet_80_1_orch.txt,d46d82de9cbbb7e05f3935b6228192eaedb658ce8fc3c237514991febab7f7ac,119538,4224,"{""40"":1533,""41"":856,""42"":1835}",0.104082,283.114376,SynthSOD_aligned_scores/SynthSOD_metadata_aligned_all.json|SynthSOD_aligned_scores/SynthSOD_metadata_aligned_train.json,284.19596371882085,,SynthSOD aligned scores v2,10.5281/zenodo.15575778,https://zenodo.org/records/15575778,"tab-separated note events: onset, offset, MIDI pitch, MIDI instrument",Derived from the original MIDI used to synthesize the SynthSOD audio and aligned to that audio; v2 removes notes absent from the render,midi_derived_note_score_aligned_to_synthetic_orchestra_audio,False,False,False,Metadata only in this repository; source dataset terms apply
synthsod-score-f20e4be8c69a92c25dbd,string-quartet_80_2_orch,SynthSOD_aligned_scores/SynthSOD_score_data/string-quartet_80_2_orch.txt,18d7f4ec168848d3ea983f0ae1433810a7c2de1f3627bb5c0650450c52179454,102279,3564,"{""40"":1637,""41"":721,""42"":1206}",0.094059,242.993605,SynthSOD_aligned_scores/SynthSOD_metadata_aligned_all.json|SynthSOD_aligned_scores/SynthSOD_metadata_aligned_train.json,243.07888888888888,,SynthSOD aligned scores v2,10.5281/zenodo.15575778,https://zenodo.org/records/15575778,"tab-separated note events: onset, offset, MIDI pitch, MIDI instrument",Derived from the original MIDI used to synthesize the SynthSOD audio and aligned to that audio; v2 removes notes absent from the render,midi_derived_note_score_aligned_to_synthetic_orchestra_audio,False,False,False,Metadata only in this repository; source dataset terms apply
synthsod-score-d94752307f8c3249cf1a,string-quartet_80_3_orch,SynthSOD_aligned_scores/SynthSOD_score_data/string-quartet_80_3_orch.txt,6e5b6632c279551679f8f12226002797e9c0292f28cfd3db9827dcbfbfbe6a5a,52341,1817,"{""40"":850,""41"":385,""42"":582}",0.094059,133.586077,SynthSOD_aligned_scores/SynthSOD_metadata_aligned_all.json|SynthSOD_aligned_scores/SynthSOD_metadata_aligned_train.json,133.6774829931973,,SynthSOD aligned scores v2,10.5281/zenodo.15575778,https://zenodo.org/records/15575778,"tab-separated note events: onset, offset, MIDI pitch, MIDI instrument",Derived from the original MIDI used to synthesize the SynthSOD audio and aligned to that audio; v2 removes notes absent from the render,midi_derived_note_score_aligned_to_synthetic_orchestra_audio,False,False,False,Metadata only in this repository; source dataset terms apply
synthsod-score-a22e3e9a5d9bd70988b9,string-quartet_80_4_orch,SynthSOD_aligned_scores/SynthSOD_score_data/string-quartet_80_4_orch.txt,d4cc50de7343f7e84e0b39ff5ac1cca17e638a27d9afefdc901bc18459f6f3c5,89532,3160,"{""40"":1534,""41"":560,""42"":1066}",0.104082,188.299864,SynthSOD_aligned_scores/SynthSOD_metadata_aligned_all.json|SynthSOD_aligned_scores/SynthSOD_metadata_aligned_train.json,188.38845804988662,,SynthSOD aligned scores v2,10.5281/zenodo.15575778,https://zenodo.org/records/15575778,"tab-separated note events: onset, offset, MIDI pitch, MIDI instrument",Derived from the original MIDI used to synthesize the SynthSOD audio and aligned to that audio; v2 removes notes absent from the render,midi_derived_note_score_aligned_to_synthetic_orchestra_audio,False,False,False,Metadata only in this repository; source dataset terms apply
synthsod-score-a40a5b21f13d091aabe6,string-sextet_36_3_orch,SynthSOD_aligned_scores/SynthSOD_score_data/string-sextet_36_3_orch.txt,c664234a7e07c0767529f16a0197ed7675107a145f35a8b6955f93881a83830b,264380,9183,"{""40"":2545,""41"":2508,""42"":4130}",0.344626,502.470658,SynthSOD_aligned_scores/SynthSOD_metadata_aligned_all.json|SynthSOD_aligned_scores/SynthSOD_metadata_aligned_train.json,502.5500680272109,,SynthSOD aligned scores v2,10.5281/zenodo.15575778,https://zenodo.org/records/15575778,"tab-separated note events: onset, offset, MIDI pitch, MIDI instrument",Derived from the original MIDI used to synthesize the SynthSOD audio and aligned to that audio; v2 removes notes absent from the render,midi_derived_note_score_aligned_to_synthetic_orchestra_audio,False,False,False,Metadata only in this repository; source dataset terms apply
synthsod-score-5304b79aa3b37d491861,string-sextet_36_4_orch,SynthSOD_aligned_scores/SynthSOD_score_data/string-sextet_36_4_orch.txt,5226ee1f7c7f3ffe9769644a88e0b8b661908eb155db224d1002c734e4768f81,399274,13931,"{""40"":4161,""41"":3420,""42"":6350}",0.094059,585.668889,SynthSOD_aligned_scores/SynthSOD_metadata_aligned_all.json|SynthSOD_aligned_scores/SynthSOD_metadata_aligned_test.json,585.7673469387755,,SynthSOD aligned scores v2,10.5281/zenodo.15575778,https://zenodo.org/records/15575778,"tab-separated note events: onset, offset, MIDI pitch, MIDI instrument",Derived from the original MIDI used to synthesize the SynthSOD audio and aligned to that audio; v2 removes notes absent from the render,midi_derived_note_score_aligned_to_synthetic_orchestra_audio,False,False,False,Metadata only in this repository; source dataset terms apply
synthsod-score-adb99e97f509c20e5441,string-trio_3_1_orch,SynthSOD_aligned_scores/SynthSOD_score_data/string-trio_3_1_orch.txt,c86ae4330e410390d2e53e0d54bcebd3d002c0a0e0473e4573c7955793b9a956,319632,11057,"{""40"":2950,""41"":2896,""42"":5211}",0.144172,602.446848,SynthSOD_aligned_scores/SynthSOD_metadata_aligned_all.json|SynthSOD_aligned_scores/SynthSOD_metadata_aligned_test.json,611.7077551020408,,SynthSOD aligned scores v2,10.5281/zenodo.15575778,https://zenodo.org/records/15575778,"tab-separated note events: onset, offset, MIDI pitch, MIDI instrument",Derived from the original MIDI used to synthesize the SynthSOD audio and aligned to that audio; v2 removes notes absent from the render,midi_derived_note_score_aligned_to_synthetic_orchestra_audio,False,False,False,Metadata only in this repository; source dataset terms apply
synthsod-score-9bf969625ed897c45b23,string-trio_3_2_orch,SynthSOD_aligned_scores/SynthSOD_score_data/string-trio_3_2_orch.txt,c9f406a7fcd969ab24c29567c14ab5615892c94afbb2787b87d3a1ba2f12d7fd,202548,7000,"{""40"":1829,""41"":1896,""42"":3275}",0.154195,460.385442,SynthSOD_aligned_scores/SynthSOD_metadata_aligned_all.json|SynthSOD_aligned_scores/SynthSOD_metadata_aligned_train.json,460.47816326530614,,SynthSOD aligned scores v2,10.5281/zenodo.15575778,https://zenodo.org/records/15575778,"tab-separated note events: onset, offset, MIDI pitch, MIDI instrument",Derived from the original MIDI used to synthesize the SynthSOD audio and aligned to that audio; v2 removes notes absent from the render,midi_derived_note_score_aligned_to_synthetic_orchestra_audio,False,False,False,Metadata only in this repository; source dataset terms apply
synthsod-score-41e396809c876bed4b5a,string-trio_3_3_orch,SynthSOD_aligned_scores/SynthSOD_score_data/string-trio_3_3_orch.txt,4fbee2d177b98d6a76fe28779145df0ac5b456ec17ba33bb9481090cbc70d0de,58752,1998,"{""40"":495,""41"":609,""42"":894}",0.094059,194.513923,SynthSOD_aligned_scores/SynthSOD_metadata_aligned_all.json|SynthSOD_aligned_scores/SynthSOD_metadata_aligned_train.json,194.6222902494331,,SynthSOD aligned scores v2,10.5281/zenodo.15575778,https://zenodo.org/records/15575778,"tab-separated note events: onset, offset, MIDI pitch, MIDI instrument",Derived from the original MIDI used to synthesize the SynthSOD audio and aligned to that audio; v2 removes notes absent from the render,midi_derived_note_score_aligned_to_synthetic_orchestra_audio,False,False,False,Metadata only in this repository; source dataset terms apply
synthsod-score-e777bcf72fc4f57280a6,string-trio_3_4_orch,SynthSOD_aligned_scores/SynthSOD_score_data/string-trio_3_4_orch.txt,eaaf55c952985f98d4d33fa6f2d1cd8063701b2957a993bd6690d1c26cdd5344,116988,4153,"{""40"":1055,""41"":1096,""42"":2002}",0.134150,333.768980,SynthSOD_aligned_scores/SynthSOD_metadata_aligned_all.json|SynthSOD_aligned_scores/SynthSOD_metadata_aligned_test.json,333.85931972789115,,SynthSOD aligned scores v2,10.5281/zenodo.15575778,https://zenodo.org/records/15575778,"tab-separated note events: onset, offset, MIDI pitch, MIDI instrument",Derived from the original MIDI used to synthesize the SynthSOD audio and aligned to that audio; v2 removes notes absent from the render,midi_derived_note_score_aligned_to_synthetic_orchestra_audio,False,False,False,Metadata only in this repository; source dataset terms apply
synthsod-score-ef800e3562ccee3c9d2c,string-trio_3_5_orch,SynthSOD_aligned_scores/SynthSOD_score_data/string-trio_3_5_orch.txt,dd363f6ea7870309934a3a591ead8b7d879d04292738e270fc5289f73d5c3599,84035,2959,"{""40"":736,""41"":941,""42"":1282}",0.094059,278.383673,SynthSOD_aligned_scores/SynthSOD_metadata_aligned_all.json|SynthSOD_aligned_scores/SynthSOD_metadata_aligned_test.json,279.0977324263039,,SynthSOD aligned scores v2,10.5281/zenodo.15575778,https://zenodo.org/records/15575778,"tab-separated note events: onset, offset, MIDI pitch, MIDI instrument",Derived from the original MIDI used to synthesize the SynthSOD audio and aligned to that audio; v2 removes notes absent from the render,midi_derived_note_score_aligned_to_synthetic_orchestra_audio,False,False,False,Metadata only in this repository; source dataset terms apply
synthsod-score-8b2a223f94d369de9241,string-trio_3_6_orch,SynthSOD_aligned_scores/SynthSOD_score_data/string-trio_3_6_orch.txt,5af0383284eec54324f44eb2ef299094a3d99a026c08c942ba00af1c7fc220eb,224996,7799,"{""40"":2180,""41"":2176,""42"":3443}",0.084036,482.665850,SynthSOD_aligned_scores/SynthSOD_metadata_aligned_all.json|SynthSOD_aligned_scores/SynthSOD_metadata_aligned_train.json,482.80034013605444,,SynthSOD aligned scores v2,10.5281/zenodo.15575778,https://zenodo.org/records/15575778,"tab-separated note events: onset, offset, MIDI pitch, MIDI instrument",Derived from the original MIDI used to synthesize the SynthSOD audio and aligned to that audio; v2 removes notes absent from the render,midi_derived_note_score_aligned_to_synthetic_orchestra_audio,False,False,False,Metadata only in this repository; source dataset terms apply
synthsod-score-6fa93120e41981c5b56a,string_quartet_10_1_orch,SynthSOD_aligned_scores/SynthSOD_score_data/string_quartet_10_1_orch.txt,623c4a9f073e3747a8408cb4f4e4ae649591166361b03dc5bf47b94605cc9f17,159031,5484,"{""40"":2218,""41"":918,""42"":2348}",0.114104,259.380680,SynthSOD_aligned_scores/SynthSOD_metadata_aligned_all.json|SynthSOD_aligned_scores/SynthSOD_metadata_aligned_evaluation.json,262.70215419501136,,SynthSOD aligned scores v2,10.5281/zenodo.15575778,https://zenodo.org/records/15575778,"tab-separated note events: onset, offset, MIDI pitch, MIDI instrument",Derived from the original MIDI used to synthesize the SynthSOD audio and aligned to that audio; v2 removes notes absent from the render,midi_derived_note_score_aligned_to_synthetic_orchestra_audio,False,False,False,Metadata only in this repository; source dataset terms apply
synthsod-score-483dc00ae6ba2c1ebe0a,string_quartet_10_2_orch,SynthSOD_aligned_scores/SynthSOD_score_data/string_quartet_10_2_orch.txt,44984e3c859a06d88b1a53de4f5aeeec982a2b4686d0e212f8555620741dd161,99776,3369,"{""40"":1523,""41"":529,""42"":1317}",0.104082,169.387075,SynthSOD_aligned_scores/SynthSOD_metadata_aligned_all.json|SynthSOD_aligned_scores/SynthSOD_metadata_aligned_test.json,169.47437641723357,,SynthSOD aligned scores v2,10.5281/zenodo.15575778,https://zenodo.org/records/15575778,"tab-separated note events: onset, offset, MIDI pitch, MIDI instrument",Derived from the original MIDI used to synthesize the SynthSOD audio and aligned to that audio; v2 removes notes absent from the render,midi_derived_note_score_aligned_to_synthetic_orchestra_audio,False,False,False,Metadata only in this repository; source dataset terms apply
synthsod-score-3802e2a307ae05142832,string_quartet_10_3_orch,SynthSOD_aligned_scores/SynthSOD_score_data/string_quartet_10_3_orch.txt,fd458cb82def03385aea9d105897c3daa5eac6e3c4731f0bcd5f11ea71e15dc1,210604,7194,"{""40"":3093,""41"":1259,""42"":2842}",0.104082,741.110567,SynthSOD_aligned_scores/SynthSOD_metadata_aligned_all.json|SynthSOD_aligned_scores/SynthSOD_metadata_aligned_train.json,745.0380045351474,,SynthSOD aligned scores v2,10.5281/zenodo.15575778,https://zenodo.org/records/15575778,"tab-separated note events: onset, offset, MIDI pitch, MIDI instrument",Derived from the original MIDI used to synthesize the SynthSOD audio and aligned to that audio; v2 removes notes absent from the render,midi_derived_note_score_aligned_to_synthetic_orchestra_audio,False,False,False,Metadata only in this repository; source dataset terms apply
synthsod-score-e4d1a2330ea5f85abbd8,string_quartet_10_4_orch,SynthSOD_aligned_scores/SynthSOD_score_data/string_quartet_10_4_orch.txt,dcbd14b44e41fa7cd5056f998625f6542f3567615df50bc262098c60200d5b47,51083,1644,"{""40"":749,""41"":229,""42"":666}",0.094059,114.091973,SynthSOD_aligned_scores/SynthSOD_metadata_aligned_all.json|SynthSOD_aligned_scores/SynthSOD_metadata_aligned_test.json,114.16777777777777,,SynthSOD aligned scores v2,10.5281/zenodo.15575778,https://zenodo.org/records/15575778,"tab-separated note events: onset, offset, MIDI pitch, MIDI instrument",Derived from the original MIDI used to synthesize the SynthSOD audio and aligned to that audio; v2 removes notes absent from the render,midi_derived_note_score_aligned_to_synthetic_orchestra_audio,False,False,False,Metadata only in this repository; source dataset terms apply
synthsod-score-41a643f362580ec58588,string_quartet_10_5_orch,SynthSOD_aligned_scores/SynthSOD_score_data/string_quartet_10_5_orch.txt,833cfe4469e1800ddbd48cefeee548ce7f81fcc8c5071f2cefb91495d0cce034,84285,2958,"{""40"":1484,""41"":443,""42"":1031}",0.084036,176.613424,SynthSOD_aligned_scores/SynthSOD_metadata_aligned_all.json|SynthSOD_aligned_scores/SynthSOD_metadata_aligned_test.json,178.46369614512471,,SynthSOD aligned scores v2,10.5281/zenodo.15575778,https://zenodo.org/records/15575778,"tab-separated note events: onset, offset, MIDI pitch, MIDI instrument",Derived from the original MIDI used to synthesize the SynthSOD audio and aligned to that audio; v2 removes notes absent from the render,midi_derived_note_score_aligned_to_synthetic_orchestra_audio,False,False,False,Metadata only in this repository; source dataset terms apply
synthsod-score-837cdbb555493a2a3ba2,string_quartet_11_1_orch,SynthSOD_aligned_scores/SynthSOD_score_data/string_quartet_11_1_orch.txt,d8a71758f60602c26b3ab7b9e0788eb4b1fa4ea0a57c902b55622603b306190c,108330,3792,"{""40"":1581,""41"":695,""42"":1516}",0.094059,140.541814,SynthSOD_aligned_scores/SynthSOD_metadata_aligned_all.json|SynthSOD_aligned_scores/SynthSOD_metadata_aligned_evaluation.json,142.35283446712018,,SynthSOD aligned scores v2,10.5281/zenodo.15575778,https://zenodo.org/records/15575778,"tab-separated note events: onset, offset, MIDI pitch, MIDI instrument",Derived from the original MIDI used to synthesize the SynthSOD audio and aligned to that audio; v2 removes notes absent from the render,midi_derived_note_score_aligned_to_synthetic_orchestra_audio,False,False,False,Metadata only in this repository; source dataset terms apply
synthsod-score-f287c6a61e3751f39f48,string_quartet_11_2_orch,SynthSOD_aligned_scores/SynthSOD_score_data/string_quartet_11_2_orch.txt,3105dc4aed96dbc2f6231d5df88a13d2f78f59211b0ac3a34713cd8b04f11f42,94131,3221,"{""40"":1427,""41"":556,""42"":1238}",0.084036,169.707800,SynthSOD_aligned_scores/SynthSOD_metadata_aligned_all.json|SynthSOD_aligned_scores/SynthSOD_metadata_aligned_test.json,171.692358276644,,SynthSOD aligned scores v2,10.5281/zenodo.15575778,https://zenodo.org/records/15575778,"tab-separated note events: onset, offset, MIDI pitch, MIDI instrument",Derived from the original MIDI used to synthesize the SynthSOD audio and aligned to that audio; v2 removes notes absent from the render,midi_derived_note_score_aligned_to_synthetic_orchestra_audio,False,False,False,Metadata only in this repository; source dataset terms apply
synthsod-score-bd99e69a8115aff11020,string_quartet_11_3_orch,SynthSOD_aligned_scores/SynthSOD_score_data/string_quartet_11_3_orch.txt,0ae8573c0e7933f501373170f3d2a9b554e91ec4cbc84d5c1c43fc6b44c7b0cc,202542,7053,"{""40"":3135,""41"":1355,""42"":2563}",0.164218,431.229478,SynthSOD_aligned_scores/SynthSOD_metadata_aligned_all.json|SynthSOD_aligned_scores/SynthSOD_metadata_aligned_train.json,435.33492063492065,,SynthSOD aligned scores v2,10.5281/zenodo.15575778,https://zenodo.org/records/15575778,"tab-separated note events: onset, offset, MIDI pitch, MIDI instrument",Derived from the original MIDI used to synthesize the SynthSOD audio and aligned to that audio; v2 removes notes absent from the render,midi_derived_note_score_aligned_to_synthetic_orchestra_audio,False,False,False,Metadata only in this repository; source dataset terms apply
synthsod-score-2f45996bff451795960c,string_quartet_11_4_orch,SynthSOD_aligned_scores/SynthSOD_score_data/string_quartet_11_4_orch.txt,e9165685ba7ff9489b56d7b43492b79ab06301762a2e3aca6e31076e00f1dc32,64241,2275,"{""40"":1047,""41"":385,""42"":843}",0.094059,111.415918,SynthSOD_aligned_scores/SynthSOD_metadata_aligned_all.json|SynthSOD_aligned_scores/SynthSOD_metadata_aligned_test.json,111.49090702947846,,SynthSOD aligned scores v2,10.5281/zenodo.15575778,https://zenodo.org/records/15575778,"tab-separated note events: onset, offset, MIDI pitch, MIDI instrument",Derived from the original MIDI used to synthesize the SynthSOD audio and aligned to that audio; v2 removes notes absent from the render,midi_derived_note_score_aligned_to_synthetic_orchestra_audio,False,False,False,Metadata only in this repository; source dataset terms apply
synthsod-score-e4601c032d30815025a4,string_quartet_11_5_orch,SynthSOD_aligned_scores/SynthSOD_score_data/string_quartet_11_5_orch.txt,9035108e775f97de07c0f283397e87cf3f7d488694c0c1f348744c191ca6d04b,60784,2273,"{""40"":995,""41"":428,""42"":850}",0.084036,54.667528,SynthSOD_aligned_scores/SynthSOD_metadata_aligned_all.json|SynthSOD_aligned_scores/SynthSOD_metadata_aligned_train.json,54.74748299319728,,SynthSOD aligned scores v2,10.5281/zenodo.15575778,https://zenodo.org/records/15575778,"tab-separated note events: onset, offset, MIDI pitch, MIDI instrument",Derived from the original MIDI used to synthesize the SynthSOD audio and aligned to that audio; v2 removes notes absent from the render,midi_derived_note_score_aligned_to_synthetic_orchestra_audio,False,False,False,Metadata only in this repository; source dataset terms apply
synthsod-score-3dd7baf4dd9ea41cd913,string_quartet_12_1_orch,SynthSOD_aligned_scores/SynthSOD_score_data/string_quartet_12_1_orch.txt,d457abb1843cfe82d862fb844eb910f7e51e5e19f337369bd3888dbbdb1d2eec,300110,10167,"{""40"":4265,""41"":1804,""42"":4098}",0.084036,498.170930,SynthSOD_aligned_scores/SynthSOD_metadata_aligned_all.json|SynthSOD_aligned_scores/SynthSOD_metadata_aligned_train.json,500.70659863945576,,SynthSOD aligned scores v2,10.5281/zenodo.15575778,https://zenodo.org/records/15575778,"tab-separated note events: onset, offset, MIDI pitch, MIDI instrument",Derived from the original MIDI used to synthesize the SynthSOD audio and aligned to that audio; v2 removes notes absent from the render,midi_derived_note_score_aligned_to_synthetic_orchestra_audio,False,False,False,Metadata only in this repository; source dataset terms apply
synthsod-score-e98dbc61fcde99804381,string_quartet_12_2_orch,SynthSOD_aligned_scores/SynthSOD_score_data/string_quartet_12_2_orch.txt,ad6dc0219511875938397aa7fc405e35b27eec918f17ba0105e20a5a5ea81ae1,92806,3131,"{""40"":1687,""41"":472,""42"":972}",0.094059,187.528118,SynthSOD_aligned_scores/SynthSOD_metadata_aligned_all.json|SynthSOD_aligned_scores/SynthSOD_metadata_aligned_train.json,188.0181179138322,,SynthSOD aligned scores v2,10.5281/zenodo.15575778,https://zenodo.org/records/15575778,"tab-separated note events: onset, offset, MIDI pitch, MIDI instrument",Derived from the original MIDI used to synthesize the SynthSOD audio and aligned to that audio; v2 removes notes absent from the render,midi_derived_note_score_aligned_to_synthetic_orchestra_audio,False,False,False,Metadata only in this repository; source dataset terms apply
synthsod-score-61c6df4aad31e70554be,string_quartet_12_3_orch,SynthSOD_aligned_scores/SynthSOD_score_data/string_quartet_12_3_orch.txt,e0009376411c5fee0f9893cd89a283762ca9959b887569179070fa6d71e0a4c0,106857,3790,"{""40"":1970,""41"":606,""42"":1214}",0.094059,133.405669,SynthSOD_aligned_scores/SynthSOD_metadata_aligned_all.json|SynthSOD_aligned_scores/SynthSOD_metadata_aligned_train.json,133.4797052154195,,SynthSOD aligned scores v2,10.5281/zenodo.15575778,https://zenodo.org/records/15575778,"tab-separated note events: onset, offset, MIDI pitch, MIDI instrument",Derived from the original MIDI used to synthesize the SynthSOD audio and aligned to that audio; v2 removes notes absent from the render,midi_derived_note_score_aligned_to_synthetic_orchestra_audio,False,False,False,Metadata only in this repository; source dataset terms apply
synthsod-score-e1bd9dd29adc6eddf948,string_quartet_12_4_orch,SynthSOD_aligned_scores/SynthSOD_score_data/string_quartet_12_4_orch.txt,35da60b1de6f212aba588fd2e4f7c5991e1b5136dd9aaf3252fceec41ca4e55a,53740,1831,"{""40"":864,""41"":150,""42"":817}",0.094059,119.855011,SynthSOD_aligned_scores/SynthSOD_metadata_aligned_all.json|SynthSOD_aligned_scores/SynthSOD_metadata_aligned_train.json,121.84414965986394,,SynthSOD aligned scores v2,10.5281/zenodo.15575778,https://zenodo.org/records/15575778,"tab-separated note events: onset, offset, MIDI pitch, MIDI instrument",Derived from the original MIDI used to synthesize the SynthSOD audio and aligned to that audio; v2 removes notes absent from the render,midi_derived_note_score_aligned_to_synthetic_orchestra_audio,False,False,False,Metadata only in this repository; source dataset terms apply
synthsod-score-970d737be5abcaf79c3c,string_quartet_12_5_orch,SynthSOD_aligned_scores/SynthSOD_score_data/string_quartet_12_5_orch.txt,3101747a5394dc3dba808b0d1bb29f9721cdefb7e97394beccfeaad1076fde86,87887,3098,"{""40"":1195,""41"":479,""42"":1424}",0.114104,110.052834,SynthSOD_aligned_scores/SynthSOD_metadata_aligned_all.json|SynthSOD_aligned_scores/SynthSOD_metadata_aligned_train.json,110.13897959183673,,SynthSOD aligned scores v2,10.5281/zenodo.15575778,https://zenodo.org/records/15575778,"tab-separated note events: onset, offset, MIDI pitch, MIDI instrument",Derived from the original MIDI used to synthesize the SynthSOD audio and aligned to that audio; v2 removes notes absent from the render,midi_derived_note_score_aligned_to_synthetic_orchestra_audio,False,False,False,Metadata only in this repository; source dataset terms apply
synthsod-score-b8bb445c47c1bcf62a04,string_quartet_13_1_orch,SynthSOD_aligned_scores/SynthSOD_score_data/string_quartet_13_1_orch.txt,64149d68e8df372c787fa15a657ebc4993320202edde13adb3546b22e4e67e9f,259097,8756,"{""40"":3443,""41"":1521,""42"":3792}",0.094059,358.414739,SynthSOD_aligned_scores/SynthSOD_metadata_aligned_all.json|SynthSOD_aligned_scores/SynthSOD_metadata_aligned_train.json,359.04571428571427,,SynthSOD aligned scores v2,10.5281/zenodo.15575778,https://zenodo.org/records/15575778,"tab-separated note events: onset, offset, MIDI pitch, MIDI instrument",Derived from the original MIDI used to synthesize the SynthSOD audio and aligned to that audio; v2 removes notes absent from the render,midi_derived_note_score_aligned_to_synthetic_orchestra_audio,False,False,False,Metadata only in this repository; source dataset terms apply
synthsod-score-8503b2b70aa5ed763c53,string_quartet_13_2_orch,SynthSOD_aligned_scores/SynthSOD_score_data/string_quartet_13_2_orch.txt,b3be2952e6480cd021221aa9f619cd9d287d321d25eed06697ac558a219d297f,112841,3966,"{""40"":1724,""41"":819,""42"":1423}",0.094059,165.337914,SynthSOD_aligned_scores/SynthSOD_metadata_aligned_all.json|SynthSOD_aligned_scores/SynthSOD_metadata_aligned_train.json,165.48133786848072,,SynthSOD aligned scores v2,10.5281/zenodo.15575778,https://zenodo.org/records/15575778,"tab-separated note events: onset, offset, MIDI pitch, MIDI instrument",Derived from the original MIDI used to synthesize the SynthSOD audio and aligned to that audio; v2 removes notes absent from the render,midi_derived_note_score_aligned_to_synthetic_orchestra_audio,False,False,False,Metadata only in this repository; source dataset terms apply
synthsod-score-31f01b151ea409ed6005,string_quartet_13_3_orch,SynthSOD_aligned_scores/SynthSOD_score_data/string_quartet_13_3_orch.txt,365ed97978e71fe7798f66bb315ad27b72bf9a7f486723cf728ece6b8c4c46e2,153708,5411,"{""40"":2446,""41"":919,""42"":2046}",0.224354,218.257642,SynthSOD_aligned_scores/SynthSOD_metadata_aligned_all.json|SynthSOD_aligned_scores/SynthSOD_metadata_aligned_train.json,221.50038548752835,,SynthSOD aligned scores v2,10.5281/zenodo.15575778,https://zenodo.org/records/15575778,"tab-separated note events: onset, offset, MIDI pitch, MIDI instrument",Derived from the original MIDI used to synthesize the SynthSOD audio and aligned to that audio; v2 removes notes absent from the render,midi_derived_note_score_aligned_to_synthetic_orchestra_audio,False,False,False,Metadata only in this repository; source dataset terms apply
synthsod-score-5f6a52819c155e809bd2,string_quartet_13_4_orch,SynthSOD_aligned_scores/SynthSOD_score_data/string_quartet_13_4_orch.txt,f17420bdf2523e45be341db5ef0e40aa2b6f30a6687d73ce7ddae4c174ef3970,60791,2179,"{""40"":977,""41"":398,""42"":804}",0.114104,94.307211,SynthSOD_aligned_scores/SynthSOD_metadata_aligned_all.json|SynthSOD_aligned_scores/SynthSOD_metadata_aligned_train.json,94.38124716553288,,SynthSOD aligned scores v2,10.5281/zenodo.15575778,https://zenodo.org/records/15575778,"tab-separated note events: onset, offset, MIDI pitch, MIDI instrument",Derived from the original MIDI used to synthesize the SynthSOD audio and aligned to that audio; v2 removes notes absent from the render,midi_derived_note_score_aligned_to_synthetic_orchestra_audio,False,False,False,Metadata only in this repository; source dataset terms apply
synthsod-score-7dbe6d53be17da2ac176,string_quartet_14_1_orch,SynthSOD_aligned_scores/SynthSOD_score_data/string_quartet_14_1_orch.txt,fb69971b05dc5b73bdb76fd32abcf8deee77a068b0f7f09ef4c478cd7268ca6c,276216,9454,"{""40"":3709,""41"":1851,""42"":3894}",0.104082,430.347483,SynthSOD_aligned_scores/SynthSOD_metadata_aligned_all.json|SynthSOD_aligned_scores/SynthSOD_metadata_aligned_train.json,430.5102267573696,,SynthSOD aligned scores v2,10.5281/zenodo.15575778,https://zenodo.org/records/15575778,"tab-separated note events: onset, offset, MIDI pitch, MIDI instrument",Derived from the original MIDI used to synthesize the SynthSOD audio and aligned to that audio; v2 removes notes absent from the render,midi_derived_note_score_aligned_to_synthetic_orchestra_audio,False,False,False,Metadata only in this repository; source dataset terms apply
synthsod-score-6fcc80145f3df1e346eb,string_quartet_14_2_orch,SynthSOD_aligned_scores/SynthSOD_score_data/string_quartet_14_2_orch.txt,f0315388877d71e752c3f80293e67e7f8ca0b63bbd27b14678d7334f6f3b1284,81420,2912,"{""40"":1182,""41"":546,""42"":1184}",0.094059,144.420590,SynthSOD_aligned_scores/SynthSOD_metadata_aligned_all.json|SynthSOD_aligned_scores/SynthSOD_metadata_aligned_train.json,147.19086167800452,,SynthSOD aligned scores v2,10.5281/zenodo.15575778,https://zenodo.org/records/15575778,"tab-separated note events: onset, offset, MIDI pitch, MIDI instrument",Derived from the original MIDI used to synthesize the SynthSOD audio and aligned to that audio; v2 removes notes absent from the render,midi_derived_note_score_aligned_to_synthetic_orchestra_audio,False,False,False,Metadata only in this repository; source dataset terms apply
synthsod-score-1f38bc6b280dcc241b0e,string_quartet_14_3_orch,SynthSOD_aligned_scores/SynthSOD_score_data/string_quartet_14_3_orch.txt,feea6ac902f401fab45878ff7a4e8b3070fdc43f4b02c0f37d8fe305ab6652e3,284261,9458,"{""40"":3918,""41"":1692,""42"":3848}",0.114104,415.984989,SynthSOD_aligned_scores/SynthSOD_metadata_aligned_all.json|SynthSOD_aligned_scores/SynthSOD_metadata_aligned_train.json,417.19514739229027,,SynthSOD aligned scores v2,10.5281/zenodo.15575778,https://zenodo.org/records/15575778,"tab-separated note events: onset, offset, MIDI pitch, MIDI instrument",Derived from the original MIDI used to synthesize the SynthSOD audio and aligned to that audio; v2 removes notes absent from the render,midi_derived_note_score_aligned_to_synthetic_orchestra_audio,False,False,False,Metadata only in this repository; source dataset terms apply
synthsod-score-3a694cc0398a72201cda,string_quartet_15_1_orch,SynthSOD_aligned_scores/SynthSOD_score_data/string_quartet_15_1_orch.txt,4ae0a52039d8c5bdd838c8dd3fd1747b9af91508c47943fe09c43fd125c53c36,175561,6026,"{""40"":2368,""41"":1144,""42"":2514}",0.094059,226.967347,SynthSOD_aligned_scores/SynthSOD_metadata_aligned_all.json|SynthSOD_aligned_scores/SynthSOD_metadata_aligned_train.json,228.15156462585034,,SynthSOD aligned scores v2,10.5281/zenodo.15575778,https://zenodo.org/records/15575778,"tab-separated note events: onset, offset, MIDI pitch, MIDI instrument",Derived from the original MIDI used to synthesize the SynthSOD audio and aligned to that audio; v2 removes notes absent from the render,midi_derived_note_score_aligned_to_synthetic_orchestra_audio,False,False,False,Metadata only in this repository; source dataset terms apply
synthsod-score-dc12d9bc5576a59a5fdb,string_quartet_15_2_orch,SynthSOD_aligned_scores/SynthSOD_score_data/string_quartet_15_2_orch.txt,fe85fb4d0742c46f1f98fab0c46a1a403159665f3c4cde4c4a659dd1978d1644,220566,7587,"{""40"":3535,""41"":1350,""42"":2702}",0.094059,507.762630,SynthSOD_aligned_scores/SynthSOD_metadata_aligned_all.json|SynthSOD_aligned_scores/SynthSOD_metadata_aligned_train.json,507.95984126984126,,SynthSOD aligned scores v2,10.5281/zenodo.15575778,https://zenodo.org/records/15575778,"tab-separated note events: onset, offset, MIDI pitch, MIDI instrument",Derived from the original MIDI used to synthesize the SynthSOD audio and aligned to that audio; v2 removes notes absent from the render,midi_derived_note_score_aligned_to_synthetic_orchestra_audio,False,False,False,Metadata only in this repository; source dataset terms apply
synthsod-score-06a5a49f80ef7aa822d4,string_quartet_15_3_orch,SynthSOD_aligned_scores/SynthSOD_score_data/string_quartet_15_3_orch.txt,c81f338e8491150d44534514e457968748170b054ba9e99e0f41d62a14221348,91918,3057,"{""40"":1315,""41"":588,""42"":1154}",0.094059,138.667574,SynthSOD_aligned_scores/SynthSOD_metadata_aligned_all.json|SynthSOD_aligned_scores/SynthSOD_metadata_aligned_train.json,143.79950113378686,,SynthSOD aligned scores v2,10.5281/zenodo.15575778,https://zenodo.org/records/15575778,"tab-separated note events: onset, offset, MIDI pitch, MIDI instrument",Derived from the original MIDI used to synthesize the SynthSOD audio and aligned to that audio; v2 removes notes absent from the render,midi_derived_note_score_aligned_to_synthetic_orchestra_audio,False,False,False,Metadata only in this repository; source dataset terms apply
synthsod-score-f55eba4388a79248d0a8,string_quartet_15_4_orch,SynthSOD_aligned_scores/SynthSOD_score_data/string_quartet_15_4_orch.txt,b3aab6a2aaba735a7bf66ca3cf6a11c2f1fac5ea8ab43c34f026db56870ec9f5,197070,6649,"{""40"":3176,""41"":1080,""42"":2393}",0.094059,310.797007,SynthSOD_aligned_scores/SynthSOD_metadata_aligned_all.json|SynthSOD_aligned_scores/SynthSOD_metadata_aligned_train.json,311.7098185941043,,SynthSOD aligned scores v2,10.5281/zenodo.15575778,https://zenodo.org/records/15575778,"tab-separated note events: onset, offset, MIDI pitch, MIDI instrument",Derived from the original MIDI used to synthesize the SynthSOD audio and aligned to that audio; v2 removes notes absent from the render,midi_derived_note_score_aligned_to_synthetic_orchestra_audio,False,False,False,Metadata only in this repository; source dataset terms apply
synthsod-score-79dc0255a12018f5b6f5,string_quartet_16_1_orch,SynthSOD_aligned_scores/SynthSOD_score_data/string_quartet_16_1_orch.txt,5bc81a6b9c349638160210736c77c977acf6570dffcb3580a5cc24bf09d3893d,271957,9196,"{""40"":4896,""41"":1412,""42"":2888}",0.084036,446.042993,SynthSOD_aligned_scores/SynthSOD_metadata_aligned_all.json|SynthSOD_aligned_scores/SynthSOD_metadata_aligned_train.json,453.99027210884356,,SynthSOD aligned scores v2,10.5281/zenodo.15575778,https://zenodo.org/records/15575778,"tab-separated note events: onset, offset, MIDI pitch, MIDI instrument",Derived from the original MIDI used to synthesize the SynthSOD audio and aligned to that audio; v2 removes notes absent from the render,midi_derived_note_score_aligned_to_synthetic_orchestra_audio,False,False,False,Metadata only in this repository; source dataset terms apply
synthsod-score-c72a41675f1ed3c29de6,string_quartet_16_2_orch,SynthSOD_aligned_scores/SynthSOD_score_data/string_quartet_16_2_orch.txt,2ce3596d61012fde10a5b90d488de82026a9672e0e49262dcc644679a50b6274,100968,3447,"{""40"":1642,""41"":547,""42"":1258}",0.114104,196.368118,SynthSOD_aligned_scores/SynthSOD_metadata_aligned_all.json|SynthSOD_aligned_scores/SynthSOD_metadata_aligned_train.json,196.44698412698412,,SynthSOD aligned scores v2,10.5281/zenodo.15575778,https://zenodo.org/records/15575778,"tab-separated note events: onset, offset, MIDI pitch, MIDI instrument",Derived from the original MIDI used to synthesize the SynthSOD audio and aligned to that audio; v2 removes notes absent from the render,midi_derived_note_score_aligned_to_synthetic_orchestra_audio,False,False,False,Metadata only in this repository; source dataset terms apply
synthsod-score-7fb2290957e82e32dc30,string_quartet_17_1_orch,SynthSOD_aligned_scores/SynthSOD_score_data/string_quartet_17_1_orch.txt,080adb454f30cdf28c8d6a2b7cdb834fc5ea42623d846636e4c0b9a76690a60e,227170,7788,"{""40"":3400,""41"":1254,""42"":3134}",0.144172,339.301497,SynthSOD_aligned_scores/SynthSOD_metadata_aligned_all.json|SynthSOD_aligned_scores/SynthSOD_metadata_aligned_train.json,341.4947619047619,,SynthSOD aligned scores v2,10.5281/zenodo.15575778,https://zenodo.org/records/15575778,"tab-separated note events: onset, offset, MIDI pitch, MIDI instrument",Derived from the original MIDI used to synthesize the SynthSOD audio and aligned to that audio; v2 removes notes absent from the render,midi_derived_note_score_aligned_to_synthetic_orchestra_audio,False,False,False,Metadata only in this repository; source dataset terms apply
synthsod-score-b7961e720b688e4fc294,string_quartet_17_2_orch,SynthSOD_aligned_scores/SynthSOD_score_data/string_quartet_17_2_orch.txt,dc23c9af13ccf89e1c1a4d1f79e0d2f489c3504fd266ab46c06e5547fa60f064,196084,6878,"{""40"":3298,""41"":1638,""42"":1942}",0.815692,375.994512,SynthSOD_aligned_scores/SynthSOD_metadata_aligned_all.json|SynthSOD_aligned_scores/SynthSOD_metadata_aligned_train.json,378.6315419501134,,SynthSOD aligned scores v2,10.5281/zenodo.15575778,https://zenodo.org/records/15575778,"tab-separated note events: onset, offset, MIDI pitch, MIDI instrument",Derived from the original MIDI used to synthesize the SynthSOD audio and aligned to that audio; v2 removes notes absent from the render,midi_derived_note_score_aligned_to_synthetic_orchestra_audio,False,False,False,Metadata only in this repository; source dataset terms apply
synthsod-score-e4e28b815ec25affaa66,string_quartet_17_3_orch,SynthSOD_aligned_scores/SynthSOD_score_data/string_quartet_17_3_orch.txt,61277d6ed43a34faaba047d8a1d19b87ea3cb4bc907bf5088e3055a8fd3af4b5,102162,3614,"{""40"":1837,""41"":499,""42"":1278}",0.094059,198.182222,SynthSOD_aligned_scores/SynthSOD_metadata_aligned_all.json|SynthSOD_aligned_scores/SynthSOD_metadata_aligned_train.json,200.0512244897959,,SynthSOD aligned scores v2,10.5281/zenodo.15575778,https://zenodo.org/records/15575778,"tab-separated note events: onset, offset, MIDI pitch, MIDI instrument",Derived from the original MIDI used to synthesize the SynthSOD audio and aligned to that audio; v2 removes notes absent from the render,midi_derived_note_score_aligned_to_synthetic_orchestra_audio,False,False,False,Metadata only in this repository; source dataset terms apply
synthsod-score-7018038119a7eebf45bb,string_quartet_17_4_orch,SynthSOD_aligned_scores/SynthSOD_score_data/string_quartet_17_4_orch.txt,c4dea40390f81548d7f1adf67d0eb3e4beb7f22b9bf952bdd742eb63ee59ba6f,136908,4708,"{""40"":2060,""41"":736,""42"":1912}",0.094059,139.459365,SynthSOD_aligned_scores/SynthSOD_metadata_aligned_all.json|SynthSOD_aligned_scores/SynthSOD_metadata_aligned_train.json,152.63621315192745,,SynthSOD aligned scores v2,10.5281/zenodo.15575778,https://zenodo.org/records/15575778,"tab-separated note events: onset, offset, MIDI pitch, MIDI instrument",Derived from the original MIDI used to synthesize the SynthSOD audio and aligned to that audio; v2 removes notes absent from the render,midi_derived_note_score_aligned_to_synthetic_orchestra_audio,False,False,False,Metadata only in this repository; source dataset terms apply
synthsod-score-9c975bd9ab4789b7616c,string_quartet_18_1_orch,SynthSOD_aligned_scores/SynthSOD_score_data/string_quartet_18_1_orch.txt,c8fb6879c652f235e0a1c87cc5bc386de6f52107cd016765724757238e71c05a,262421,8973,"{""40"":3888,""41"":1750,""42"":3335}",0.114104,384.002630,SynthSOD_aligned_scores/SynthSOD_metadata_aligned_all.json|SynthSOD_aligned_scores/SynthSOD_metadata_aligned_train.json,385.5304081632653,,SynthSOD aligned scores v2,10.5281/zenodo.15575778,https://zenodo.org/records/15575778,"tab-separated note events: onset, offset, MIDI pitch, MIDI instrument",Derived from the original MIDI used to synthesize the SynthSOD audio and aligned to that audio; v2 removes notes absent from the render,midi_derived_note_score_aligned_to_synthetic_orchestra_audio,False,False,False,Metadata only in this repository; source dataset terms apply
synthsod-score-ca4a11b9a993310a6650,string_quartet_18_2_orch,SynthSOD_aligned_scores/SynthSOD_score_data/string_quartet_18_2_orch.txt,acf7e86536b01103dd7e26d2e9641764aa555b07e353e71672ec919b9ff5e89e,162471,5636,"{""40"":2308,""41"":1088,""42"":2240}",0.084036,360.649796,SynthSOD_aligned_scores/SynthSOD_metadata_aligned_all.json|SynthSOD_aligned_scores/SynthSOD_metadata_aligned_train.json,361.0837641723356,,SynthSOD aligned scores v2,10.5281/zenodo.15575778,https://zenodo.org/records/15575778,"tab-separated note events: onset, offset, MIDI pitch, MIDI instrument",Derived from the original MIDI used to synthesize the SynthSOD audio and aligned to that audio; v2 removes notes absent from the render,midi_derived_note_score_aligned_to_synthetic_orchestra_audio,False,False,False,Metadata only in this repository; source dataset terms apply
synthsod-score-93139c4351be6f17235f,string_quartet_18_3_orch,SynthSOD_aligned_scores/SynthSOD_score_data/string_quartet_18_3_orch.txt,9836fd070b4de54486ee2f0ecc2e8990c3c20944e677c315fbd3a605807c2bb7,51624,1791,"{""40"":766,""41"":305,""42"":720}",0.124127,136.131837,SynthSOD_aligned_scores/SynthSOD_metadata_aligned_all.json|SynthSOD_aligned_scores/SynthSOD_metadata_aligned_train.json,137.99843537414966,,SynthSOD aligned scores v2,10.5281/zenodo.15575778,https://zenodo.org/records/15575778,"tab-separated note events: onset, offset, MIDI pitch, MIDI instrument",Derived from the original MIDI used to synthesize the SynthSOD audio and aligned to that audio; v2 removes notes absent from the render,midi_derived_note_score_aligned_to_synthetic_orchestra_audio,False,False,False,Metadata only in this repository; source dataset terms apply
synthsod-score-7c877f098b25815dc87c,string_quartet_18_4_orch,SynthSOD_aligned_scores/SynthSOD_score_data/string_quartet_18_4_orch.txt,3f177cf0063b1dc2cbc56a385beaeca94f2887d690841c9b12b057c25e2912c5,110562,3797,"{""40"":1813,""41"":630,""42"":1354}",0.104082,177.054422,SynthSOD_aligned_scores/SynthSOD_metadata_aligned_all.json|SynthSOD_aligned_scores/SynthSOD_metadata_aligned_train.json,177.13834467120182,,SynthSOD aligned scores v2,10.5281/zenodo.15575778,https://zenodo.org/records/15575778,"tab-separated note events: onset, offset, MIDI pitch, MIDI instrument",Derived from the original MIDI used to synthesize the SynthSOD audio and aligned to that audio; v2 removes notes absent from the render,midi_derived_note_score_aligned_to_synthetic_orchestra_audio,False,False,False,Metadata only in this repository; source dataset terms apply
synthsod-score-0f0c518da5d9b3c5e1bb,string_quartet_1_1_orch,SynthSOD_aligned_scores/SynthSOD_score_data/string_quartet_1_1_orch.txt,072cc69d14b40ddcbe224044a818e44407a117da065ae9493a3b05064a3f1120,76739,2591,"{""40"":1116,""41"":429,""42"":1046}",0.124127,139.920408,SynthSOD_aligned_scores/SynthSOD_metadata_aligned_all.json|SynthSOD_aligned_scores/SynthSOD_metadata_aligned_train.json,140.00659863945577,,SynthSOD aligned scores v2,10.5281/zenodo.15575778,https://zenodo.org/records/15575778,"tab-separated note events: onset, offset, MIDI pitch, MIDI instrument",Derived from the original MIDI used to synthesize the SynthSOD audio and aligned to that audio; v2 removes notes absent from the render,midi_derived_note_score_aligned_to_synthetic_orchestra_audio,False,False,False,Metadata only in this repository; source dataset terms apply
synthsod-score-6c5e4a5a6a18389c31e2,string_quartet_1_2_orch,SynthSOD_aligned_scores/SynthSOD_score_data/string_quartet_1_2_orch.txt,aff6bba5a60dcc1441a78d8747ef5a07a0a9bb9430e28598cfa9069c06ac5017,70666,2325,"{""40"":1124,""41"":402,""42"":799}",0.104082,192.098458,SynthSOD_aligned_scores/SynthSOD_metadata_aligned_all.json|SynthSOD_aligned_scores/SynthSOD_metadata_aligned_train.json,192.17666666666668,,SynthSOD aligned scores v2,10.5281/zenodo.15575778,https://zenodo.org/records/15575778,"tab-separated note events: onset, offset, MIDI pitch, MIDI instrument",Derived from the original MIDI used to synthesize the SynthSOD audio and aligned to that audio; v2 removes notes absent from the render,midi_derived_note_score_aligned_to_synthetic_orchestra_audio,False,False,False,Metadata only in this repository; source dataset terms apply
synthsod-score-d192a0bb3eb862537c59,string_quartet_1_3_orch,SynthSOD_aligned_scores/SynthSOD_score_data/string_quartet_1_3_orch.txt,f2761c651c9b8cbeffa22541d8d984ec8c5a7a9f9e2a9180d963681a1d969846,143577,4869,"{""40"":2174,""41"":829,""42"":1866}",0.094059,336.455057,SynthSOD_aligned_scores/SynthSOD_metadata_aligned_all.json|SynthSOD_aligned_scores/SynthSOD_metadata_aligned_train.json,342.2511337868481,,SynthSOD aligned scores v2,10.5281/zenodo.15575778,https://zenodo.org/records/15575778,"tab-separated note events: onset, offset, MIDI pitch, MIDI instrument",Derived from the original MIDI used to synthesize the SynthSOD audio and aligned to that audio; v2 removes notes absent from the render,midi_derived_note_score_aligned_to_synthetic_orchestra_audio,False,False,False,Metadata only in this repository; source dataset terms apply
synthsod-score-3c8ad1e66b9647ff7c1c,string_quartet_1_4_orch,SynthSOD_aligned_scores/SynthSOD_score_data/string_quartet_1_4_orch.txt,5716dde26ca22a5b647e013199c77dc21e9bd2990703bd22829a9b7f2b63bbc7,58477,1958,"{""40"":920,""41"":351,""42"":687}",0.084036,169.717823,SynthSOD_aligned_scores/SynthSOD_metadata_aligned_all.json|SynthSOD_aligned_scores/SynthSOD_metadata_aligned_train.json,172.66791383219956,,SynthSOD aligned scores v2,10.5281/zenodo.15575778,https://zenodo.org/records/15575778,"tab-separated note events: onset, offset, MIDI pitch, MIDI instrument",Derived from the original MIDI used to synthesize the SynthSOD audio and aligned to that audio; v2 removes notes absent from the render,midi_derived_note_score_aligned_to_synthetic_orchestra_audio,False,False,False,Metadata only in this repository; source dataset terms apply
synthsod-score-79d8a073508baf5f5f0a,string_quartet_1_5_orch,SynthSOD_aligned_scores/SynthSOD_score_data/string_quartet_1_5_orch.txt,a45587952846afeb8f82292b75e702900ecec0e303eed4bf32c3a0cb4c496dde,89265,3179,"{""40"":1208,""41"":610,""42"":1361}",0.094059,134.568299,SynthSOD_aligned_scores/SynthSOD_metadata_aligned_all.json|SynthSOD_aligned_scores/SynthSOD_metadata_aligned_train.json,134.64993197278912,,SynthSOD aligned scores v2,10.5281/zenodo.15575778,https://zenodo.org/records/15575778,"tab-separated note events: onset, offset, MIDI pitch, MIDI instrument",Derived from the original MIDI used to synthesize the SynthSOD audio and aligned to that audio; v2 removes notes absent from the render,midi_derived_note_score_aligned_to_synthetic_orchestra_audio,False,False,False,Metadata only in this repository; source dataset terms apply
synthsod-score-ecf2a5f7019a3f7f5e34,string_quartet_2_1_orch,SynthSOD_aligned_scores/SynthSOD_score_data/string_quartet_2_1_orch.txt,3ef73c059a100bcc7069499c615157332aad765b9ede77c2769db8d8142c3339,126202,4331,"{""40"":1931,""41"":706,""42"":1694}",0.094059,231.136780,SynthSOD_aligned_scores/SynthSOD_metadata_aligned_all.json|SynthSOD_aligned_scores/SynthSOD_metadata_aligned_train.json,231.21566893424037,,SynthSOD aligned scores v2,10.5281/zenodo.15575778,https://zenodo.org/records/15575778,"tab-separated note events: onset, offset, MIDI pitch, MIDI instrument",Derived from the original MIDI used to synthesize the SynthSOD audio and aligned to that audio; v2 removes notes absent from the render,midi_derived_note_score_aligned_to_synthetic_orchestra_audio,False,False,False,Metadata only in this repository; source dataset terms apply
synthsod-score-6016d9e95b9346698802,string_quartet_2_2_orch,SynthSOD_aligned_scores/SynthSOD_score_data/string_quartet_2_2_orch.txt,aaea7169321acba68a968359a8f172d559184fea438425243c2f5aea95f3473e,102430,3490,"{""40"":1631,""41"":669,""42"":1190}",0.374694,235.155873,SynthSOD_aligned_scores/SynthSOD_metadata_aligned_all.json|SynthSOD_aligned_scores/SynthSOD_metadata_aligned_train.json,235.45816326530613,,SynthSOD aligned scores v2,10.5281/zenodo.15575778,https://zenodo.org/records/15575778,"tab-separated note events: onset, offset, MIDI pitch, MIDI instrument",Derived from the original MIDI used to synthesize the SynthSOD audio and aligned to that audio; v2 removes notes absent from the render,midi_derived_note_score_aligned_to_synthetic_orchestra_audio,False,False,False,Metadata only in this repository; source dataset terms apply
synthsod-score-d06d1a85f2bdebe02c1d,string_quartet_2_3_orch,SynthSOD_aligned_scores/SynthSOD_score_data/string_quartet_2_3_orch.txt,dde9c743bcff2c696bd2048a5f5ccf5b93fd56d1c50ba0699ac6deb37700d78f,119972,4069,"{""40"":1856,""41"":721,""42"":1492}",0.224354,372.506621,SynthSOD_aligned_scores/SynthSOD_metadata_aligned_all.json|SynthSOD_aligned_scores/SynthSOD_metadata_aligned_train.json,373.57795918367344,,SynthSOD aligned scores v2,10.5281/zenodo.15575778,https://zenodo.org/records/15575778,"tab-separated note events: onset, offset, MIDI pitch, MIDI instrument",Derived from the original MIDI used to synthesize the SynthSOD audio and aligned to that audio; v2 removes notes absent from the render,midi_derived_note_score_aligned_to_synthetic_orchestra_audio,False,False,False,Metadata only in this repository; source dataset terms apply
synthsod-score-fd7599b226dcef239d46,string_quartet_2_4_orch,SynthSOD_aligned_scores/SynthSOD_score_data/string_quartet_2_4_orch.txt,f3ee6c6091195d209f4e68f2df220038f2a575a50e7310e6a46d0aaa515ba15a,79055,2747,"{""40"":1246,""41"":518,""42"":983}",0.094059,142.526304,SynthSOD_aligned_scores/SynthSOD_metadata_aligned_all.json|SynthSOD_aligned_scores/SynthSOD_metadata_aligned_train.json,155.4675283446712,,SynthSOD aligned scores v2,10.5281/zenodo.15575778,https://zenodo.org/records/15575778,"tab-separated note events: onset, offset, MIDI pitch, MIDI instrument",Derived from the original MIDI used to synthesize the SynthSOD audio and aligned to that audio; v2 removes notes absent from the render,midi_derived_note_score_aligned_to_synthetic_orchestra_audio,False,False,False,Metadata only in this repository; source dataset terms apply
synthsod-score-2dcc4ffeb332221497ce,string_quartet_2_5_orch,SynthSOD_aligned_scores/SynthSOD_score_data/string_quartet_2_5_orch.txt,900319b011b3bd1682c04d98fa036995062ac36dcf8abd4c8cc0f409ab4f8a08,88506,3014,"{""40"":1303,""41"":485,""42"":1226}",0.104082,109.220952,SynthSOD_aligned_scores/SynthSOD_metadata_aligned_all.json|SynthSOD_aligned_scores/SynthSOD_metadata_aligned_train.json,109.30138321995464,,SynthSOD aligned scores v2,10.5281/zenodo.15575778,https://zenodo.org/records/15575778,"tab-separated note events: onset, offset, MIDI pitch, MIDI instrument",Derived from the original MIDI used to synthesize the SynthSOD audio and aligned to that audio; v2 removes notes absent from the render,midi_derived_note_score_aligned_to_synthetic_orchestra_audio,False,False,False,Metadata only in this repository; source dataset terms apply
synthsod-score-48536dee954b8668374e,string_quartet_3_1_orch,SynthSOD_aligned_scores/SynthSOD_score_data/string_quartet_3_1_orch.txt,9da6911705be7c770f5c1df80f3a98739436fdcc246d2c481da0a46c2dfc1aea,145736,5010,"{""40"":2747,""41"":890,""42"":1373}",0.104082,387.911474,SynthSOD_aligned_scores/SynthSOD_metadata_aligned_all.json|SynthSOD_aligned_scores/SynthSOD_metadata_aligned_train.json,388.3631519274376,,SynthSOD aligned scores v2,10.5281/zenodo.15575778,https://zenodo.org/records/15575778,"tab-separated note events: onset, offset, MIDI pitch, MIDI instrument",Derived from the original MIDI used to synthesize the SynthSOD audio and aligned to that audio; v2 removes notes absent from the render,midi_derived_note_score_aligned_to_synthetic_orchestra_audio,False,False,False,Metadata only in this repository; source dataset terms apply
synthsod-score-33b08e04b913a5399af2,string_quartet_3_2_orch,SynthSOD_aligned_scores/SynthSOD_score_data/string_quartet_3_2_orch.txt,8c775366c408128463b9f4235bf3942e3471b26eeec7394499cb2e1be3a887fe,70275,2473,"{""40"":1078,""41"":468,""42"":927}",0.104082,125.898685,SynthSOD_aligned_scores/SynthSOD_metadata_aligned_all.json|SynthSOD_aligned_scores/SynthSOD_metadata_aligned_train.json,128.9419274376417,,SynthSOD aligned scores v2,10.5281/zenodo.15575778,https://zenodo.org/records/15575778,"tab-separated note events: onset, offset, MIDI pitch, MIDI instrument",Derived from the original MIDI used to synthesize the SynthSOD audio and aligned to that audio; v2 removes notes absent from the render,midi_derived_note_score_aligned_to_synthetic_orchestra_audio,False,False,False,Metadata only in this repository; source dataset terms apply
synthsod-score-03399207618498ada805,string_quartet_3_3_orch,SynthSOD_aligned_scores/SynthSOD_score_data/string_quartet_3_3_orch.txt,c2a1f21da73d4206b0e53814742bf62e447916c7eb0ec5fb184195e02c667120,73877,2443,"{""40"":1092,""41"":427,""42"":924}",0.244399,121.107846,SynthSOD_aligned_scores/SynthSOD_metadata_aligned_all.json|SynthSOD_aligned_scores/SynthSOD_metadata_aligned_train.json,121.4998866213152,,SynthSOD aligned scores v2,10.5281/zenodo.15575778,https://zenodo.org/records/15575778,"tab-separated note events: onset, offset, MIDI pitch, MIDI instrument",Derived from the original MIDI used to synthesize the SynthSOD audio and aligned to that audio; v2 removes notes absent from the render,midi_derived_note_score_aligned_to_synthetic_orchestra_audio,False,False,False,Metadata only in this repository; source dataset terms apply
synthsod-score-a78681c6140739cedffe,string_quartet_3_4_orch,SynthSOD_aligned_scores/SynthSOD_score_data/string_quartet_3_4_orch.txt,873a0b1edb5444701e49540b94d32be20c69fc3447f4e5dce4faf03829fa263b,93369,3217,"{""40"":1446,""41"":757,""42"":1014}",0.104082,155.756236,SynthSOD_aligned_scores/SynthSOD_metadata_aligned_all.json|SynthSOD_aligned_scores/SynthSOD_metadata_aligned_train.json,156.53149659863945,,SynthSOD aligned scores v2,10.5281/zenodo.15575778,https://zenodo.org/records/15575778,"tab-separated note events: onset, offset, MIDI pitch, MIDI instrument",Derived from the original MIDI used to synthesize the SynthSOD audio and aligned to that audio; v2 removes notes absent from the render,midi_derived_note_score_aligned_to_synthetic_orchestra_audio,False,False,False,Metadata only in this repository; source dataset terms apply
synthsod-score-49bb62392847305a2d16,string_quartet_3_5_orch,SynthSOD_aligned_scores/SynthSOD_score_data/string_quartet_3_5_orch.txt,a6cb2846c722c82cb2142d30c91a0946b6a6a53c9bf1e4c4bd56677052da7477,52381,1756,"{""40"":767,""41"":257,""42"":732}",0.094059,110.914785,SynthSOD_aligned_scores/SynthSOD_metadata_aligned_all.json|SynthSOD_aligned_scores/SynthSOD_metadata_aligned_train.json,110.99183673469388,,SynthSOD aligned scores v2,10.5281/zenodo.15575778,https://zenodo.org/records/15575778,"tab-separated note events: onset, offset, MIDI pitch, MIDI instrument",Derived from the original MIDI used to synthesize the SynthSOD audio and aligned to that audio; v2 removes notes absent from the render,midi_derived_note_score_aligned_to_synthetic_orchestra_audio,False,False,False,Metadata only in this repository; source dataset terms apply
synthsod-score-950c8546812f82867d3b,string_quartet_4_1_orch,SynthSOD_aligned_scores/SynthSOD_score_data/string_quartet_4_1_orch.txt,ea3bcd07e4850183bf3673e872effb465c7b6b8c5b61938d78cb65ed401decee,154879,5316,"{""40"":2300,""41"":974,""42"":2042}",0.164218,240.678367,SynthSOD_aligned_scores/SynthSOD_metadata_aligned_all.json|SynthSOD_aligned_scores/SynthSOD_metadata_aligned_train.json,240.87863945578232,,SynthSOD aligned scores v2,10.5281/zenodo.15575778,https://zenodo.org/records/15575778,"tab-separated note events: onset, offset, MIDI pitch, MIDI instrument",Derived from the original MIDI used to synthesize the SynthSOD audio and aligned to that audio; v2 removes notes absent from the render,midi_derived_note_score_aligned_to_synthetic_orchestra_audio,False,False,False,Metadata only in this repository; source dataset terms apply
synthsod-score-b0b469e5eb2329167244,string_quartet_4_2_orch,SynthSOD_aligned_scores/SynthSOD_score_data/string_quartet_4_2_orch.txt,1ff13ba111e115666509ec7acc8508a9aae1fb2ab42ecb81713b12b645d5e050,97392,3407,"{""40"":1483,""41"":544,""42"":1380}",0.104082,151.897506,SynthSOD_aligned_scores/SynthSOD_metadata_aligned_all.json|SynthSOD_aligned_scores/SynthSOD_metadata_aligned_train.json,152.26916099773243,,SynthSOD aligned scores v2,10.5281/zenodo.15575778,https://zenodo.org/records/15575778,"tab-separated note events: onset, offset, MIDI pitch, MIDI instrument",Derived from the original MIDI used to synthesize the SynthSOD audio and aligned to that audio; v2 removes notes absent from the render,midi_derived_note_score_aligned_to_synthetic_orchestra_audio,False,False,False,Metadata only in this repository; source dataset terms apply
synthsod-score-fcf68ac40767931f0788,string_quartet_4_3_orch,SynthSOD_aligned_scores/SynthSOD_score_data/string_quartet_4_3_orch.txt,df3719129cb480573a99cbd4a0e03d0206a66f100bf9b7905d1e25d91e76e993,233080,8071,"{""40"":2619,""41"":1752,""42"":3700}",2.048481,616.037596,SynthSOD_aligned_scores/SynthSOD_metadata_aligned_all.json|SynthSOD_aligned_scores/SynthSOD_metadata_aligned_train.json,621.6878004535147,,SynthSOD aligned scores v2,10.5281/zenodo.15575778,https://zenodo.org/records/15575778,"tab-separated note events: onset, offset, MIDI pitch, MIDI instrument",Derived from the original MIDI used to synthesize the SynthSOD audio and aligned to that audio; v2 removes notes absent from the render,midi_derived_note_score_aligned_to_synthetic_orchestra_audio,False,False,False,Metadata only in this repository; source dataset terms apply
synthsod-score-f314529fee4b3aa555e1,string_quartet_4_4_orch,SynthSOD_aligned_scores/SynthSOD_score_data/string_quartet_4_4_orch.txt,dbce02ff6de13f762c6826be42b6e8ad8d08b6c36acd116ab0e7e374f1b5a70a,96910,3344,"{""40"":1542,""41"":599,""42"":1203}",0.104082,161.388980,SynthSOD_aligned_scores/SynthSOD_metadata_aligned_all.json|SynthSOD_aligned_scores/SynthSOD_metadata_aligned_train.json,162.35458049886623,,SynthSOD aligned scores v2,10.5281/zenodo.15575778,https://zenodo.org/records/15575778,"tab-separated note events: onset, offset, MIDI pitch, MIDI instrument",Derived from the original MIDI used to synthesize the SynthSOD audio and aligned to that audio; v2 removes notes absent from the render,midi_derived_note_score_aligned_to_synthetic_orchestra_audio,False,False,False,Metadata only in this repository; source dataset terms apply
synthsod-score-f6d50363e1fdf6b947d1,string_quartet_4_5_orch,SynthSOD_aligned_scores/SynthSOD_score_data/string_quartet_4_5_orch.txt,f0e293ebad675d7c5cef4e113e32da2fa579996f8acb052aab40df995976ca94,133121,4670,"{""40"":2154,""41"":744,""42"":1772}",0.134150,240.087029,SynthSOD_aligned_scores/SynthSOD_metadata_aligned_all.json|SynthSOD_aligned_scores/SynthSOD_metadata_aligned_train.json,240.24959183673468,,SynthSOD aligned scores v2,10.5281/zenodo.15575778,https://zenodo.org/records/15575778,"tab-separated note events: onset, offset, MIDI pitch, MIDI instrument",Derived from the original MIDI used to synthesize the SynthSOD audio and aligned to that audio; v2 removes notes absent from the render,midi_derived_note_score_aligned_to_synthetic_orchestra_audio,False,False,False,Metadata only in this repository; source dataset terms apply
synthsod-score-ddee2f20226a0aa694ec,string_quartet_5_1_orch,SynthSOD_aligned_scores/SynthSOD_score_data/string_quartet_5_1_orch.txt,fb899e93684bdb1a53015fd15a26afa6d3d030eca0a48641b80614f8da1503bf,230050,8042,"{""40"":3035,""41"":1535,""42"":3472}",0.104082,273.452517,SynthSOD_aligned_scores/SynthSOD_metadata_aligned_all.json|SynthSOD_aligned_scores/SynthSOD_metadata_aligned_train.json,277.6580498866213,,SynthSOD aligned scores v2,10.5281/zenodo.15575778,https://zenodo.org/records/15575778,"tab-separated note events: onset, offset, MIDI pitch, MIDI instrument",Derived from the original MIDI used to synthesize the SynthSOD audio and aligned to that audio; v2 removes notes absent from the render,midi_derived_note_score_aligned_to_synthetic_orchestra_audio,False,False,False,Metadata only in this repository; source dataset terms apply
synthsod-score-f33e0af9751a72d39e10,string_quartet_5_2_orch,SynthSOD_aligned_scores/SynthSOD_score_data/string_quartet_5_2_orch.txt,b41a2321f250804b517c3230946d2279a4d4761ff7bcae7d00b4b6cb0ddd3ae2,90703,3104,"{""40"":1267,""41"":557,""42"":1280}",0.104082,356.640726,SynthSOD_aligned_scores/SynthSOD_metadata_aligned_all.json|SynthSOD_aligned_scores/SynthSOD_metadata_aligned_train.json,361.3227210884354,,SynthSOD aligned scores v2,10.5281/zenodo.15575778,https://zenodo.org/records/15575778,"tab-separated note events: onset, offset, MIDI pitch, MIDI instrument",Derived from the original MIDI used to synthesize the SynthSOD audio and aligned to that audio; v2 removes notes absent from the render,midi_derived_note_score_aligned_to_synthetic_orchestra_audio,False,False,False,Metadata only in this repository; source dataset terms apply
synthsod-score-ec93ae754f6fb235b56b,string_quartet_5_3_orch,SynthSOD_aligned_scores/SynthSOD_score_data/string_quartet_5_3_orch.txt,431c255ba62c2ab403124ccada6b41703b8632387ecb99c91f7c240e25f26e2d,200323,7166,"{""40"":2669,""41"":1441,""42"":3056}",0.114104,204.837279,SynthSOD_aligned_scores/SynthSOD_metadata_aligned_all.json|SynthSOD_aligned_scores/SynthSOD_metadata_aligned_train.json,207.24256235827664,,SynthSOD aligned scores v2,10.5281/zenodo.15575778,https://zenodo.org/records/15575778,"tab-separated note events: onset, offset, MIDI pitch, MIDI instrument",Derived from the original MIDI used to synthesize the SynthSOD audio and aligned to that audio; v2 removes notes absent from the render,midi_derived_note_score_aligned_to_synthetic_orchestra_audio,False,False,False,Metadata only in this repository; source dataset terms apply
synthsod-score-ab47a44451e3d8d5db24,string_quartet_6_1_orch,SynthSOD_aligned_scores/SynthSOD_score_data/string_quartet_6_1_orch.txt,179ac4b61806dbc403da12ac4925ffc2c0165ed1dd00ce617af4ea8d9fa7b488,94677,3401,"{""40"":1520,""41"":652,""42"":1229}",0.094059,158.963492,SynthSOD_aligned_scores/SynthSOD_metadata_aligned_all.json|SynthSOD_aligned_scores/SynthSOD_metadata_aligned_train.json,159.09562358276645,,SynthSOD aligned scores v2,10.5281/zenodo.15575778,https://zenodo.org/records/15575778,"tab-separated note events: onset, offset, MIDI pitch, MIDI instrument",Derived from the original MIDI used to synthesize the SynthSOD audio and aligned to that audio; v2 removes notes absent from the render,midi_derived_note_score_aligned_to_synthetic_orchestra_audio,False,False,False,Metadata only in this repository; source dataset terms apply
synthsod-score-88bee026e7000fbaabfb,string_quartet_6_2_orch,SynthSOD_aligned_scores/SynthSOD_score_data/string_quartet_6_2_orch.txt,f3c46a4ae48576955bd0cd9025387d76d7dc8e21f165c275370140f3fd16f6e8,92040,3200,"{""40"":1325,""41"":579,""42"":1296}",0.104082,154.002268,SynthSOD_aligned_scores/SynthSOD_metadata_aligned_all.json|SynthSOD_aligned_scores/SynthSOD_metadata_aligned_train.json,155.33145124716555,,SynthSOD aligned scores v2,10.5281/zenodo.15575778,https://zenodo.org/records/15575778,"tab-separated note events: onset, offset, MIDI pitch, MIDI instrument",Derived from the original MIDI used to synthesize the SynthSOD audio and aligned to that audio; v2 removes notes absent from the render,midi_derived_note_score_aligned_to_synthetic_orchestra_audio,False,False,False,Metadata only in this repository; source dataset terms apply
synthsod-score-de857b34ac6ab976f832,string_quartet_6_3_orch,SynthSOD_aligned_scores/SynthSOD_score_data/string_quartet_6_3_orch.txt,34f7a5bcfbfb43631cd8f04e68f3735f9a1433cd7a41dcda3f2aa1d78fffbae8,132628,4448,"{""40"":1956,""41"":763,""42"":1729}",0.114104,332.355782,SynthSOD_aligned_scores/SynthSOD_metadata_aligned_all.json|SynthSOD_aligned_scores/SynthSOD_metadata_aligned_train.json,337.31367346938777,,SynthSOD aligned scores v2,10.5281/zenodo.15575778,https://zenodo.org/records/15575778,"tab-separated note events: onset, offset, MIDI pitch, MIDI instrument",Derived from the original MIDI used to synthesize the SynthSOD audio and aligned to that audio; v2 removes notes absent from the render,midi_derived_note_score_aligned_to_synthetic_orchestra_audio,False,False,False,Metadata only in this repository; source dataset terms apply
synthsod-score-eb27061a056e288278b8,string_quartet_6_4_orch,SynthSOD_aligned_scores/SynthSOD_score_data/string_quartet_6_4_orch.txt,77735884c68b925a9103b56eaf21e89fc40fa514d2cdfae6c3ad6c6d650a7c1f,102409,3458,"{""40"":1689,""41"":615,""42"":1154}",0.094059,204.336145,SynthSOD_aligned_scores/SynthSOD_metadata_aligned_all.json|SynthSOD_aligned_scores/SynthSOD_metadata_aligned_train.json,204.41056689342403,,SynthSOD aligned scores v2,10.5281/zenodo.15575778,https://zenodo.org/records/15575778,"tab-separated note events: onset, offset, MIDI pitch, MIDI instrument",Derived from the original MIDI used to synthesize the SynthSOD audio and aligned to that audio; v2 removes notes absent from the render,midi_derived_note_score_aligned_to_synthetic_orchestra_audio,False,False,False,Metadata only in this repository; source dataset terms apply
synthsod-score-cdd7fce4e364c58898f6,string_quartet_6_5_orch,SynthSOD_aligned_scores/SynthSOD_score_data/string_quartet_6_5_orch.txt,9a9a167be4af35a5c5a213d29a0670ad1030c2b3a252a70abe8fbbcdccb6dc0a,81344,2845,"{""40"":1259,""41"":488,""42"":1098}",0.104082,129.687256,SynthSOD_aligned_scores/SynthSOD_metadata_aligned_all.json|SynthSOD_aligned_scores/SynthSOD_metadata_aligned_train.json,130.95702947845805,,SynthSOD aligned scores v2,10.5281/zenodo.15575778,https://zenodo.org/records/15575778,"tab-separated note events: onset, offset, MIDI pitch, MIDI instrument",Derived from the original MIDI used to synthesize the SynthSOD audio and aligned to that audio; v2 removes notes absent from the render,midi_derived_note_score_aligned_to_synthetic_orchestra_audio,False,False,False,Metadata only in this repository; source dataset terms apply
synthsod-score-6e0a72fb9361167c3333,string_quartet_7_1_orch,SynthSOD_aligned_scores/SynthSOD_score_data/string_quartet_7_1_orch.txt,959f6d511fcf202e22be3e604a91996dc265cc9e22c90fc1994861436d40682e,141057,4712,"{""40"":2222,""41"":792,""42"":1698}",0.114104,193.170884,SynthSOD_aligned_scores/SynthSOD_metadata_aligned_all.json|SynthSOD_aligned_scores/SynthSOD_metadata_aligned_train.json,193.2485260770975,,SynthSOD aligned scores v2,10.5281/zenodo.15575778,https://zenodo.org/records/15575778,"tab-separated note events: onset, offset, MIDI pitch, MIDI instrument",Derived from the original MIDI used to synthesize the SynthSOD audio and aligned to that audio; v2 removes notes absent from the render,midi_derived_note_score_aligned_to_synthetic_orchestra_audio,False,False,False,Metadata only in this repository; source dataset terms apply
synthsod-score-2f37e5275b759776c41a,string_quartet_7_2_orch,SynthSOD_aligned_scores/SynthSOD_score_data/string_quartet_7_2_orch.txt,f4ae53f4a3fe1711e8617f7cdaafe73fd5e3b5dc3cb04e0b2c10ec43c0c91db5,106969,3664,"{""40"":1626,""41"":884,""42"":1154}",0.104082,161.910159,SynthSOD_aligned_scores/SynthSOD_metadata_aligned_all.json|SynthSOD_aligned_scores/SynthSOD_metadata_aligned_train.json,163.27351473922903,,SynthSOD aligned scores v2,10.5281/zenodo.15575778,https://zenodo.org/records/15575778,"tab-separated note events: onset, offset, MIDI pitch, MIDI instrument",Derived from the original MIDI used to synthesize the SynthSOD audio and aligned to that audio; v2 removes notes absent from the render,midi_derived_note_score_aligned_to_synthetic_orchestra_audio,False,False,False,Metadata only in this repository; source dataset terms apply
synthsod-score-e209ffcdd77df7aa1106,string_quartet_7_3_orch,SynthSOD_aligned_scores/SynthSOD_score_data/string_quartet_7_3_orch.txt,d15b7eda7157dc7e55b7e5bb05c310a8ac68ed3be27dc9870cfa75d8e4020830,255571,8772,"{""40"":3636,""41"":1784,""42"":3352}",0.094059,355.397914,SynthSOD_aligned_scores/SynthSOD_metadata_aligned_all.json|SynthSOD_aligned_scores/SynthSOD_metadata_aligned_train.json,390.3300453514739,,SynthSOD aligned scores v2,10.5281/zenodo.15575778,https://zenodo.org/records/15575778,"tab-separated note events: onset, offset, MIDI pitch, MIDI instrument",Derived from the original MIDI used to synthesize the SynthSOD audio and aligned to that audio; v2 removes notes absent from the render,midi_derived_note_score_aligned_to_synthetic_orchestra_audio,False,False,False,Metadata only in this repository; source dataset terms apply
synthsod-score-36609332f80d9f8584e1,string_quartet_7_4_orch,SynthSOD_aligned_scores/SynthSOD_score_data/string_quartet_7_4_orch.txt,2dd16a34a9157424a83f1039db567001dcb5055dfb877951ef02181651489805,55855,1906,"{""40"":1017,""41"":287,""42"":602}",0.094059,111.025034,SynthSOD_aligned_scores/SynthSOD_metadata_aligned_all.json|SynthSOD_aligned_scores/SynthSOD_metadata_aligned_train.json,112.31244897959184,,SynthSOD aligned scores v2,10.5281/zenodo.15575778,https://zenodo.org/records/15575778,"tab-separated note events: onset, offset, MIDI pitch, MIDI instrument",Derived from the original MIDI used to synthesize the SynthSOD audio and aligned to that audio; v2 removes notes absent from the render,midi_derived_note_score_aligned_to_synthetic_orchestra_audio,False,False,False,Metadata only in this repository; source dataset terms apply
synthsod-score-1749d64cb86d2fbd0677,string_quartet_7_5_orch,SynthSOD_aligned_scores/SynthSOD_score_data/string_quartet_7_5_orch.txt,7edaefb1e3a19237ce58aee20a3bcc3a46430ea80af8e8245ee661185987b916,105644,3756,"{""40"":1555,""41"":591,""42"":1610}",0.124127,133.395646,SynthSOD_aligned_scores/SynthSOD_metadata_aligned_all.json|SynthSOD_aligned_scores/SynthSOD_metadata_aligned_train.json,135.75106575963719,,SynthSOD aligned scores v2,10.5281/zenodo.15575778,https://zenodo.org/records/15575778,"tab-separated note events: onset, offset, MIDI pitch, MIDI instrument",Derived from the original MIDI used to synthesize the SynthSOD audio and aligned to that audio; v2 removes notes absent from the render,midi_derived_note_score_aligned_to_synthetic_orchestra_audio,False,False,False,Metadata only in this repository; source dataset terms apply
synthsod-score-3582e4cd8dfb89577fef,string_quartet_8_1_orch,SynthSOD_aligned_scores/SynthSOD_score_data/string_quartet_8_1_orch.txt,fbdff06a9aa47e6073dd2c5574bd8a19e56381d4f23d019d7000cdff56faca39,143731,4840,"{""40"":2093,""41"":806,""42"":1941}",0.274467,222.176508,SynthSOD_aligned_scores/SynthSOD_metadata_aligned_all.json|SynthSOD_aligned_scores/SynthSOD_metadata_aligned_train.json,222.38285714285715,,SynthSOD aligned scores v2,10.5281/zenodo.15575778,https://zenodo.org/records/15575778,"tab-separated note events: onset, offset, MIDI pitch, MIDI instrument",Derived from the original MIDI used to synthesize the SynthSOD audio and aligned to that audio; v2 removes notes absent from the render,midi_derived_note_score_aligned_to_synthetic_orchestra_audio,False,False,False,Metadata only in this repository; source dataset terms apply
synthsod-score-d3c2f5ee228a1485e74c,string_quartet_8_2_orch,SynthSOD_aligned_scores/SynthSOD_score_data/string_quartet_8_2_orch.txt,1e8d566c2177f71dbc3e230cb9b9e3260180f55fb002c4fe643d5157f88e424a,82487,2873,"{""40"":1217,""41"":448,""42"":1208}",0.094059,160.737506,SynthSOD_aligned_scores/SynthSOD_metadata_aligned_all.json|SynthSOD_aligned_scores/SynthSOD_metadata_aligned_train.json,162.54362811791384,,SynthSOD aligned scores v2,10.5281/zenodo.15575778,https://zenodo.org/records/15575778,"tab-separated note events: onset, offset, MIDI pitch, MIDI instrument",Derived from the original MIDI used to synthesize the SynthSOD audio and aligned to that audio; v2 removes notes absent from the render,midi_derived_note_score_aligned_to_synthetic_orchestra_audio,False,False,False,Metadata only in this repository; source dataset terms apply
synthsod-score-444bda3ff5f15a298aa9,string_quartet_8_3_orch,SynthSOD_aligned_scores/SynthSOD_score_data/string_quartet_8_3_orch.txt,9c1140fbc0112a0da73f000eadca9052fbe128255fb421e045137dfdc0ee8e97,114494,3926,"{""40"":1969,""41"":569,""42"":1388}",0.124127,354.796553,SynthSOD_aligned_scores/SynthSOD_metadata_aligned_all.json|SynthSOD_aligned_scores/SynthSOD_metadata_aligned_train.json,354.871768707483,,SynthSOD aligned scores v2,10.5281/zenodo.15575778,https://zenodo.org/records/15575778,"tab-separated note events: onset, offset, MIDI pitch, MIDI instrument",Derived from the original MIDI used to synthesize the SynthSOD audio and aligned to that audio; v2 removes notes absent from the render,midi_derived_note_score_aligned_to_synthetic_orchestra_audio,False,False,False,Metadata only in this repository; source dataset terms apply
synthsod-score-f141d8bd631815c9d7d3,string_quartet_8_4_orch,SynthSOD_aligned_scores/SynthSOD_score_data/string_quartet_8_4_orch.txt,da6210cc95de7bf7eaaab07a14d4edbfec0d9658771949aa68ec0742ba1a1ab4,76528,2256,"{""40"":1331,""41"":279,""42"":646}",0.364671,274.103991,SynthSOD_aligned_scores/SynthSOD_metadata_aligned_all.json|SynthSOD_aligned_scores/SynthSOD_metadata_aligned_train.json,274.4890702947846,,SynthSOD aligned scores v2,10.5281/zenodo.15575778,https://zenodo.org/records/15575778,"tab-separated note events: onset, offset, MIDI pitch, MIDI instrument",Derived from the original MIDI used to synthesize the SynthSOD audio and aligned to that audio; v2 removes notes absent from the render,midi_derived_note_score_aligned_to_synthetic_orchestra_audio,False,False,False,Metadata only in this repository; source dataset terms apply
synthsod-score-8262f3cc9bacadf584e1,string_quartet_8_5_orch,SynthSOD_aligned_scores/SynthSOD_score_data/string_quartet_8_5_orch.txt,b9ba216b2f42f3deace7e3c06445dc070b1107eef3ce76e5a10a0f9e96345c27,128086,4227,"{""40"":2278,""41"":703,""42"":1246}",0.084036,189.853379,SynthSOD_aligned_scores/SynthSOD_metadata_aligned_all.json|SynthSOD_aligned_scores/SynthSOD_metadata_aligned_train.json,190.68131519274377,,SynthSOD aligned scores v2,10.5281/zenodo.15575778,https://zenodo.org/records/15575778,"tab-separated note events: onset, offset, MIDI pitch, MIDI instrument",Derived from the original MIDI used to synthesize the SynthSOD audio and aligned to that audio; v2 removes notes absent from the render,midi_derived_note_score_aligned_to_synthetic_orchestra_audio,False,False,False,Metadata only in this repository; source dataset terms apply
synthsod-score-a3ca56b37aac06cf711b,string_quartet_9_1_orch,SynthSOD_aligned_scores/SynthSOD_score_data/string_quartet_9_1_orch.txt,e1e74d25ee789aaace2d0bf9e20d94544a3ee9cf72000ca155d3a5ff9ca3c682,126298,4427,"{""40"":1874,""41"":756,""42"":1797}",0.094059,187.858866,SynthSOD_aligned_scores/SynthSOD_metadata_aligned_all.json|SynthSOD_aligned_scores/SynthSOD_metadata_aligned_train.json,188.6022902494331,,SynthSOD aligned scores v2,10.5281/zenodo.15575778,https://zenodo.org/records/15575778,"tab-separated note events: onset, offset, MIDI pitch, MIDI instrument",Derived from the original MIDI used to synthesize the SynthSOD audio and aligned to that audio; v2 removes notes absent from the render,midi_derived_note_score_aligned_to_synthetic_orchestra_audio,False,False,False,Metadata only in this repository; source dataset terms apply
synthsod-score-04172c0a9e00301d04a1,string_quartet_9_2_orch,SynthSOD_aligned_scores/SynthSOD_score_data/string_quartet_9_2_orch.txt,18cb0eb382ada1bbbab98ecd92f8271dcfc722eb5987d708079be8bb23b6c812,69604,2419,"{""40"":1076,""41"":369,""42"":974}",0.114104,126.359728,SynthSOD_aligned_scores/SynthSOD_metadata_aligned_all.json|SynthSOD_aligned_scores/SynthSOD_metadata_aligned_train.json,126.4412925170068,,SynthSOD aligned scores v2,10.5281/zenodo.15575778,https://zenodo.org/records/15575778,"tab-separated note events: onset, offset, MIDI pitch, MIDI instrument",Derived from the original MIDI used to synthesize the SynthSOD audio and aligned to that audio; v2 removes notes absent from the render,midi_derived_note_score_aligned_to_synthetic_orchestra_audio,False,False,False,Metadata only in this repository; source dataset terms apply
synthsod-score-9c6607b99d6e0afcccac,string_quartet_9_3_orch,SynthSOD_aligned_scores/SynthSOD_score_data/string_quartet_9_3_orch.txt,0619fa1b45df514d6ec22f13ebe09042c4ef761031b4cfee035141da0ea71428,140656,4879,"{""40"":2177,""41"":871,""42"":1831}",0.124127,514.056871,SynthSOD_aligned_scores/SynthSOD_metadata_aligned_all.json|SynthSOD_aligned_scores/SynthSOD_metadata_aligned_train.json,514.133560090703,,SynthSOD aligned scores v2,10.5281/zenodo.15575778,https://zenodo.org/records/15575778,"tab-separated note events: onset, offset, MIDI pitch, MIDI instrument",Derived from the original MIDI used to synthesize the SynthSOD audio and aligned to that audio; v2 removes notes absent from the render,midi_derived_note_score_aligned_to_synthetic_orchestra_audio,False,False,False,Metadata only in this repository; source dataset terms apply
synthsod-score-fe2e77e43e0e412cc590,string_quartet_9_4_orch,SynthSOD_aligned_scores/SynthSOD_score_data/string_quartet_9_4_orch.txt,f49514360a3695bba8da90781c005dee74c1c8ad3fa0287638a832610ef75065,129614,4162,"{""40"":1938,""41"":570,""42"":1654}",0.094059,289.097914,SynthSOD_aligned_scores/SynthSOD_metadata_aligned_all.json|SynthSOD_aligned_scores/SynthSOD_metadata_aligned_train.json,289.6073696145125,,SynthSOD aligned scores v2,10.5281/zenodo.15575778,https://zenodo.org/records/15575778,"tab-separated note events: onset, offset, MIDI pitch, MIDI instrument",Derived from the original MIDI used to synthesize the SynthSOD audio and aligned to that audio; v2 removes notes absent from the render,midi_derived_note_score_aligned_to_synthetic_orchestra_audio,False,False,False,Metadata only in this repository; source dataset terms apply
synthsod-score-27ac8d27b39fd446383d,string_quartet_9_5_orch,SynthSOD_aligned_scores/SynthSOD_score_data/string_quartet_9_5_orch.txt,f307c9653a61ebcd93c949e5e705d26b3b32f2eba51a8df19bc717b4eea0d544,105704,3797,"{""40"":1574,""41"":637,""42"":1586}",0.114104,151.476553,SynthSOD_aligned_scores/SynthSOD_metadata_aligned_all.json|SynthSOD_aligned_scores/SynthSOD_metadata_aligned_train.json,153.75004535147391,,SynthSOD aligned scores v2,10.5281/zenodo.15575778,https://zenodo.org/records/15575778,"tab-separated note events: onset, offset, MIDI pitch, MIDI instrument",Derived from the original MIDI used to synthesize the SynthSOD audio and aligned to that audio; v2 removes notes absent from the render,midi_derived_note_score_aligned_to_synthetic_orchestra_audio,False,False,False,Metadata only in this repository; source dataset terms apply
synthsod-score-50128da68b1b3bd7cc3a,strings_serenade_1_orch,SynthSOD_aligned_scores/SynthSOD_score_data/strings_serenade_1_orch.txt,c90534082c154e85e1cdbf90b6c98d3d8f06e060161db49a878fb172a07c2b7d,304276,10700,"{""40"":1815,""41"":3795,""42"":2763,""43"":2327}",1.056236,263.079048,SynthSOD_aligned_scores/SynthSOD_metadata_aligned_all.json|SynthSOD_aligned_scores/SynthSOD_metadata_aligned_train.json,263.1656009070295,,SynthSOD aligned scores v2,10.5281/zenodo.15575778,https://zenodo.org/records/15575778,"tab-separated note events: onset, offset, MIDI pitch, MIDI instrument",Derived from the original MIDI used to synthesize the SynthSOD audio and aligned to that audio; v2 removes notes absent from the render,midi_derived_note_score_aligned_to_synthetic_orchestra_audio,False,False,False,Metadata only in this repository; source dataset terms apply
synthsod-score-3a78b30c67c628f490c1,strings_serenade_2_orch,SynthSOD_aligned_scores/SynthSOD_score_data/strings_serenade_2_orch.txt,02fe3d090e8b8a1bd29229abd95641cbd369d811a3b1c5c067ff56ffa1cc3a9b,333643,11537,"{""40"":3095,""41"":3631,""42"":2696,""43"":2115}",1.346893,344.994376,SynthSOD_aligned_scores/SynthSOD_metadata_aligned_all.json|SynthSOD_aligned_scores/SynthSOD_metadata_aligned_test.json,352.52006802721087,,SynthSOD aligned scores v2,10.5281/zenodo.15575778,https://zenodo.org/records/15575778,"tab-separated note events: onset, offset, MIDI pitch, MIDI instrument",Derived from the original MIDI used to synthesize the SynthSOD audio and aligned to that audio; v2 removes notes absent from the render,midi_derived_note_score_aligned_to_synthetic_orchestra_audio,False,False,False,Metadata only in this repository; source dataset terms apply
synthsod-score-5cb0e86823bb1fc1e083,suite_1_1066_1_orch,SynthSOD_aligned_scores/SynthSOD_score_data/suite_1_1066_1_orch.txt,7c71dae5262fda968acc59082a196ba03f895278025a81edc6e99437ce13287a,1437990,49526,"{""40"":8291,""41"":6476,""42"":5674,""68"":16331,""70"":12754}",4.935011,709.198367,SynthSOD_aligned_scores/SynthSOD_metadata_aligned_all.json|SynthSOD_aligned_scores/SynthSOD_metadata_aligned_test.json,709.2961678004535,,SynthSOD aligned scores v2,10.5281/zenodo.15575778,https://zenodo.org/records/15575778,"tab-separated note events: onset, offset, MIDI pitch, MIDI instrument",Derived from the original MIDI used to synthesize the SynthSOD audio and aligned to that audio; v2 removes notes absent from the render,midi_derived_note_score_aligned_to_synthetic_orchestra_audio,False,False,False,Metadata only in this repository; source dataset terms apply
synthsod-score-2cbb21d610bfec42eab2,suite_1_1066_2_orch,SynthSOD_aligned_scores/SynthSOD_score_data/suite_1_1066_2_orch.txt,12daa5c1ecdde6c969521611a0d10a74c0f8eb93454ac4402dd36d87c8408812,315707,11524,"{""40"":2369,""41"":1408,""42"":1422,""68"":3345,""70"":2980}",1.858050,115.805850,SynthSOD_aligned_scores/SynthSOD_metadata_aligned_all.json|SynthSOD_aligned_scores/SynthSOD_metadata_aligned_evaluation.json,115.9187074829932,,SynthSOD aligned scores v2,10.5281/zenodo.15575778,https://zenodo.org/records/15575778,"tab-separated note events: onset, offset, MIDI pitch, MIDI instrument",Derived from the original MIDI used to synthesize the SynthSOD audio and aligned to that audio; v2 removes notes absent from the render,midi_derived_note_score_aligned_to_synthetic_orchestra_audio,False,False,False,Metadata only in this repository; source dataset terms apply
synthsod-score-40124b6e94cbf974c6bb,suite_1_1066_3_orch,SynthSOD_aligned_scores/SynthSOD_score_data/suite_1_1066_3_orch.txt,c55a13a03b32de00a04afdb8be16a320f5f0ed58f60b68d2c4a0063f7bc8a14f,469894,16444,"{""40"":2723,""41"":2062,""42"":2311,""68"":5038,""70"":4310}",0.815692,266.627075,SynthSOD_aligned_scores/SynthSOD_metadata_aligned_all.json|SynthSOD_aligned_scores/SynthSOD_metadata_aligned_test.json,266.86757369614514,,SynthSOD aligned scores v2,10.5281/zenodo.15575778,https://zenodo.org/records/15575778,"tab-separated note events: onset, offset, MIDI pitch, MIDI instrument",Derived from the original MIDI used to synthesize the SynthSOD audio and aligned to that audio; v2 removes notes absent from the render,midi_derived_note_score_aligned_to_synthetic_orchestra_audio,False,False,False,Metadata only in this repository; source dataset terms apply
synthsod-score-21b69b5735ecf3b8e165,suite_1_1066_4_orch,SynthSOD_aligned_scores/SynthSOD_score_data/suite_1_1066_4_orch.txt,a90e555b38b8b88240b005fd35bcaf1f237adff66fa9d5ba0e552106273811d1,186964,6859,"{""40"":1683,""41"":1419,""42"":720,""68"":1758,""70"":1279}",1.547347,77.248617,SynthSOD_aligned_scores/SynthSOD_metadata_aligned_all.json|SynthSOD_aligned_scores/SynthSOD_metadata_aligned_train.json,77.35902494331066,,SynthSOD aligned scores v2,10.5281/zenodo.15575778,https://zenodo.org/records/15575778,"tab-separated note events: onset, offset, MIDI pitch, MIDI instrument",Derived from the original MIDI used to synthesize the SynthSOD audio and aligned to that audio; v2 removes notes absent from the render,midi_derived_note_score_aligned_to_synthetic_orchestra_audio,False,False,False,Metadata only in this repository; source dataset terms apply
synthsod-score-fe1c24853ba4cbc37a9f,suite_1_1066_5_orch,SynthSOD_aligned_scores/SynthSOD_score_data/suite_1_1066_5_orch.txt,c6f9bb8e66bf77e34f0661ec37cc5e8a9c737a9889af7433c60abf1636976aaf,314135,10936,"{""40"":2651,""41"":1661,""42"":1621,""68"":2870,""70"":2133}",1.497234,216.964717,SynthSOD_aligned_scores/SynthSOD_metadata_aligned_all.json|SynthSOD_aligned_scores/SynthSOD_metadata_aligned_test.json,217.05097505668934,,SynthSOD aligned scores v2,10.5281/zenodo.15575778,https://zenodo.org/records/15575778,"tab-separated note events: onset, offset, MIDI pitch, MIDI instrument",Derived from the original MIDI used to synthesize the SynthSOD audio and aligned to that audio; v2 removes notes absent from the render,midi_derived_note_score_aligned_to_synthetic_orchestra_audio,False,False,False,Metadata only in this repository; source dataset terms apply
synthsod-score-fd86a745cd0cb1297d87,suite_1_1066_6_orch,SynthSOD_aligned_scores/SynthSOD_score_data/suite_1_1066_6_orch.txt,cfaba502cd4f89e11df8f4b7b917e20eaaf7048460d1b01aafd39479d7bdd972,355954,12513,"{""40"":1757,""41"":1474,""42"":1319,""68"":4436,""70"":3527}",0.966032,213.206213,SynthSOD_aligned_scores/SynthSOD_metadata_aligned_all.json|SynthSOD_aligned_scores/SynthSOD_metadata_aligned_train.json,213.3258276643991,,SynthSOD aligned scores v2,10.5281/zenodo.15575778,https://zenodo.org/records/15575778,"tab-separated note events: onset, offset, MIDI pitch, MIDI instrument",Derived from the original MIDI used to synthesize the SynthSOD audio and aligned to that audio; v2 removes notes absent from the render,midi_derived_note_score_aligned_to_synthetic_orchestra_audio,False,False,False,Metadata only in this repository; source dataset terms apply
synthsod-score-8f9f246ea4b2150e7d89,suite_1_1066_7_orch,SynthSOD_aligned_scores/SynthSOD_score_data/suite_1_1066_7_orch.txt,77f6b014453206bfa33f16f689f7674543f0bc239b3f897b066c2888bb432da7,460273,16119,"{""40"":1840,""41"":2330,""42"":2010,""68"":5907,""70"":4032}",0.845760,311.869433,SynthSOD_aligned_scores/SynthSOD_metadata_aligned_all.json|SynthSOD_aligned_scores/SynthSOD_metadata_aligned_train.json,311.9552380952381,,SynthSOD aligned scores v2,10.5281/zenodo.15575778,https://zenodo.org/records/15575778,"tab-separated note events: onset, offset, MIDI pitch, MIDI instrument",Derived from the original MIDI used to synthesize the SynthSOD audio and aligned to that audio; v2 removes notes absent from the render,midi_derived_note_score_aligned_to_synthetic_orchestra_audio,False,False,False,Metadata only in this repository; source dataset terms apply
synthsod-score-ef228730f783092e283a,suite_2_1067_1_orch,SynthSOD_aligned_scores/SynthSOD_score_data/suite_2_1067_1_orch.txt,08cf90028fd6df29c59cd67d41bb2efd659416da9648fcd46eb0a7dafbc0aafe,988553,33925,"{""40"":7676,""41"":5515,""42"":6210,""73"":14524}",3.181043,618.132336,SynthSOD_aligned_scores/SynthSOD_metadata_aligned_all.json|SynthSOD_aligned_scores/SynthSOD_metadata_aligned_test.json,629.4949206349206,,SynthSOD aligned scores v2,10.5281/zenodo.15575778,https://zenodo.org/records/15575778,"tab-separated note events: onset, offset, MIDI pitch, MIDI instrument",Derived from the original MIDI used to synthesize the SynthSOD audio and aligned to that audio; v2 removes notes absent from the render,midi_derived_note_score_aligned_to_synthetic_orchestra_audio,False,False,False,Metadata only in this repository; source dataset terms apply
synthsod-score-1fe49c3e9f753cc07eee,suite_2_1067_2_orch,SynthSOD_aligned_scores/SynthSOD_score_data/suite_2_1067_2_orch.txt,a82123d21b3093bf334990e7a81fefbefb41681cd7726b2a878889015eb492ef,110824,4066,"{""40"":1196,""41"":658,""42"":634,""73"":1578}",0.795646,86.329161,SynthSOD_aligned_scores/SynthSOD_metadata_aligned_all.json|SynthSOD_aligned_scores/SynthSOD_metadata_aligned_train.json,86.42566893424036,,SynthSOD aligned scores v2,10.5281/zenodo.15575778,https://zenodo.org/records/15575778,"tab-separated note events: onset, offset, MIDI pitch, MIDI instrument",Derived from the original MIDI used to synthesize the SynthSOD audio and aligned to that audio; v2 removes notes absent from the render,midi_derived_note_score_aligned_to_synthetic_orchestra_audio,False,False,False,Metadata only in this repository; source dataset terms apply
synthsod-score-b773dd08bf7befbd4342,suite_2_1067_3_orch,SynthSOD_aligned_scores/SynthSOD_score_data/suite_2_1067_3_orch.txt,a95edbc8a2f67c0f21152cb15fe7cbb13b783a7e5387a2416ce0dc56737a02a8,168350,6118,"{""40"":1345,""41"":1182,""42"":1149,""73"":2442}",1.547347,141.834739,SynthSOD_aligned_scores/SynthSOD_metadata_aligned_all.json|SynthSOD_aligned_scores/SynthSOD_metadata_aligned_test.json,141.96437641723355,,SynthSOD aligned scores v2,10.5281/zenodo.15575778,https://zenodo.org/records/15575778,"tab-separated note events: onset, offset, MIDI pitch, MIDI instrument",Derived from the original MIDI used to synthesize the SynthSOD audio and aligned to that audio; v2 removes notes absent from the render,midi_derived_note_score_aligned_to_synthetic_orchestra_audio,False,False,False,Metadata only in this repository; source dataset terms apply
synthsod-score-3c621726fa219baeda5d,suite_2_1067_4_orch,SynthSOD_aligned_scores/SynthSOD_score_data/suite_2_1067_4_orch.txt,083531fd48ff089592168a6173e0c891409653e703d4b49606167721f51d1b0a,157433,5492,"{""40"":839,""41"":1104,""42"":1033,""73"":2516}",0.825714,131.942358,SynthSOD_aligned_scores/SynthSOD_metadata_aligned_all.json|SynthSOD_aligned_scores/SynthSOD_metadata_aligned_evaluation.json,132.03455782312926,,SynthSOD aligned scores v2,10.5281/zenodo.15575778,https://zenodo.org/records/15575778,"tab-separated note events: onset, offset, MIDI pitch, MIDI instrument",Derived from the original MIDI used to synthesize the SynthSOD audio and aligned to that audio; v2 removes notes absent from the render,midi_derived_note_score_aligned_to_synthetic_orchestra_audio,False,False,False,Metadata only in this repository; source dataset terms apply
synthsod-score-a55e72fdfe6feff89e2f,suite_2_1067_5_orch,SynthSOD_aligned_scores/SynthSOD_score_data/suite_2_1067_5_orch.txt,35bf181106844ed0c081af60a2656f0e92acde310ee02376c6f041b90279fae9,203156,6893,"{""40"":1116,""41"":780,""42"":1564,""73"":3433}",3.261224,206.420862,SynthSOD_aligned_scores/SynthSOD_metadata_aligned_all.json|SynthSOD_aligned_scores/SynthSOD_metadata_aligned_train.json,206.5053514739229,,SynthSOD aligned scores v2,10.5281/zenodo.15575778,https://zenodo.org/records/15575778,"tab-separated note events: onset, offset, MIDI pitch, MIDI instrument",Derived from the original MIDI used to synthesize the SynthSOD audio and aligned to that audio; v2 removes notes absent from the render,midi_derived_note_score_aligned_to_synthetic_orchestra_audio,False,False,False,Metadata only in this repository; source dataset terms apply
synthsod-score-49914051a529d328f0b0,suite_2_1067_6_orch,SynthSOD_aligned_scores/SynthSOD_score_data/suite_2_1067_6_orch.txt,7647430a6fae5ba54928c348b430e2c35900fa44a234b7bb8858209a77127cf5,91829,3327,"{""40"":926,""41"":538,""42"":527,""73"":1336}",1.707710,88.484036,SynthSOD_aligned_scores/SynthSOD_metadata_aligned_all.json|SynthSOD_aligned_scores/SynthSOD_metadata_aligned_train.json,88.59716553287981,,SynthSOD aligned scores v2,10.5281/zenodo.15575778,https://zenodo.org/records/15575778,"tab-separated note events: onset, offset, MIDI pitch, MIDI instrument",Derived from the original MIDI used to synthesize the SynthSOD audio and aligned to that audio; v2 removes notes absent from the render,midi_derived_note_score_aligned_to_synthetic_orchestra_audio,False,False,False,Metadata only in this repository; source dataset terms apply
synthsod-score-fd381dfe5b26bdf98fc6,suite_2_1067_7_orch,SynthSOD_aligned_scores/SynthSOD_score_data/suite_2_1067_7_orch.txt,b732720eb3d9e3aab956cc8128dae18852226f6cc5614c290f8f3f2a04f91d0a,113489,4015,"{""40"":780,""41"":618,""42"":867,""73"":1750}",0.515011,76.015828,SynthSOD_aligned_scores/SynthSOD_metadata_aligned_all.json|SynthSOD_aligned_scores/SynthSOD_metadata_aligned_train.json,76.11038548752835,,SynthSOD aligned scores v2,10.5281/zenodo.15575778,https://zenodo.org/records/15575778,"tab-separated note events: onset, offset, MIDI pitch, MIDI instrument",Derived from the original MIDI used to synthesize the SynthSOD audio and aligned to that audio; v2 removes notes absent from the render,midi_derived_note_score_aligned_to_synthetic_orchestra_audio,False,False,False,Metadata only in this repository; source dataset terms apply
synthsod-score-e586f00b3dfaa19aa084,suite_3_1068_1_orch,SynthSOD_aligned_scores/SynthSOD_score_data/suite_3_1068_1_orch.txt,9b610bdbe9a51d887d2dcba1d11f8931ff1d048222ca055099ade421072242ef,1497923,51763,"{""40"":9701,""41"":7164,""42"":15294,""47"":1167,""56"":3979,""68"":14458}",3.752336,539.344082,SynthSOD_aligned_scores/SynthSOD_metadata_aligned_all.json|SynthSOD_aligned_scores/SynthSOD_metadata_aligned_test.json,539.4443537414966,,SynthSOD aligned scores v2,10.5281/zenodo.15575778,https://zenodo.org/records/15575778,"tab-separated note events: onset, offset, MIDI pitch, MIDI instrument",Derived from the original MIDI used to synthesize the SynthSOD audio and aligned to that audio; v2 removes notes absent from the render,midi_derived_note_score_aligned_to_synthetic_orchestra_audio,False,False,False,Metadata only in this repository; source dataset terms apply
synthsod-score-a412ad0608e952b82111,suite_3_1068_2_orch,SynthSOD_aligned_scores/SynthSOD_score_data/suite_3_1068_2_orch.txt,f5b73eb805193c3a97026628feb001304edeffe74c047f539ee3e83bbc176d11,131758,4545,"{""40"":1865,""41"":1036,""42"":1644}",7.059819,331.373560,SynthSOD_aligned_scores/SynthSOD_metadata_aligned_all.json|SynthSOD_aligned_scores/SynthSOD_metadata_aligned_test.json,331.4669614512472,,SynthSOD aligned scores v2,10.5281/zenodo.15575778,https://zenodo.org/records/15575778,"tab-separated note events: onset, offset, MIDI pitch, MIDI instrument",Derived from the original MIDI used to synthesize the SynthSOD audio and aligned to that audio; v2 removes notes absent from the render,midi_derived_note_score_aligned_to_synthetic_orchestra_audio,False,False,False,Metadata only in this repository; source dataset terms apply
synthsod-score-6adcb0f2bc64f4765c46,suite_3_1068_3_orch,SynthSOD_aligned_scores/SynthSOD_score_data/suite_3_1068_3_orch.txt,a2ce31df64043e6fd252457655c32a722f893d26e2a14457cd9437bd8cd7b1e4,586980,20276,"{""40"":3048,""41"":2924,""42"":5224,""47"":106,""56"":3147,""68"":5827}",0.775601,307.369252,SynthSOD_aligned_scores/SynthSOD_metadata_aligned_all.json|SynthSOD_aligned_scores/SynthSOD_metadata_aligned_train.json,307.6171655328798,,SynthSOD aligned scores v2,10.5281/zenodo.15575778,https://zenodo.org/records/15575778,"tab-separated note events: onset, offset, MIDI pitch, MIDI instrument",Derived from the original MIDI used to synthesize the SynthSOD audio and aligned to that audio; v2 removes notes absent from the render,midi_derived_note_score_aligned_to_synthetic_orchestra_audio,False,False,False,Metadata only in this repository; source dataset terms apply
synthsod-score-14d488cb33c823e31e41,suite_3_1068_4_orch,SynthSOD_aligned_scores/SynthSOD_score_data/suite_3_1068_4_orch.txt,77c926dc5e175b787f7eae50a06d11d1757e41b3099affd34da0afe5036e8ce6,214630,7917,"{""40"":1490,""41"":979,""42"":1986,""47"":176,""56"":1231,""68"":2055}",0.905896,76.737460,SynthSOD_aligned_scores/SynthSOD_metadata_aligned_all.json|SynthSOD_aligned_scores/SynthSOD_metadata_aligned_train.json,76.82938775510205,,SynthSOD aligned scores v2,10.5281/zenodo.15575778,https://zenodo.org/records/15575778,"tab-separated note events: onset, offset, MIDI pitch, MIDI instrument",Derived from the original MIDI used to synthesize the SynthSOD audio and aligned to that audio; v2 removes notes absent from the render,midi_derived_note_score_aligned_to_synthetic_orchestra_audio,False,False,False,Metadata only in this repository; source dataset terms apply
synthsod-score-32c5a65b9afd9062ffe0,suite_3_1068_5_orch,SynthSOD_aligned_scores/SynthSOD_score_data/suite_3_1068_5_orch.txt,8326521269df9c1e0921be74202762ae9976d0106cbb4d147dfe5c02df76be28,530525,18902,"{""40"":2913,""41"":2422,""42"":5289,""47"":288,""56"":2863,""68"":5127}",2.108617,181.755057,SynthSOD_aligned_scores/SynthSOD_metadata_aligned_all.json|SynthSOD_aligned_scores/SynthSOD_metadata_aligned_train.json,181.83573696145126,,SynthSOD aligned scores v2,10.5281/zenodo.15575778,https://zenodo.org/records/15575778,"tab-separated note events: onset, offset, MIDI pitch, MIDI instrument",Derived from the original MIDI used to synthesize the SynthSOD audio and aligned to that audio; v2 removes notes absent from the render,midi_derived_note_score_aligned_to_synthetic_orchestra_audio,False,False,False,Metadata only in this repository; source dataset terms apply
synthsod-score-fd19811dc684adc9ab4d,suite_4_1069_2_orch,SynthSOD_aligned_scores/SynthSOD_score_data/suite_4_1069_2_orch.txt,68f6b8c01046d7678561045a978fc47d0f91460f32d896db0adb3ae7e0b86ac5,503738,17762,"{""40"":1279,""41"":1960,""42"":4371,""47"":104,""56"":817,""68"":6598,""70"":2633}",0.976054,209.327438,SynthSOD_aligned_scores/SynthSOD_metadata_aligned_all.json|SynthSOD_aligned_scores/SynthSOD_metadata_aligned_train.json,209.41224489795917,,SynthSOD aligned scores v2,10.5281/zenodo.15575778,https://zenodo.org/records/15575778,"tab-separated note events: onset, offset, MIDI pitch, MIDI instrument",Derived from the original MIDI used to synthesize the SynthSOD audio and aligned to that audio; v2 removes notes absent from the render,midi_derived_note_score_aligned_to_synthetic_orchestra_audio,False,False,False,Metadata only in this repository; source dataset terms apply
synthsod-score-2291798e1bb284002131,suite_4_1069_3_orch,SynthSOD_aligned_scores/SynthSOD_score_data/suite_4_1069_3_orch.txt,e1fb894bd6f4f4475c2cde59b67e36316514bdaae34230a028cacabede63742b,340025,12489,"{""40"":984,""41"":1187,""42"":2680,""47"":98,""56"":2387,""68"":3681,""70"":1472}",0.956009,119.584399,SynthSOD_aligned_scores/SynthSOD_metadata_aligned_all.json|SynthSOD_aligned_scores/SynthSOD_metadata_aligned_train.json,119.72668934240363,,SynthSOD aligned scores v2,10.5281/zenodo.15575778,https://zenodo.org/records/15575778,"tab-separated note events: onset, offset, MIDI pitch, MIDI instrument",Derived from the original MIDI used to synthesize the SynthSOD audio and aligned to that audio; v2 removes notes absent from the render,midi_derived_note_score_aligned_to_synthetic_orchestra_audio,False,False,False,Metadata only in this repository; source dataset terms apply
synthsod-score-f433507c79a7937c62e3,suite_4_1069_4_orch,SynthSOD_aligned_scores/SynthSOD_score_data/suite_4_1069_4_orch.txt,23f6f65ffa6d54075c087d6741e8c80ab5ebc89702300c18b7e6c6a787d7b59f,571056,20104,"{""40"":2232,""41"":2658,""42"":6435,""68"":6573,""70"":2206}",1.587438,351.258549,SynthSOD_aligned_scores/SynthSOD_metadata_aligned_all.json|SynthSOD_aligned_scores/SynthSOD_metadata_aligned_train.json,351.3430158730159,,SynthSOD aligned scores v2,10.5281/zenodo.15575778,https://zenodo.org/records/15575778,"tab-separated note events: onset, offset, MIDI pitch, MIDI instrument",Derived from the original MIDI used to synthesize the SynthSOD audio and aligned to that audio; v2 removes notes absent from the render,midi_derived_note_score_aligned_to_synthetic_orchestra_audio,False,False,False,Metadata only in this repository; source dataset terms apply
synthsod-score-4b9e2c7ef9bd29af2a18,suite_4_1069_5_orch,SynthSOD_aligned_scores/SynthSOD_score_data/suite_4_1069_5_orch.txt,b41eb4fda6c7633a57e7010ff31fddf57c82267eb9ab0edfeb7ed199d2d132d8,615007,21786,"{""40"":2532,""41"":2229,""42"":4906,""47"":158,""56"":2540,""68"":7098,""70"":2323}",0.976054,197.681088,SynthSOD_aligned_scores/SynthSOD_metadata_aligned_all.json|SynthSOD_aligned_scores/SynthSOD_metadata_aligned_train.json,197.79716553287983,,SynthSOD aligned scores v2,10.5281/zenodo.15575778,https://zenodo.org/records/15575778,"tab-separated note events: onset, offset, MIDI pitch, MIDI instrument",Derived from the original MIDI used to synthesize the SynthSOD audio and aligned to that audio; v2 removes notes absent from the render,midi_derived_note_score_aligned_to_synthetic_orchestra_audio,False,False,False,Metadata only in this repository; source dataset terms apply
synthsod-score-5a79ee917dda3b92e820,suite_b-flat_1_orch,SynthSOD_aligned_scores/SynthSOD_score_data/suite_b-flat_1_orch.txt,0e7259369df453298a7d9e8f358ac841ad059a79ecb8965a0b484326efe5f6ee,31066,1093,"{""56"":381,""57"":712}",0.104082,56.501678,SynthSOD_aligned_scores/SynthSOD_metadata_aligned_all.json|SynthSOD_aligned_scores/SynthSOD_metadata_aligned_train.json,61.86990929705215,,SynthSOD aligned scores v2,10.5281/zenodo.15575778,https://zenodo.org/records/15575778,"tab-separated note events: onset, offset, MIDI pitch, MIDI instrument",Derived from the original MIDI used to synthesize the SynthSOD audio and aligned to that audio; v2 removes notes absent from the render,midi_derived_note_score_aligned_to_synthetic_orchestra_audio,False,False,False,Metadata only in this repository; source dataset terms apply
synthsod-score-feafe71393d867bb44d5,suite_b-flat_2_orch,SynthSOD_aligned_scores/SynthSOD_score_data/suite_b-flat_2_orch.txt,0f9c2c6c60fa3abbc6b378b2e2701be8718b36ba774be19b4889cf883625c70e,51599,1806,"{""56"":514,""57"":1292}",0.104082,114.813605,SynthSOD_aligned_scores/SynthSOD_metadata_aligned_all.json|SynthSOD_aligned_scores/SynthSOD_metadata_aligned_train.json,114.88936507936508,,SynthSOD aligned scores v2,10.5281/zenodo.15575778,https://zenodo.org/records/15575778,"tab-separated note events: onset, offset, MIDI pitch, MIDI instrument",Derived from the original MIDI used to synthesize the SynthSOD audio and aligned to that audio; v2 removes notes absent from the render,midi_derived_note_score_aligned_to_synthetic_orchestra_audio,False,False,False,Metadata only in this repository; source dataset terms apply
synthsod-score-9634799c57e7e4f2199d,suite_b-flat_3_orch,SynthSOD_aligned_scores/SynthSOD_score_data/suite_b-flat_3_orch.txt,b351be2e4e6b52ac959af26907238de02a36b64a021b85e63f29a5a3d9133bcf,71328,2507,"{""56"":687,""57"":1820}",0.104082,89.255782,SynthSOD_aligned_scores/SynthSOD_metadata_aligned_all.json|SynthSOD_aligned_scores/SynthSOD_metadata_aligned_train.json,89.34780045351474,,SynthSOD aligned scores v2,10.5281/zenodo.15575778,https://zenodo.org/records/15575778,"tab-separated note events: onset, offset, MIDI pitch, MIDI instrument",Derived from the original MIDI used to synthesize the SynthSOD audio and aligned to that audio; v2 removes notes absent from the render,midi_derived_note_score_aligned_to_synthetic_orchestra_audio,False,False,False,Metadata only in this repository; source dataset terms apply
synthsod-score-7f5c474aaba0e20c5967,suite_in_c_1_orch,SynthSOD_aligned_scores/SynthSOD_score_data/suite_in_c_1_orch.txt,eb45031068c7b3fbb4ae328bda4b9cf1838885e633c2245cb298df14cddabaea,36982,1307,"{""56"":389,""57"":918}",0.104082,86.800227,SynthSOD_aligned_scores/SynthSOD_metadata_aligned_all.json|SynthSOD_aligned_scores/SynthSOD_metadata_aligned_test.json,86.8891156462585,,SynthSOD aligned scores v2,10.5281/zenodo.15575778,https://zenodo.org/records/15575778,"tab-separated note events: onset, offset, MIDI pitch, MIDI instrument",Derived from the original MIDI used to synthesize the SynthSOD audio and aligned to that audio; v2 removes notes absent from the render,midi_derived_note_score_aligned_to_synthetic_orchestra_audio,False,False,False,Metadata only in this repository; source dataset terms apply
synthsod-score-065d2b102fe6b614a3b6,suite_in_c_2_orch,SynthSOD_aligned_scores/SynthSOD_score_data/suite_in_c_2_orch.txt,f66b032b0f00c3cf2f2fc007609b918086b25a6057c0f4c2e34774d8800cb2f1,94183,3289,"{""56"":1069,""57"":2220}",0.825714,112.408163,SynthSOD_aligned_scores/SynthSOD_metadata_aligned_all.json|SynthSOD_aligned_scores/SynthSOD_metadata_aligned_evaluation.json,112.69736961451247,,SynthSOD aligned scores v2,10.5281/zenodo.15575778,https://zenodo.org/records/15575778,"tab-separated note events: onset, offset, MIDI pitch, MIDI instrument",Derived from the original MIDI used to synthesize the SynthSOD audio and aligned to that audio; v2 removes notes absent from the render,midi_derived_note_score_aligned_to_synthetic_orchestra_audio,False,False,False,Metadata only in this repository; source dataset terms apply
synthsod-score-b9d2fab4b691ed665706,suite_in_c_3_orch,SynthSOD_aligned_scores/SynthSOD_score_data/suite_in_c_3_orch.txt,469d8b081ff86c463ec03f8cdaf78e3015c842e5f3761a09224cc53cb56c8d47,56984,1972,"{""56"":462,""57"":1510}",6.809252,105.251973,SynthSOD_aligned_scores/SynthSOD_metadata_aligned_all.json|SynthSOD_aligned_scores/SynthSOD_metadata_aligned_test.json,107.12814058956916,,SynthSOD aligned scores v2,10.5281/zenodo.15575778,https://zenodo.org/records/15575778,"tab-separated note events: onset, offset, MIDI pitch, MIDI instrument",Derived from the original MIDI used to synthesize the SynthSOD audio and aligned to that audio; v2 removes notes absent from the render,midi_derived_note_score_aligned_to_synthetic_orchestra_audio,False,False,False,Metadata only in this repository; source dataset terms apply
synthsod-score-77c2e15afbcdd17c9f33,suite_in_c_4_orch,SynthSOD_aligned_scores/SynthSOD_score_data/suite_in_c_4_orch.txt,5a4dec59289dc8fd4d748db3724613f747a25416e5489c9fafc89c593b881423,60316,2092,"{""56"":559,""57"":1533}",0.094059,129.617098,SynthSOD_aligned_scores/SynthSOD_metadata_aligned_all.json|SynthSOD_aligned_scores/SynthSOD_metadata_aligned_train.json,129.75043083900226,,SynthSOD aligned scores v2,10.5281/zenodo.15575778,https://zenodo.org/records/15575778,"tab-separated note events: onset, offset, MIDI pitch, MIDI instrument",Derived from the original MIDI used to synthesize the SynthSOD audio and aligned to that audio; v2 removes notes absent from the render,midi_derived_note_score_aligned_to_synthetic_orchestra_audio,False,False,False,Metadata only in this repository; source dataset terms apply
synthsod-score-59d99222f70ac64ec24f,suite_in_c_5_orch,SynthSOD_aligned_scores/SynthSOD_score_data/suite_in_c_5_orch.txt,e70c6aac4a5ef150561317206d0aa891070feddf6ad2ffdccd05a09f5bc66215,89528,3164,"{""56"":821,""57"":2343}",0.895873,123.663628,SynthSOD_aligned_scores/SynthSOD_metadata_aligned_all.json|SynthSOD_aligned_scores/SynthSOD_metadata_aligned_test.json,123.75589569160998,,SynthSOD aligned scores v2,10.5281/zenodo.15575778,https://zenodo.org/records/15575778,"tab-separated note events: onset, offset, MIDI pitch, MIDI instrument",Derived from the original MIDI used to synthesize the SynthSOD audio and aligned to that audio; v2 removes notes absent from the render,midi_derived_note_score_aligned_to_synthetic_orchestra_audio,False,False,False,Metadata only in this repository; source dataset terms apply
synthsod-score-22d8c0f8938863dd7a34,suite_in_c_6_orch,SynthSOD_aligned_scores/SynthSOD_score_data/suite_in_c_6_orch.txt,0aeb74aff06bdeadf0af2f09835e18dcf55067cb80e4d91303b259f838c20702,36136,1259,"{""56"":287,""57"":972}",0.124127,99.579138,SynthSOD_aligned_scores/SynthSOD_metadata_aligned_all.json|SynthSOD_aligned_scores/SynthSOD_metadata_aligned_evaluation.json,99.68668934240362,,SynthSOD aligned scores v2,10.5281/zenodo.15575778,https://zenodo.org/records/15575778,"tab-separated note events: onset, offset, MIDI pitch, MIDI instrument",Derived from the original MIDI used to synthesize the SynthSOD audio and aligned to that audio; v2 removes notes absent from the render,midi_derived_note_score_aligned_to_synthetic_orchestra_audio,False,False,False,Metadata only in this repository; source dataset terms apply
synthsod-score-e3ccb0ffb2401baa4ef4,suite_in_c_7_orch,SynthSOD_aligned_scores/SynthSOD_score_data/suite_in_c_7_orch.txt,f43ee3723d706b3013a084429e9cdd0b483a3c022b379ae88acf6e13fe1555a3,87164,2990,"{""56"":725,""57"":2265}",0.986077,107.877914,SynthSOD_aligned_scores/SynthSOD_metadata_aligned_all.json|SynthSOD_aligned_scores/SynthSOD_metadata_aligned_test.json,107.9795918367347,,SynthSOD aligned scores v2,10.5281/zenodo.15575778,https://zenodo.org/records/15575778,"tab-separated note events: onset, offset, MIDI pitch, MIDI instrument",Derived from the original MIDI used to synthesize the SynthSOD audio and aligned to that audio; v2 removes notes absent from the render,midi_derived_note_score_aligned_to_synthetic_orchestra_audio,False,False,False,Metadata only in this repository; source dataset terms apply
synthsod-score-d2a02c42233539bb280b,symphonie_2_orch,SynthSOD_aligned_scores/SynthSOD_score_data/symphonie_2_orch.txt,290b5f0a207164eb78773a0dd45e5e1be9c73d0f2de163f43dd702cb71aef554,1164130,40105,"{""40"":3610,""41"":3871,""42"":3502,""43"":5553,""46"":3388,""47"":284,""56"":665,""60"":5016,""68"":1583,""69"":1951,""70"":2969,""71"":5546,""73"":2167}",1.407029,584.015147,SynthSOD_aligned_scores/SynthSOD_metadata_aligned_all.json|SynthSOD_aligned_scores/SynthSOD_metadata_aligned_test.json,584.0911337868481,,SynthSOD aligned scores v2,10.5281/zenodo.15575778,https://zenodo.org/records/15575778,"tab-separated note events: onset, offset, MIDI pitch, MIDI instrument",Derived from the original MIDI used to synthesize the SynthSOD audio and aligned to that audio; v2 removes notes absent from the render,midi_derived_note_score_aligned_to_synthetic_orchestra_audio,False,False,False,Metadata only in this repository; source dataset terms apply
synthsod-score-dc99ba8033c083b6b427,symphonie_fantastique_2_orch,SynthSOD_aligned_scores/SynthSOD_score_data/symphonie_fantastique_2_orch.txt,8376a8a3c2a247e11d7331cf8b55b45531064a255700d4f0bad61fa713bbbedf,839926,29369,"{""40"":2474,""41"":2987,""42"":2622,""43"":3431,""46"":7559,""60"":3294,""68"":1294,""71"":3037,""73"":2671}",1.016145,365.480726,SynthSOD_aligned_scores/SynthSOD_metadata_aligned_all.json|SynthSOD_aligned_scores/SynthSOD_metadata_aligned_evaluation.json,365.8424943310658,,SynthSOD aligned scores v2,10.5281/zenodo.15575778,https://zenodo.org/records/15575778,"tab-separated note events: onset, offset, MIDI pitch, MIDI instrument",Derived from the original MIDI used to synthesize the SynthSOD audio and aligned to that audio; v2 removes notes absent from the render,midi_derived_note_score_aligned_to_synthetic_orchestra_audio,False,False,False,Metadata only in this repository; source dataset terms apply
synthsod-score-0256be52b988b8e66ea8,symphony_088_1_orch,SynthSOD_aligned_scores/SynthSOD_score_data/symphony_088_1_orch.txt,bac5df794c821b8baa6e1ebda6bdb07ca0a16488c54cf7d2fd73ea8c0e3fe19d,815018,28118,"{""40"":6283,""41"":2834,""42"":2755,""43"":4918,""60"":2458,""68"":4107,""70"":2508,""73"":2255}",0.094059,493.029297,SynthSOD_aligned_scores/SynthSOD_metadata_aligned_all.json|SynthSOD_aligned_scores/SynthSOD_metadata_aligned_test.json,493.12897959183675,,SynthSOD aligned scores v2,10.5281/zenodo.15575778,https://zenodo.org/records/15575778,"tab-separated note events: onset, offset, MIDI pitch, MIDI instrument",Derived from the original MIDI used to synthesize the SynthSOD audio and aligned to that audio; v2 removes notes absent from the render,midi_derived_note_score_aligned_to_synthetic_orchestra_audio,False,False,False,Metadata only in this repository; source dataset terms apply
synthsod-score-7debf9f36d244be59db8,symphony_088_2_orch,SynthSOD_aligned_scores/SynthSOD_score_data/symphony_088_2_orch.txt,e08784aa1df5ac39bdacb119028cca1919c07171b04919ce5c1e8fb4b708810d,196941,6771,"{""40"":808,""41"":750,""42"":702,""43"":1275,""47"":148,""56"":358,""60"":798,""68"":1009,""70"":529,""73"":394}",0.084036,338.710159,SynthSOD_aligned_scores/SynthSOD_metadata_aligned_all.json|SynthSOD_aligned_scores/SynthSOD_metadata_aligned_train.json,338.83875283446713,,SynthSOD aligned scores v2,10.5281/zenodo.15575778,https://zenodo.org/records/15575778,"tab-separated note events: onset, offset, MIDI pitch, MIDI instrument",Derived from the original MIDI used to synthesize the SynthSOD audio and aligned to that audio; v2 removes notes absent from the render,midi_derived_note_score_aligned_to_synthetic_orchestra_audio,False,False,False,Metadata only in this repository; source dataset terms apply
synthsod-score-7cc1f548272f2219817e,symphony_088_3_orch,SynthSOD_aligned_scores/SynthSOD_score_data/symphony_088_3_orch.txt,64ba70c457cbc8d08b96baa1b1184fc8c439d995b45e5daa75c69c87f28bc2e8,325054,11351,"{""40"":2438,""41"":1400,""42"":966,""43"":1335,""47"":103,""56"":322,""60"":967,""68"":1543,""70"":1388,""73"":889}",0.084036,217.716417,SynthSOD_aligned_scores/SynthSOD_metadata_aligned_all.json|SynthSOD_aligned_scores/SynthSOD_metadata_aligned_test.json,218.47655328798186,,SynthSOD aligned scores v2,10.5281/zenodo.15575778,https://zenodo.org/records/15575778,"tab-separated note events: onset, offset, MIDI pitch, MIDI instrument",Derived from the original MIDI used to synthesize the SynthSOD audio and aligned to that audio; v2 removes notes absent from the render,midi_derived_note_score_aligned_to_synthetic_orchestra_audio,False,False,False,Metadata only in this repository; source dataset terms apply
synthsod-score-13bd09edfcada43591b3,symphony_088_4_orch,SynthSOD_aligned_scores/SynthSOD_score_data/symphony_088_4_orch.txt,b26d769a9aa56d63d7c64659dcbe1ef3046939525b4941a1cc35d71ca8cef64a,397372,14001,"{""40"":2897,""41"":1311,""42"":1280,""43"":2422,""47"":189,""56"":368,""60"":1078,""68"":1679,""70"":1592,""73"":1185}",0.124127,235.406440,SynthSOD_aligned_scores/SynthSOD_metadata_aligned_all.json|SynthSOD_aligned_scores/SynthSOD_metadata_aligned_evaluation.json,236.66816326530613,,SynthSOD aligned scores v2,10.5281/zenodo.15575778,https://zenodo.org/records/15575778,"tab-separated note events: onset, offset, MIDI pitch, MIDI instrument",Derived from the original MIDI used to synthesize the SynthSOD audio and aligned to that audio; v2 removes notes absent from the render,midi_derived_note_score_aligned_to_synthetic_orchestra_audio,False,False,False,Metadata only in this repository; source dataset terms apply
synthsod-score-ec894b1fcd6415c6d055,symphony_089_1_orch,SynthSOD_aligned_scores/SynthSOD_score_data/symphony_089_1_orch.txt,8196b83bdf48ad457336026c1cf356a270f4b09bb58e6c5b320df0aa13826711,968534,33376,"{""40"":7923,""41"":3412,""42"":3075,""43"":5926,""60"":3552,""68"":4446,""70"":2659,""73"":2383}",0.144172,508.233696,SynthSOD_aligned_scores/SynthSOD_metadata_aligned_all.json|SynthSOD_aligned_scores/SynthSOD_metadata_aligned_test.json,509.4221995464853,,SynthSOD aligned scores v2,10.5281/zenodo.15575778,https://zenodo.org/records/15575778,"tab-separated note events: onset, offset, MIDI pitch, MIDI instrument",Derived from the original MIDI used to synthesize the SynthSOD audio and aligned to that audio; v2 removes notes absent from the render,midi_derived_note_score_aligned_to_synthetic_orchestra_audio,False,False,False,Metadata only in this repository; source dataset terms apply
synthsod-score-6b26450a897b35f53f43,symphony_089_2_orch,SynthSOD_aligned_scores/SynthSOD_score_data/symphony_089_2_orch.txt,e9affa9ac5ac870017fade04bdaf049d25865568fe8700126aa438d2d276c878,230922,8025,"{""40"":1047,""41"":919,""42"":830,""43"":1624,""60"":965,""68"":1267,""70"":743,""73"":630}",0.134150,317.021088,SynthSOD_aligned_scores/SynthSOD_metadata_aligned_all.json|SynthSOD_aligned_scores/SynthSOD_metadata_aligned_train.json,317.1266213151927,,SynthSOD aligned scores v2,10.5281/zenodo.15575778,https://zenodo.org/records/15575778,"tab-separated note events: onset, offset, MIDI pitch, MIDI instrument",Derived from the original MIDI used to synthesize the SynthSOD audio and aligned to that audio; v2 removes notes absent from the render,midi_derived_note_score_aligned_to_synthetic_orchestra_audio,False,False,False,Metadata only in this repository; source dataset terms apply
synthsod-score-4826c61c09ef7b1bba61,symphony_089_3_orch,SynthSOD_aligned_scores/SynthSOD_score_data/symphony_089_3_orch.txt,23f1ac797c5ef737e6e042fe40ed758f626a149b1a4664ea19f401ea728e315f,236079,8267,"{""40"":1888,""41"":724,""42"":676,""43"":1278,""60"":880,""68"":1234,""70"":763,""73"":824}",0.094059,198.412744,SynthSOD_aligned_scores/SynthSOD_metadata_aligned_all.json|SynthSOD_aligned_scores/SynthSOD_metadata_aligned_test.json,201.80292517006802,,SynthSOD aligned scores v2,10.5281/zenodo.15575778,https://zenodo.org/records/15575778,"tab-separated note events: onset, offset, MIDI pitch, MIDI instrument",Derived from the original MIDI used to synthesize the SynthSOD audio and aligned to that audio; v2 removes notes absent from the render,midi_derived_note_score_aligned_to_synthetic_orchestra_audio,False,False,False,Metadata only in this repository; source dataset terms apply
synthsod-score-90257d8d06ce6a842cae,symphony_089_4_orch,SynthSOD_aligned_scores/SynthSOD_score_data/symphony_089_4_orch.txt,d6cf76e7113f9a63bd5fbfc53ae767ce7ab186af233cdf3e721779d6e2e44086,504115,17601,"{""40"":3649,""41"":1694,""42"":1373,""43"":2442,""60"":2190,""68"":2708,""70"":1941,""73"":1604}",0.094059,284.357188,SynthSOD_aligned_scores/SynthSOD_metadata_aligned_all.json|SynthSOD_aligned_scores/SynthSOD_metadata_aligned_evaluation.json,287.98473922902497,,SynthSOD aligned scores v2,10.5281/zenodo.15575778,https://zenodo.org/records/15575778,"tab-separated note events: onset, offset, MIDI pitch, MIDI instrument",Derived from the original MIDI used to synthesize the SynthSOD audio and aligned to that audio; v2 removes notes absent from the render,midi_derived_note_score_aligned_to_synthetic_orchestra_audio,False,False,False,Metadata only in this repository; source dataset terms apply
synthsod-score-30e9ff8cad01dda2526e,symphony_090_1_orch,SynthSOD_aligned_scores/SynthSOD_score_data/symphony_090_1_orch.txt,3f9c457b80afbfadf6b04906d4a19694c2e8a374e2a4de134ef8c763bf932a83,925080,31881,"{""40"":5525,""41"":2570,""42"":2624,""43"":5132,""47"":306,""56"":2423,""60"":3630,""68"":4219,""70"":2985,""73"":2467}",0.124127,514.147075,SynthSOD_aligned_scores/SynthSOD_metadata_aligned_all.json|SynthSOD_aligned_scores/SynthSOD_metadata_aligned_test.json,515.5663265306123,,SynthSOD aligned scores v2,10.5281/zenodo.15575778,https://zenodo.org/records/15575778,"tab-separated note events: onset, offset, MIDI pitch, MIDI instrument",Derived from the original MIDI used to synthesize the SynthSOD audio and aligned to that audio; v2 removes notes absent from the render,midi_derived_note_score_aligned_to_synthetic_orchestra_audio,False,False,False,Metadata only in this repository; source dataset terms apply
synthsod-score-4154a833602057b95b13,symphony_090_2_orch,SynthSOD_aligned_scores/SynthSOD_score_data/symphony_090_2_orch.txt,23dc34bb024dbb97362c5eeca6ad90e1eb36165d714842a9a5c8e89e2fd83e9a,302998,10272,"{""40"":2877,""41"":1086,""42"":1348,""43"":2200,""60"":431,""68"":856,""70"":738,""73"":736}",0.094059,533.811565,SynthSOD_aligned_scores/SynthSOD_metadata_aligned_all.json|SynthSOD_aligned_scores/SynthSOD_metadata_aligned_train.json,533.8942403628118,,SynthSOD aligned scores v2,10.5281/zenodo.15575778,https://zenodo.org/records/15575778,"tab-separated note events: onset, offset, MIDI pitch, MIDI instrument",Derived from the original MIDI used to synthesize the SynthSOD audio and aligned to that audio; v2 removes notes absent from the render,midi_derived_note_score_aligned_to_synthetic_orchestra_audio,False,False,False,Metadata only in this repository; source dataset terms apply
synthsod-score-7b12ac7091b607df294c,symphony_090_3_orch,SynthSOD_aligned_scores/SynthSOD_score_data/symphony_090_3_orch.txt,5d05eae621bc1baf65158e9234abd97f53383d79a0215b2a4c66c007621fbe01,325624,11216,"{""40"":2256,""41"":875,""42"":931,""43"":1668,""47"":172,""56"":755,""60"":800,""68"":1957,""70"":845,""73"":957}",0.194286,414.311202,SynthSOD_aligned_scores/SynthSOD_metadata_aligned_all.json|SynthSOD_aligned_scores/SynthSOD_metadata_aligned_test.json,414.59253968253967,,SynthSOD aligned scores v2,10.5281/zenodo.15575778,https://zenodo.org/records/15575778,"tab-separated note events: onset, offset, MIDI pitch, MIDI instrument",Derived from the original MIDI used to synthesize the SynthSOD audio and aligned to that audio; v2 removes notes absent from the render,midi_derived_note_score_aligned_to_synthetic_orchestra_audio,False,False,False,Metadata only in this repository; source dataset terms apply
synthsod-score-7f456b48065c488453f8,symphony_090_4_orch,SynthSOD_aligned_scores/SynthSOD_score_data/symphony_090_4_orch.txt,8adcf52d7579784cdca3e279b995446ab7149b7214809d4424db359a6d766d3c,747048,25712,"{""40"":5873,""41"":2242,""42"":2207,""43"":4245,""47"":370,""56"":1687,""60"":1935,""68"":3248,""70"":2160,""73"":1745}",0.084036,512.984444,SynthSOD_aligned_scores/SynthSOD_metadata_aligned_all.json|SynthSOD_aligned_scores/SynthSOD_metadata_aligned_evaluation.json,516.2275283446712,,SynthSOD aligned scores v2,10.5281/zenodo.15575778,https://zenodo.org/records/15575778,"tab-separated note events: onset, offset, MIDI pitch, MIDI instrument",Derived from the original MIDI used to synthesize the SynthSOD audio and aligned to that audio; v2 removes notes absent from the render,midi_derived_note_score_aligned_to_synthetic_orchestra_audio,False,False,False,Metadata only in this repository; source dataset terms apply
synthsod-score-172262d119d52021db4b,symphony_091_1_orch,SynthSOD_aligned_scores/SynthSOD_score_data/symphony_091_1_orch.txt,0d33c0d21f309997465259106c6603e2bebfe2890be06d20679bae5fb3b01682,908526,31101,"{""40"":7363,""41"":3562,""42"":2874,""43"":5515,""60"":3096,""68"":3838,""70"":2488,""73"":2365}",0.094059,689.483764,SynthSOD_aligned_scores/SynthSOD_metadata_aligned_all.json|SynthSOD_aligned_scores/SynthSOD_metadata_aligned_test.json,689.8585714285714,,SynthSOD aligned scores v2,10.5281/zenodo.15575778,https://zenodo.org/records/15575778,"tab-separated note events: onset, offset, MIDI pitch, MIDI instrument",Derived from the original MIDI used to synthesize the SynthSOD audio and aligned to that audio; v2 removes notes absent from the render,midi_derived_note_score_aligned_to_synthetic_orchestra_audio,False,False,False,Metadata only in this repository; source dataset terms apply
synthsod-score-fd6e28876a6e477051e1,symphony_091_2_orch,SynthSOD_aligned_scores/SynthSOD_score_data/symphony_091_2_orch.txt,aa1d0358fce90bd02092f8521453002e5490798c889dbcc4c3cdec6aaa558f01,422274,14430,"{""40"":4172,""41"":1483,""42"":1601,""43"":2802,""60"":814,""68"":1124,""70"":1577,""73"":857}",0.114104,303.881361,SynthSOD_aligned_scores/SynthSOD_metadata_aligned_all.json|SynthSOD_aligned_scores/SynthSOD_metadata_aligned_train.json,354.50628117913834,,SynthSOD aligned scores v2,10.5281/zenodo.15575778,https://zenodo.org/records/15575778,"tab-separated note events: onset, offset, MIDI pitch, MIDI instrument",Derived from the original MIDI used to synthesize the SynthSOD audio and aligned to that audio; v2 removes notes absent from the render,midi_derived_note_score_aligned_to_synthetic_orchestra_audio,False,False,False,Metadata only in this repository; source dataset terms apply
synthsod-score-52712c6b75b5e0e11ffc,symphony_091_3_orch,SynthSOD_aligned_scores/SynthSOD_score_data/symphony_091_3_orch.txt,2ce24e41c7d464e46bd0da14b65838a5710b02305edd9a6d8c175f724d931cfd,260316,9231,"{""40"":2230,""41"":988,""42"":873,""43"":1670,""60"":863,""68"":967,""70"":926,""73"":714}",0.084036,287.714785,SynthSOD_aligned_scores/SynthSOD_metadata_aligned_all.json|SynthSOD_aligned_scores/SynthSOD_metadata_aligned_test.json,287.79532879818595,,SynthSOD aligned scores v2,10.5281/zenodo.15575778,https://zenodo.org/records/15575778,"tab-separated note events: onset, offset, MIDI pitch, MIDI instrument",Derived from the original MIDI used to synthesize the SynthSOD audio and aligned to that audio; v2 removes notes absent from the render,midi_derived_note_score_aligned_to_synthetic_orchestra_audio,False,False,False,Metadata only in this repository; source dataset terms apply
synthsod-score-ce54cc95983beb90b637,symphony_091_4_orch,SynthSOD_aligned_scores/SynthSOD_score_data/symphony_091_4_orch.txt,e8d0c4750d1ab32e31508fff6a952756e379e524a80e9d28313b31849edb841c,822600,28064,"{""40"":7013,""41"":2814,""42"":2263,""43"":4483,""60"":3363,""68"":3760,""70"":2495,""73"":1873}",0.104082,611.417143,SynthSOD_aligned_scores/SynthSOD_metadata_aligned_all.json|SynthSOD_aligned_scores/SynthSOD_metadata_aligned_train.json,611.8620861678005,,SynthSOD aligned scores v2,10.5281/zenodo.15575778,https://zenodo.org/records/15575778,"tab-separated note events: onset, offset, MIDI pitch, MIDI instrument",Derived from the original MIDI used to synthesize the SynthSOD audio and aligned to that audio; v2 removes notes absent from the render,midi_derived_note_score_aligned_to_synthetic_orchestra_audio,False,False,False,Metadata only in this repository; source dataset terms apply
synthsod-score-12921172634ab8c99f32,symphony_092_1_orch,SynthSOD_aligned_scores/SynthSOD_score_data/symphony_092_1_orch.txt,a824c897a64977a3baf05691920906ac7beaace875b7d780fd35ba0d06116e4c,781652,26657,"{""40"":5420,""41"":2615,""42"":2307,""43"":4400,""47"":570,""56"":1421,""60"":2282,""68"":3389,""70"":2298,""73"":1955}",0.094059,389.535147,SynthSOD_aligned_scores/SynthSOD_metadata_aligned_all.json|SynthSOD_aligned_scores/SynthSOD_metadata_aligned_test.json,399.7286394557823,,SynthSOD aligned scores v2,10.5281/zenodo.15575778,https://zenodo.org/records/15575778,"tab-separated note events: onset, offset, MIDI pitch, MIDI instrument",Derived from the original MIDI used to synthesize the SynthSOD audio and aligned to that audio; v2 removes notes absent from the render,midi_derived_note_score_aligned_to_synthetic_orchestra_audio,False,False,False,Metadata only in this repository; source dataset terms apply
synthsod-score-cddd290d25476a26576b,symphony_092_2_orch,SynthSOD_aligned_scores/SynthSOD_score_data/symphony_092_2_orch.txt,319986b8597dcff9aca2a63032058372eb5875f9a31008b5cd5ee39412beafbc,249151,8528,"{""40"":2180,""41"":900,""42"":867,""43"":1782,""47"":143,""56"":116,""60"":495,""68"":840,""70"":622,""73"":583}",0.114104,300.253152,SynthSOD_aligned_scores/SynthSOD_metadata_aligned_all.json|SynthSOD_aligned_scores/SynthSOD_metadata_aligned_train.json,300.55131519274374,,SynthSOD aligned scores v2,10.5281/zenodo.15575778,https://zenodo.org/records/15575778,"tab-separated note events: onset, offset, MIDI pitch, MIDI instrument",Derived from the original MIDI used to synthesize the SynthSOD audio and aligned to that audio; v2 removes notes absent from the render,midi_derived_note_score_aligned_to_synthetic_orchestra_audio,False,False,False,Metadata only in this repository; source dataset terms apply
synthsod-score-cdc681a4cdf1205e2616,symphony_092_3_orch,SynthSOD_aligned_scores/SynthSOD_score_data/symphony_092_3_orch.txt,cd610bdb2d3779c58c830577dac8cb29ecb86839866d886d86a9a6ca663b6294,271194,9414,"{""40"":1299,""41"":1139,""42"":1058,""43"":1304,""47"":100,""56"":411,""60"":1023,""68"":1273,""70"":954,""73"":853}",0.094059,320.368662,SynthSOD_aligned_scores/SynthSOD_metadata_aligned_all.json|SynthSOD_aligned_scores/SynthSOD_metadata_aligned_test.json,322.54063492063494,,SynthSOD aligned scores v2,10.5281/zenodo.15575778,https://zenodo.org/records/15575778,"tab-separated note events: onset, offset, MIDI pitch, MIDI instrument",Derived from the original MIDI used to synthesize the SynthSOD audio and aligned to that audio; v2 removes notes absent from the render,midi_derived_note_score_aligned_to_synthetic_orchestra_audio,False,False,False,Metadata only in this repository; source dataset terms apply
synthsod-score-4186a1742f5941854858,symphony_092_4_orch,SynthSOD_aligned_scores/SynthSOD_score_data/symphony_092_4_orch.txt,e6162026b12d4f65217f54fbad32f1c14281683ca9175646b214166ac72cd49e,514481,17624,"{""40"":2277,""41"":1806,""42"":1738,""43"":2948,""47"":159,""56"":1090,""60"":2067,""68"":2515,""70"":1298,""73"":1726}",0.094059,317.572336,SynthSOD_aligned_scores/SynthSOD_metadata_aligned_all.json|SynthSOD_aligned_scores/SynthSOD_metadata_aligned_evaluation.json,317.8361224489796,,SynthSOD aligned scores v2,10.5281/zenodo.15575778,https://zenodo.org/records/15575778,"tab-separated note events: onset, offset, MIDI pitch, MIDI instrument",Derived from the original MIDI used to synthesize the SynthSOD audio and aligned to that audio; v2 removes notes absent from the render,midi_derived_note_score_aligned_to_synthetic_orchestra_audio,False,False,False,Metadata only in this repository; source dataset terms apply
synthsod-score-530b552cd5e6ad9303aa,symphony_093_1_orch,SynthSOD_aligned_scores/SynthSOD_score_data/symphony_093_1_orch.txt,7b831305e3bc22e57904f6c79ea47c4c650c57748c09579f3674167b4ed00914,589699,20221,"{""40"":4713,""41"":2003,""42"":1751,""43"":3140,""47"":204,""56"":1347,""60"":1639,""68"":2392,""70"":1617,""73"":1415}",0.134150,393.193424,SynthSOD_aligned_scores/SynthSOD_metadata_aligned_all.json|SynthSOD_aligned_scores/SynthSOD_metadata_aligned_test.json,393.27251700680273,,SynthSOD aligned scores v2,10.5281/zenodo.15575778,https://zenodo.org/records/15575778,"tab-separated note events: onset, offset, MIDI pitch, MIDI instrument",Derived from the original MIDI used to synthesize the SynthSOD audio and aligned to that audio; v2 removes notes absent from the render,midi_derived_note_score_aligned_to_synthetic_orchestra_audio,False,False,False,Metadata only in this repository; source dataset terms apply
synthsod-score-2ec0f62171fb42fc7187,symphony_093_2_orch,SynthSOD_aligned_scores/SynthSOD_score_data/symphony_093_2_orch.txt,097ed01445c7bd89bd2ba243ad5e9859c85834dc9b1af01a491d17a451006f00,267482,9174,"{""40"":2272,""41"":1050,""42"":827,""43"":1417,""47"":186,""56"":409,""60"":628,""68"":1031,""70"":786,""73"":568}",0.104082,382.108345,SynthSOD_aligned_scores/SynthSOD_metadata_aligned_all.json|SynthSOD_aligned_scores/SynthSOD_metadata_aligned_train.json,382.2272335600907,,SynthSOD aligned scores v2,10.5281/zenodo.15575778,https://zenodo.org/records/15575778,"tab-separated note events: onset, offset, MIDI pitch, MIDI instrument",Derived from the original MIDI used to synthesize the SynthSOD audio and aligned to that audio; v2 removes notes absent from the render,midi_derived_note_score_aligned_to_synthetic_orchestra_audio,False,False,False,Metadata only in this repository; source dataset terms apply
synthsod-score-7e63453844188b14302a,symphony_093_3_orch,SynthSOD_aligned_scores/SynthSOD_score_data/symphony_093_3_orch.txt,320f7f3c55d1277320da6f089872b55ac91b0eadd082f7dafc1bf1670139914e,373264,12986,"{""40"":2515,""41"":1159,""42"":1088,""43"":2152,""47"":358,""56"":1145,""60"":1234,""68"":1463,""70"":969,""73"":903}",0.124127,308.672200,SynthSOD_aligned_scores/SynthSOD_metadata_aligned_all.json|SynthSOD_aligned_scores/SynthSOD_metadata_aligned_test.json,308.80904761904765,,SynthSOD aligned scores v2,10.5281/zenodo.15575778,https://zenodo.org/records/15575778,"tab-separated note events: onset, offset, MIDI pitch, MIDI instrument",Derived from the original MIDI used to synthesize the SynthSOD audio and aligned to that audio; v2 removes notes absent from the render,midi_derived_note_score_aligned_to_synthetic_orchestra_audio,False,False,False,Metadata only in this repository; source dataset terms apply
synthsod-score-5bb0f77f2707a50eea64,symphony_093_4_orch,SynthSOD_aligned_scores/SynthSOD_score_data/symphony_093_4_orch.txt,9a281c7b4195a6f6cf727ae3e794ad5b4ed6eff77e1fd4f22042827bd674f27b,427057,14825,"{""40"":3251,""41"":1404,""42"":1313,""43"":2552,""47"":160,""56"":814,""60"":1021,""68"":1910,""70"":1256,""73"":1144}",0.084036,359.276689,SynthSOD_aligned_scores/SynthSOD_metadata_aligned_all.json|SynthSOD_aligned_scores/SynthSOD_metadata_aligned_train.json,362.6173469387755,,SynthSOD aligned scores v2,10.5281/zenodo.15575778,https://zenodo.org/records/15575778,"tab-separated note events: onset, offset, MIDI pitch, MIDI instrument",Derived from the original MIDI used to synthesize the SynthSOD audio and aligned to that audio; v2 removes notes absent from the render,midi_derived_note_score_aligned_to_synthetic_orchestra_audio,False,False,False,Metadata only in this repository; source dataset terms apply
synthsod-score-234adad679bfe47dddc5,symphony_094_1_orch,SynthSOD_aligned_scores/SynthSOD_score_data/symphony_094_1_orch.txt,803a3d9a362c4c73950df5f7389ab2e2fe905fb32eb0078bf268abf26ca2c843,845830,29252,"{""40"":6292,""41"":2913,""42"":2300,""43"":4572,""47"":528,""56"":1630,""60"":2658,""68"":3879,""70"":2494,""73"":1986}",0.094059,432.923311,SynthSOD_aligned_scores/SynthSOD_metadata_aligned_all.json|SynthSOD_aligned_scores/SynthSOD_metadata_aligned_test.json,433.0169387755102,,SynthSOD aligned scores v2,10.5281/zenodo.15575778,https://zenodo.org/records/15575778,"tab-separated note events: onset, offset, MIDI pitch, MIDI instrument",Derived from the original MIDI used to synthesize the SynthSOD audio and aligned to that audio; v2 removes notes absent from the render,midi_derived_note_score_aligned_to_synthetic_orchestra_audio,False,False,False,Metadata only in this repository; source dataset terms apply
synthsod-score-3cbfef1ae40d2cf46f54,symphony_094_2_orch,SynthSOD_aligned_scores/SynthSOD_score_data/symphony_094_2_orch.txt,27aec7ef743aa2a5a0498cc201e8895290ae1514fc22b00e9314e9a8da5e1129,284617,9553,"{""40"":2715,""41"":1015,""42"":865,""43"":1586,""47"":189,""56"":400,""60"":596,""68"":1002,""70"":509,""73"":676}",0.104082,334.771247,SynthSOD_aligned_scores/SynthSOD_metadata_aligned_all.json|SynthSOD_aligned_scores/SynthSOD_metadata_aligned_evaluation.json,335.00455782312923,,SynthSOD aligned scores v2,10.5281/zenodo.15575778,https://zenodo.org/records/15575778,"tab-separated note events: onset, offset, MIDI pitch, MIDI instrument",Derived from the original MIDI used to synthesize the SynthSOD audio and aligned to that audio; v2 removes notes absent from the render,midi_derived_note_score_aligned_to_synthetic_orchestra_audio,False,False,False,Metadata only in this repository; source dataset terms apply
synthsod-score-499622e290130cba3399,symphony_094_3_orch,SynthSOD_aligned_scores/SynthSOD_score_data/symphony_094_3_orch.txt,a70026da3b1a4ac34e79925fb36fdd20e406402018c47a1f98dd310fe345a116,263744,9215,"{""40"":2553,""41"":826,""42"":698,""43"":1058,""47"":83,""56"":545,""60"":684,""68"":976,""70"":1111,""73"":681}",0.084036,263.910930,SynthSOD_aligned_scores/SynthSOD_metadata_aligned_all.json|SynthSOD_aligned_scores/SynthSOD_metadata_aligned_train.json,266.78401360544217,,SynthSOD aligned scores v2,10.5281/zenodo.15575778,https://zenodo.org/records/15575778,"tab-separated note events: onset, offset, MIDI pitch, MIDI instrument",Derived from the original MIDI used to synthesize the SynthSOD audio and aligned to that audio; v2 removes notes absent from the render,midi_derived_note_score_aligned_to_synthetic_orchestra_audio,False,False,False,Metadata only in this repository; source dataset terms apply
synthsod-score-5ba11c02f2e2449138c9,symphony_094_4_orch,SynthSOD_aligned_scores/SynthSOD_score_data/symphony_094_4_orch.txt,d958aa8fe6e40b45315687b1f0e03514dc8128963806186362c1aa17ab141dae,383717,13585,"{""40"":1666,""41"":1380,""42"":1304,""43"":2564,""47"":223,""56"":648,""60"":1248,""68"":1841,""70"":1449,""73"":1262}",0.184263,240.518005,SynthSOD_aligned_scores/SynthSOD_metadata_aligned_all.json|SynthSOD_aligned_scores/SynthSOD_metadata_aligned_train.json,240.596462585034,,SynthSOD aligned scores v2,10.5281/zenodo.15575778,https://zenodo.org/records/15575778,"tab-separated note events: onset, offset, MIDI pitch, MIDI instrument",Derived from the original MIDI used to synthesize the SynthSOD audio and aligned to that audio; v2 removes notes absent from the render,midi_derived_note_score_aligned_to_synthetic_orchestra_audio,False,False,False,Metadata only in this repository; source dataset terms apply
synthsod-score-3d38d8065e92077efacd,symphony_095_1_orch,SynthSOD_aligned_scores/SynthSOD_score_data/symphony_095_1_orch.txt,e0e9e5550b5312a7e601ac1f1b74fc84070d2c04fa619da8a539dff66dec9843,479155,16531,"{""40"":3819,""41"":1600,""42"":1257,""43"":2514,""47"":153,""56"":492,""60"":1992,""68"":1853,""70"":1825,""73"":1026}",0.134150,375.553515,SynthSOD_aligned_scores/SynthSOD_metadata_aligned_all.json|SynthSOD_aligned_scores/SynthSOD_metadata_aligned_train.json,377.0373015873016,,SynthSOD aligned scores v2,10.5281/zenodo.15575778,https://zenodo.org/records/15575778,"tab-separated note events: onset, offset, MIDI pitch, MIDI instrument",Derived from the original MIDI used to synthesize the SynthSOD audio and aligned to that audio; v2 removes notes absent from the render,midi_derived_note_score_aligned_to_synthetic_orchestra_audio,False,False,False,Metadata only in this repository; source dataset terms apply
synthsod-score-6bb501978b1a652e5fd9,symphony_095_2_orch,SynthSOD_aligned_scores/SynthSOD_score_data/symphony_095_2_orch.txt,650fba3a25c7337c5527a28d63c7950ea77c7536dd8a6718566f0beb40e81e09,200573,6977,"{""40"":1989,""41"":954,""42"":904,""43"":1548,""60"":402,""68"":461,""70"":463,""73"":256}",0.695420,187.317642,SynthSOD_aligned_scores/SynthSOD_metadata_aligned_all.json|SynthSOD_aligned_scores/SynthSOD_metadata_aligned_train.json,220.32090702947846,,SynthSOD aligned scores v2,10.5281/zenodo.15575778,https://zenodo.org/records/15575778,"tab-separated note events: onset, offset, MIDI pitch, MIDI instrument",Derived from the original MIDI used to synthesize the SynthSOD audio and aligned to that audio; v2 removes notes absent from the render,midi_derived_note_score_aligned_to_synthetic_orchestra_audio,False,False,False,Metadata only in this repository; source dataset terms apply
synthsod-score-f6d7614fea6392fe68a3,symphony_095_3_orch,SynthSOD_aligned_scores/SynthSOD_score_data/symphony_095_3_orch.txt,0be010e18c6c607cc2c85cb0bca8c3deb970c10a246227c58fb5885740e1d794,346810,12026,"{""40"":1321,""41"":1258,""42"":1599,""43"":2404,""47"":296,""56"":889,""60"":1284,""68"":1398,""70"":1001,""73"":576}",0.094059,266.667166,SynthSOD_aligned_scores/SynthSOD_metadata_aligned_all.json|SynthSOD_aligned_scores/SynthSOD_metadata_aligned_train.json,268.31290249433107,,SynthSOD aligned scores v2,10.5281/zenodo.15575778,https://zenodo.org/records/15575778,"tab-separated note events: onset, offset, MIDI pitch, MIDI instrument",Derived from the original MIDI used to synthesize the SynthSOD audio and aligned to that audio; v2 removes notes absent from the render,midi_derived_note_score_aligned_to_synthetic_orchestra_audio,False,False,False,Metadata only in this repository; source dataset terms apply
synthsod-score-7c3ffc0648542a58e6e1,symphony_095_4_orch,SynthSOD_aligned_scores/SynthSOD_score_data/symphony_095_4_orch.txt,41f3c0b1b889dc60ee1c0218c8ecdf9d83077abfd0aae987c20d254e771fb0b9,418578,14698,"{""40"":3486,""41"":1432,""42"":1157,""43"":2313,""47"":188,""56"":871,""60"":1194,""68"":1727,""70"":1360,""73"":970}",0.174240,220.081769,SynthSOD_aligned_scores/SynthSOD_metadata_aligned_all.json|SynthSOD_aligned_scores/SynthSOD_metadata_aligned_train.json,222.12975056689342,,SynthSOD aligned scores v2,10.5281/zenodo.15575778,https://zenodo.org/records/15575778,"tab-separated note events: onset, offset, MIDI pitch, MIDI instrument",Derived from the original MIDI used to synthesize the SynthSOD audio and aligned to that audio; v2 removes notes absent from the render,midi_derived_note_score_aligned_to_synthetic_orchestra_audio,False,False,False,Metadata only in this repository; source dataset terms apply
synthsod-score-36a70d71260f7bcd57d7,symphony_096_1_orch,SynthSOD_aligned_scores/SynthSOD_score_data/symphony_096_1_orch.txt,79998f7f906c5ac508a4850824b0edace017eb5989e974439e888ffcda4698be,688935,23559,"{""40"":4568,""41"":2140,""42"":1577,""43"":3154,""47"":309,""56"":1866,""60"":2570,""68"":2775,""70"":2506,""73"":2094}",0.094059,422.539819,SynthSOD_aligned_scores/SynthSOD_metadata_aligned_all.json|SynthSOD_aligned_scores/SynthSOD_metadata_aligned_train.json,422.6174603174603,,SynthSOD aligned scores v2,10.5281/zenodo.15575778,https://zenodo.org/records/15575778,"tab-separated note events: onset, offset, MIDI pitch, MIDI instrument",Derived from the original MIDI used to synthesize the SynthSOD audio and aligned to that audio; v2 removes notes absent from the render,midi_derived_note_score_aligned_to_synthetic_orchestra_audio,False,False,False,Metadata only in this repository; source dataset terms apply
synthsod-score-6ac67d4f4c1f390bfeb6,symphony_096_2_orch,SynthSOD_aligned_scores/SynthSOD_score_data/symphony_096_2_orch.txt,edd0be8b3c6bc6cb3bc7ac81a0e3bf3c441b6ea89eef71c8843342a18ffa84f2,325447,11157,"{""40"":1556,""41"":1251,""42"":1198,""43"":2145,""47"":172,""56"":345,""60"":587,""68"":1723,""70"":1024,""73"":1156}",0.094059,340.955238,SynthSOD_aligned_scores/SynthSOD_metadata_aligned_all.json|SynthSOD_aligned_scores/SynthSOD_metadata_aligned_train.json,341.0391836734694,,SynthSOD aligned scores v2,10.5281/zenodo.15575778,https://zenodo.org/records/15575778,"tab-separated note events: onset, offset, MIDI pitch, MIDI instrument",Derived from the original MIDI used to synthesize the SynthSOD audio and aligned to that audio; v2 removes notes absent from the render,midi_derived_note_score_aligned_to_synthetic_orchestra_audio,False,False,False,Metadata only in this repository; source dataset terms apply
synthsod-score-549c069c7f27b6571523,symphony_096_3_orch,SynthSOD_aligned_scores/SynthSOD_score_data/symphony_096_3_orch.txt,b80a7b3f78cb849f2222c3e10e22b3a0db41948b2c25f24abc0855b2fa100bb0,346563,12218,"{""40"":2372,""41"":1076,""42"":944,""43"":1861,""47"":256,""56"":1064,""60"":1489,""68"":1495,""70"":675,""73"":986}",0.094059,225.303583,SynthSOD_aligned_scores/SynthSOD_metadata_aligned_all.json|SynthSOD_aligned_scores/SynthSOD_metadata_aligned_train.json,235.81437641723355,,SynthSOD aligned scores v2,10.5281/zenodo.15575778,https://zenodo.org/records/15575778,"tab-separated note events: onset, offset, MIDI pitch, MIDI instrument",Derived from the original MIDI used to synthesize the SynthSOD audio and aligned to that audio; v2 removes notes absent from the render,midi_derived_note_score_aligned_to_synthetic_orchestra_audio,False,False,False,Metadata only in this repository; source dataset terms apply
synthsod-score-90a16c610bca1300c58a,symphony_096_4_orch,SynthSOD_aligned_scores/SynthSOD_score_data/symphony_096_4_orch.txt,2ff36dff9bae5908d732da04cdd80dc00f19c112f688148b31977509c9b16dc0,320073,10992,"{""40"":2624,""41"":1140,""42"":1016,""43"":1975,""47"":148,""56"":677,""60"":679,""68"":1059,""70"":922,""73"":752}",0.094059,237.210522,SynthSOD_aligned_scores/SynthSOD_metadata_aligned_all.json|SynthSOD_aligned_scores/SynthSOD_metadata_aligned_train.json,237.39503401360545,,SynthSOD aligned scores v2,10.5281/zenodo.15575778,https://zenodo.org/records/15575778,"tab-separated note events: onset, offset, MIDI pitch, MIDI instrument",Derived from the original MIDI used to synthesize the SynthSOD audio and aligned to that audio; v2 removes notes absent from the render,midi_derived_note_score_aligned_to_synthetic_orchestra_audio,False,False,False,Metadata only in this repository; source dataset terms apply
synthsod-score-8d9885e6f550bf5baa47,symphony_097_1_orch,SynthSOD_aligned_scores/SynthSOD_score_data/symphony_097_1_orch.txt,b8a071acbd37ebb02a744ed3e88fa4c7aaca4edd033a7ac3db41825b72193af0,576928,19861,"{""40"":4776,""41"":1893,""42"":1867,""43"":3374,""47"":236,""56"":1071,""60"":1129,""68"":2240,""70"":1760,""73"":1515}",0.104082,465.466939,SynthSOD_aligned_scores/SynthSOD_metadata_aligned_all.json|SynthSOD_aligned_scores/SynthSOD_metadata_aligned_train.json,465.5816553287982,,SynthSOD aligned scores v2,10.5281/zenodo.15575778,https://zenodo.org/records/15575778,"tab-separated note events: onset, offset, MIDI pitch, MIDI instrument",Derived from the original MIDI used to synthesize the SynthSOD audio and aligned to that audio; v2 removes notes absent from the render,midi_derived_note_score_aligned_to_synthetic_orchestra_audio,False,False,False,Metadata only in this repository; source dataset terms apply
synthsod-score-f182814a7ccf57ef76e4,symphony_097_2_orch,SynthSOD_aligned_scores/SynthSOD_score_data/symphony_097_2_orch.txt,a7d6f81cf17001d420514da41cbc74166081beee010d1ab29392f7a7ed3ee568,328692,11180,"{""40"":3161,""41"":1282,""42"":1348,""43"":2224,""47"":87,""56"":208,""60"":724,""68"":945,""70"":614,""73"":587}",0.084036,385.175283,SynthSOD_aligned_scores/SynthSOD_metadata_aligned_all.json|SynthSOD_aligned_scores/SynthSOD_metadata_aligned_train.json,389.89167800453515,,SynthSOD aligned scores v2,10.5281/zenodo.15575778,https://zenodo.org/records/15575778,"tab-separated note events: onset, offset, MIDI pitch, MIDI instrument",Derived from the original MIDI used to synthesize the SynthSOD audio and aligned to that audio; v2 removes notes absent from the render,midi_derived_note_score_aligned_to_synthetic_orchestra_audio,False,False,False,Metadata only in this repository; source dataset terms apply
synthsod-score-906086c1e431bf6fb401,symphony_097_3_orch,SynthSOD_aligned_scores/SynthSOD_score_data/symphony_097_3_orch.txt,8955581e4b799c51520e3e62fdd69b087dc1a9859033c852fc02786e37dbea39,251636,8820,"{""40"":1949,""41"":860,""42"":751,""43"":1121,""47"":112,""56"":575,""60"":783,""68"":1338,""70"":833,""73"":498}",0.104082,242.692925,SynthSOD_aligned_scores/SynthSOD_metadata_aligned_all.json|SynthSOD_aligned_scores/SynthSOD_metadata_aligned_train.json,242.82698412698412,,SynthSOD aligned scores v2,10.5281/zenodo.15575778,https://zenodo.org/records/15575778,"tab-separated note events: onset, offset, MIDI pitch, MIDI instrument",Derived from the original MIDI used to synthesize the SynthSOD audio and aligned to that audio; v2 removes notes absent from the render,midi_derived_note_score_aligned_to_synthetic_orchestra_audio,False,False,False,Metadata only in this repository; source dataset terms apply
synthsod-score-8899c5b4f6ad645481ff,symphony_097_4_orch,SynthSOD_aligned_scores/SynthSOD_score_data/symphony_097_4_orch.txt,f4eb5cd805e6c7eed81dd06f228dec07a9f6c00bed30cc724339e41957ca7c2c,365468,12642,"{""40"":1548,""41"":1379,""42"":1231,""43"":2401,""47"":211,""56"":956,""60"":963,""68"":1791,""70"":1164,""73"":998}",0.404762,285.840544,SynthSOD_aligned_scores/SynthSOD_metadata_aligned_all.json|SynthSOD_aligned_scores/SynthSOD_metadata_aligned_train.json,285.91725623582767,,SynthSOD aligned scores v2,10.5281/zenodo.15575778,https://zenodo.org/records/15575778,"tab-separated note events: onset, offset, MIDI pitch, MIDI instrument",Derived from the original MIDI used to synthesize the SynthSOD audio and aligned to that audio; v2 removes notes absent from the render,midi_derived_note_score_aligned_to_synthetic_orchestra_audio,False,False,False,Metadata only in this repository; source dataset terms apply
synthsod-score-b4c294ecce122c53365d,symphony_098_1_orch,SynthSOD_aligned_scores/SynthSOD_score_data/symphony_098_1_orch.txt,d45d05e060892e1c861f152fc4459591a473f134e84fd4aa561d2dc58ea033f5,711003,24370,"{""40"":5840,""41"":2307,""42"":2071,""43"":4160,""56"":1416,""60"":1566,""68"":3469,""70"":1958,""73"":1583}",0.174240,462.009116,SynthSOD_aligned_scores/SynthSOD_metadata_aligned_all.json|SynthSOD_aligned_scores/SynthSOD_metadata_aligned_train.json,462.30918367346936,,SynthSOD aligned scores v2,10.5281/zenodo.15575778,https://zenodo.org/records/15575778,"tab-separated note events: onset, offset, MIDI pitch, MIDI instrument",Derived from the original MIDI used to synthesize the SynthSOD audio and aligned to that audio; v2 removes notes absent from the render,midi_derived_note_score_aligned_to_synthetic_orchestra_audio,False,False,False,Metadata only in this repository; source dataset terms apply
synthsod-score-a36cf36cf6a93dccec3a,symphony_098_2_orch,SynthSOD_aligned_scores/SynthSOD_score_data/symphony_098_2_orch.txt,95a6dad58adf61d998691f7046ad1652afc58b67e20f3280a073aef2519ba01f,221664,7589,"{""40"":909,""41"":854,""42"":792,""43"":1406,""60"":631,""68"":1630,""70"":828,""73"":539}",0.104082,524.941497,SynthSOD_aligned_scores/SynthSOD_metadata_aligned_all.json|SynthSOD_aligned_scores/SynthSOD_metadata_aligned_train.json,525.0957596371882,,SynthSOD aligned scores v2,10.5281/zenodo.15575778,https://zenodo.org/records/15575778,"tab-separated note events: onset, offset, MIDI pitch, MIDI instrument",Derived from the original MIDI used to synthesize the SynthSOD audio and aligned to that audio; v2 removes notes absent from the render,midi_derived_note_score_aligned_to_synthetic_orchestra_audio,False,False,False,Metadata only in this repository; source dataset terms apply
synthsod-score-019a73eeeeb6cf552837,symphony_098_3_orch,SynthSOD_aligned_scores/SynthSOD_score_data/symphony_098_3_orch.txt,4a2227438db23b66470d7181d8a5372903fe414f314071203a014042043534bd,343610,11999,"{""40"":2972,""41"":1081,""42"":991,""43"":1886,""56"":671,""60"":794,""68"":1613,""70"":1128,""73"":863}",0.104082,281.480680,SynthSOD_aligned_scores/SynthSOD_metadata_aligned_all.json|SynthSOD_aligned_scores/SynthSOD_metadata_aligned_train.json,283.1541950113379,,SynthSOD aligned scores v2,10.5281/zenodo.15575778,https://zenodo.org/records/15575778,"tab-separated note events: onset, offset, MIDI pitch, MIDI instrument",Derived from the original MIDI used to synthesize the SynthSOD audio and aligned to that audio; v2 removes notes absent from the render,midi_derived_note_score_aligned_to_synthetic_orchestra_audio,False,False,False,Metadata only in this repository; source dataset terms apply
synthsod-score-642362365385a35ed8ed,symphony_099_1_orch,SynthSOD_aligned_scores/SynthSOD_score_data/symphony_099_1_orch.txt,6c6978b7c36e41e72053ffbdb911198a1dbc7ad2d94a89a28a58357ded4e3c80,920171,31599,"{""40"":6560,""41"":2564,""42"":2043,""43"":4014,""47"":234,""56"":2406,""60"":2661,""68"":3308,""70"":2485,""71"":3216,""73"":2108}",0.144172,528.700000,SynthSOD_aligned_scores/SynthSOD_metadata_aligned_all.json|SynthSOD_aligned_scores/SynthSOD_metadata_aligned_train.json,531.1377777777777,,SynthSOD aligned scores v2,10.5281/zenodo.15575778,https://zenodo.org/records/15575778,"tab-separated note events: onset, offset, MIDI pitch, MIDI instrument",Derived from the original MIDI used to synthesize the SynthSOD audio and aligned to that audio; v2 removes notes absent from the render,midi_derived_note_score_aligned_to_synthetic_orchestra_audio,False,False,False,Metadata only in this repository; source dataset terms apply
synthsod-score-7400a0c6a6cd24915285,symphony_099_2_orch,SynthSOD_aligned_scores/SynthSOD_score_data/symphony_099_2_orch.txt,c92e50e10695774e5401c78415b9c40481ea3634969ca5127b7bb5e269540ffe,423832,14632,"{""40"":2542,""41"":1286,""42"":1355,""43"":1681,""47"":49,""56"":535,""60"":1198,""68"":1871,""70"":1334,""71"":1508,""73"":1273}",0.104082,444.689932,SynthSOD_aligned_scores/SynthSOD_metadata_aligned_all.json|SynthSOD_aligned_scores/SynthSOD_metadata_aligned_train.json,450.0915192743764,,SynthSOD aligned scores v2,10.5281/zenodo.15575778,https://zenodo.org/records/15575778,"tab-separated note events: onset, offset, MIDI pitch, MIDI instrument",Derived from the original MIDI used to synthesize the SynthSOD audio and aligned to that audio; v2 removes notes absent from the render,midi_derived_note_score_aligned_to_synthetic_orchestra_audio,False,False,False,Metadata only in this repository; source dataset terms apply
synthsod-score-b6108606a95fe6b15172,symphony_099_3_orch,SynthSOD_aligned_scores/SynthSOD_score_data/symphony_099_3_orch.txt,9f8dada776607cc968aba9fb6f46fb9a99139be46495ad26e9f962e2e8dc979d,396640,13691,"{""40"":2705,""41"":1103,""42"":1114,""43"":2438,""47"":111,""56"":1136,""60"":847,""68"":1153,""70"":1169,""71"":1270,""73"":645}",0.094059,624.576916,SynthSOD_aligned_scores/SynthSOD_metadata_aligned_all.json|SynthSOD_aligned_scores/SynthSOD_metadata_aligned_train.json,624.9210657596371,,SynthSOD aligned scores v2,10.5281/zenodo.15575778,https://zenodo.org/records/15575778,"tab-separated note events: onset, offset, MIDI pitch, MIDI instrument",Derived from the original MIDI used to synthesize the SynthSOD audio and aligned to that audio; v2 removes notes absent from the render,midi_derived_note_score_aligned_to_synthetic_orchestra_audio,False,False,False,Metadata only in this repository; source dataset terms apply
synthsod-score-3a316c05692a00f53354,symphony_099_4_orch,SynthSOD_aligned_scores/SynthSOD_score_data/symphony_099_4_orch.txt,2fcf6d12f1cffcb29abc5e4805fd8b22db47a8b24f00ace13e5b55b3432b1a47,450745,15774,"{""40"":3436,""41"":1245,""42"":1248,""43"":2344,""47"":232,""56"":1052,""60"":1289,""68"":1624,""70"":1101,""71"":1323,""73"":880}",0.094059,234.283900,SynthSOD_aligned_scores/SynthSOD_metadata_aligned_all.json|SynthSOD_aligned_scores/SynthSOD_metadata_aligned_train.json,234.52510204081634,,SynthSOD aligned scores v2,10.5281/zenodo.15575778,https://zenodo.org/records/15575778,"tab-separated note events: onset, offset, MIDI pitch, MIDI instrument",Derived from the original MIDI used to synthesize the SynthSOD audio and aligned to that audio; v2 removes notes absent from the render,midi_derived_note_score_aligned_to_synthetic_orchestra_audio,False,False,False,Metadata only in this repository; source dataset terms apply
synthsod-score-24e746025a5a470ff221,symphony_100_1_orch,SynthSOD_aligned_scores/SynthSOD_score_data/symphony_100_1_orch.txt,080d4607ddf343febba2e7132ff73ccfd28b2a0f9de600040068e00f9d9c4120,847154,28831,"{""40"":5290,""41"":2853,""42"":2470,""43"":4654,""47"":447,""56"":2102,""60"":2411,""68"":4128,""70"":2152,""73"":2324}",0.104082,447.335918,SynthSOD_aligned_scores/SynthSOD_metadata_aligned_all.json|SynthSOD_aligned_scores/SynthSOD_metadata_aligned_train.json,451.60662131519274,,SynthSOD aligned scores v2,10.5281/zenodo.15575778,https://zenodo.org/records/15575778,"tab-separated note events: onset, offset, MIDI pitch, MIDI instrument",Derived from the original MIDI used to synthesize the SynthSOD audio and aligned to that audio; v2 removes notes absent from the render,midi_derived_note_score_aligned_to_synthetic_orchestra_audio,False,False,False,Metadata only in this repository; source dataset terms apply
synthsod-score-5c3bdfc9457adbf223c4,symphony_100_3_orch,SynthSOD_aligned_scores/SynthSOD_score_data/symphony_100_3_orch.txt,0ec42da7c5f37ea6e5e61e067e24a8fec3e6e03e4a41bf9f4652ec7ae56c777d,395890,13901,"{""40"":2991,""41"":1093,""42"":1224,""43"":2096,""47"":358,""56"":734,""60"":1448,""68"":1534,""70"":1164,""73"":1259}",0.084036,265.584717,SynthSOD_aligned_scores/SynthSOD_metadata_aligned_all.json|SynthSOD_aligned_scores/SynthSOD_metadata_aligned_train.json,265.93274376417236,,SynthSOD aligned scores v2,10.5281/zenodo.15575778,https://zenodo.org/records/15575778,"tab-separated note events: onset, offset, MIDI pitch, MIDI instrument",Derived from the original MIDI used to synthesize the SynthSOD audio and aligned to that audio; v2 removes notes absent from the render,midi_derived_note_score_aligned_to_synthetic_orchestra_audio,False,False,False,Metadata only in this repository; source dataset terms apply
synthsod-score-13b4c0d0346f7583ec0a,symphony_101_1_orch,SynthSOD_aligned_scores/SynthSOD_score_data/symphony_101_1_orch.txt,02b284ef15a624fd98e1a90bfe43b6371eba834fa4eb0392b8a3e8d13d1af8fa,857389,29244,"{""40"":5600,""41"":2572,""42"":2243,""43"":4520,""47"":220,""56"":2187,""60"":2443,""68"":3190,""70"":1853,""71"":2623,""73"":1793}",0.104082,517.484626,SynthSOD_aligned_scores/SynthSOD_metadata_aligned_all.json|SynthSOD_aligned_scores/SynthSOD_metadata_aligned_train.json,517.6706122448979,,SynthSOD aligned scores v2,10.5281/zenodo.15575778,https://zenodo.org/records/15575778,"tab-separated note events: onset, offset, MIDI pitch, MIDI instrument",Derived from the original MIDI used to synthesize the SynthSOD audio and aligned to that audio; v2 removes notes absent from the render,midi_derived_note_score_aligned_to_synthetic_orchestra_audio,False,False,False,Metadata only in this repository; source dataset terms apply
synthsod-score-5c17edf9f65f74c131ae,symphony_101_2_orch,SynthSOD_aligned_scores/SynthSOD_score_data/symphony_101_2_orch.txt,454243035e26d65f6337e47a66e23e0f37d8d0ee3d3ac2123ed19df7afdf31c3,443739,15179,"{""40"":2439,""41"":1095,""42"":1089,""43"":2185,""47"":162,""56"":731,""60"":1175,""68"":2278,""70"":1526,""71"":823,""73"":1676}",0.144172,513.926576,SynthSOD_aligned_scores/SynthSOD_metadata_aligned_all.json|SynthSOD_aligned_scores/SynthSOD_metadata_aligned_train.json,514.0049433106576,,SynthSOD aligned scores v2,10.5281/zenodo.15575778,https://zenodo.org/records/15575778,"tab-separated note events: onset, offset, MIDI pitch, MIDI instrument",Derived from the original MIDI used to synthesize the SynthSOD audio and aligned to that audio; v2 removes notes absent from the render,midi_derived_note_score_aligned_to_synthetic_orchestra_audio,False,False,False,Metadata only in this repository; source dataset terms apply
synthsod-score-6b72e0887d487d89d117,symphony_101_3_orch,SynthSOD_aligned_scores/SynthSOD_score_data/symphony_101_3_orch.txt,4d692a766a7c2680a1ccad3767b1a8d2b4d0daf94fe42391fd80cf0250a0a84b,506320,17365,"{""40"":3714,""41"":1583,""42"":1311,""43"":2610,""47"":162,""56"":1014,""60"":1144,""68"":1812,""70"":1205,""71"":1336,""73"":1474}",0.084036,476.211247,SynthSOD_aligned_scores/SynthSOD_metadata_aligned_all.json|SynthSOD_aligned_scores/SynthSOD_metadata_aligned_train.json,476.28725623582767,,SynthSOD aligned scores v2,10.5281/zenodo.15575778,https://zenodo.org/records/15575778,"tab-separated note events: onset, offset, MIDI pitch, MIDI instrument",Derived from the original MIDI used to synthesize the SynthSOD audio and aligned to that audio; v2 removes notes absent from the render,midi_derived_note_score_aligned_to_synthetic_orchestra_audio,False,False,False,Metadata only in this repository; source dataset terms apply
synthsod-score-7c74c85cea2a13e70b1f,symphony_101_4_orch,SynthSOD_aligned_scores/SynthSOD_score_data/symphony_101_4_orch.txt,c643fc2805e4724350d844721dc603fc4fd393da1971b492d2003ef846e41577,576954,20077,"{""40"":4271,""41"":1764,""42"":1659,""43"":2778,""47"":253,""56"":1221,""60"":1447,""68"":2247,""70"":1225,""71"":1870,""73"":1342}",0.094059,267.879909,SynthSOD_aligned_scores/SynthSOD_metadata_aligned_all.json|SynthSOD_aligned_scores/SynthSOD_metadata_aligned_train.json,267.9978458049887,,SynthSOD aligned scores v2,10.5281/zenodo.15575778,https://zenodo.org/records/15575778,"tab-separated note events: onset, offset, MIDI pitch, MIDI instrument",Derived from the original MIDI used to synthesize the SynthSOD audio and aligned to that audio; v2 removes notes absent from the render,midi_derived_note_score_aligned_to_synthetic_orchestra_audio,False,False,False,Metadata only in this repository; source dataset terms apply
synthsod-score-3a7e3feeed3f3e6311a9,symphony_102_1_orch,SynthSOD_aligned_scores/SynthSOD_score_data/symphony_102_1_orch.txt,3c925c175396e52caf34bd1c1d7fc063fef83729f03f72aa48cfbd99197c8c01,857016,29164,"{""40"":6196,""41"":2509,""42"":2243,""43"":4257,""56"":2257,""60"":2576,""68"":4364,""70"":2336,""73"":2426}",0.104082,533.520907,SynthSOD_aligned_scores/SynthSOD_metadata_aligned_all.json|SynthSOD_aligned_scores/SynthSOD_metadata_aligned_train.json,537.0144671201814,,SynthSOD aligned scores v2,10.5281/zenodo.15575778,https://zenodo.org/records/15575778,"tab-separated note events: onset, offset, MIDI pitch, MIDI instrument",Derived from the original MIDI used to synthesize the SynthSOD audio and aligned to that audio; v2 removes notes absent from the render,midi_derived_note_score_aligned_to_synthetic_orchestra_audio,False,False,False,Metadata only in this repository; source dataset terms apply
synthsod-score-f952a671332c10b63943,symphony_102_2_orch,SynthSOD_aligned_scores/SynthSOD_score_data/symphony_102_2_orch.txt,866194d4eb249629806a96ce68c426781cf323779fb027ca41f0ff80010b1363,478392,16662,"{""40"":2928,""41"":1956,""42"":1409,""43"":2359,""47"":235,""56"":1273,""60"":1275,""68"":2303,""70"":1742,""73"":1182}",0.094059,319.536780,SynthSOD_aligned_scores/SynthSOD_metadata_aligned_all.json|SynthSOD_aligned_scores/SynthSOD_metadata_aligned_train.json,324.46990929705214,,SynthSOD aligned scores v2,10.5281/zenodo.15575778,https://zenodo.org/records/15575778,"tab-separated note events: onset, offset, MIDI pitch, MIDI instrument",Derived from the original MIDI used to synthesize the SynthSOD audio and aligned to that audio; v2 removes notes absent from the render,midi_derived_note_score_aligned_to_synthetic_orchestra_audio,False,False,False,Metadata only in this repository; source dataset terms apply
synthsod-score-e3962145bbb194d808a7,symphony_102_3_orch,SynthSOD_aligned_scores/SynthSOD_score_data/symphony_102_3_orch.txt,a6056b7527cdcf8acc6588963d39b07ec724fb2ea4cad4313a0bcdaa8db968c8,336953,11597,"{""40"":2463,""41"":1182,""42"":729,""43"":1490,""56"":604,""60"":827,""68"":1851,""70"":1305,""73"":1146}",0.094059,372.907528,SynthSOD_aligned_scores/SynthSOD_metadata_aligned_all.json|SynthSOD_aligned_scores/SynthSOD_metadata_aligned_train.json,372.98625850340136,,SynthSOD aligned scores v2,10.5281/zenodo.15575778,https://zenodo.org/records/15575778,"tab-separated note events: onset, offset, MIDI pitch, MIDI instrument",Derived from the original MIDI used to synthesize the SynthSOD audio and aligned to that audio; v2 removes notes absent from the render,midi_derived_note_score_aligned_to_synthetic_orchestra_audio,False,False,False,Metadata only in this repository; source dataset terms apply
synthsod-score-1005b74ab2c320c3bc6f,symphony_102_4_orch,SynthSOD_aligned_scores/SynthSOD_score_data/symphony_102_4_orch.txt,f5446b1c18eb731200ba4ddfbfdafac71b39c21557449870cce0fea78876c249,474949,16450,"{""40"":3274,""41"":1539,""42"":1282,""43"":2545,""56"":1256,""60"":1415,""68"":2311,""70"":1446,""73"":1382}",0.234376,309.995193,SynthSOD_aligned_scores/SynthSOD_metadata_aligned_all.json|SynthSOD_aligned_scores/SynthSOD_metadata_aligned_train.json,311.81333333333333,,SynthSOD aligned scores v2,10.5281/zenodo.15575778,https://zenodo.org/records/15575778,"tab-separated note events: onset, offset, MIDI pitch, MIDI instrument",Derived from the original MIDI used to synthesize the SynthSOD audio and aligned to that audio; v2 removes notes absent from the render,midi_derived_note_score_aligned_to_synthetic_orchestra_audio,False,False,False,Metadata only in this repository; source dataset terms apply
synthsod-score-628ac5aa40a0904d34c2,symphony_103_1_orch,SynthSOD_aligned_scores/SynthSOD_score_data/symphony_103_1_orch.txt,8f367fbee2091b15956b079e3b6c7143dec3d35fd2da7c707608e0c92ec1b132,681410,23370,"{""40"":4395,""41"":2106,""42"":1854,""43"":3282,""47"":364,""56"":1630,""60"":2244,""68"":2407,""70"":1602,""71"":2158,""73"":1328}",0.194286,516.382132,SynthSOD_aligned_scores/SynthSOD_metadata_aligned_all.json|SynthSOD_aligned_scores/SynthSOD_metadata_aligned_train.json,519.210612244898,,SynthSOD aligned scores v2,10.5281/zenodo.15575778,https://zenodo.org/records/15575778,"tab-separated note events: onset, offset, MIDI pitch, MIDI instrument",Derived from the original MIDI used to synthesize the SynthSOD audio and aligned to that audio; v2 removes notes absent from the render,midi_derived_note_score_aligned_to_synthetic_orchestra_audio,False,False,False,Metadata only in this repository; source dataset terms apply
synthsod-score-196b19faff9db527355b,symphony_103_2_orch,SynthSOD_aligned_scores/SynthSOD_score_data/symphony_103_2_orch.txt,b021317e8405cfd591cbfc15f02ad31da8915ae8d5ee49c65a100e1ebfb88e09,532913,18106,"{""40"":2611,""41"":1975,""42"":2015,""43"":3851,""47"":344,""56"":989,""60"":2141,""68"":1856,""70"":1465,""73"":859}",0.685397,559.269161,SynthSOD_aligned_scores/SynthSOD_metadata_aligned_all.json|SynthSOD_aligned_scores/SynthSOD_metadata_aligned_train.json,563.3366213151927,,SynthSOD aligned scores v2,10.5281/zenodo.15575778,https://zenodo.org/records/15575778,"tab-separated note events: onset, offset, MIDI pitch, MIDI instrument",Derived from the original MIDI used to synthesize the SynthSOD audio and aligned to that audio; v2 removes notes absent from the render,midi_derived_note_score_aligned_to_synthetic_orchestra_audio,False,False,False,Metadata only in this repository; source dataset terms apply
synthsod-score-c0ca357335ece948f1a7,symphony_103_3_orch,SynthSOD_aligned_scores/SynthSOD_score_data/symphony_103_3_orch.txt,8f16aa50964bcf92249eaa15d987d9530a27bf93b849cc730a8f5a1cf05d4edf,279083,9734,"{""40"":2253,""41"":846,""42"":810,""43"":1213,""47"":157,""56"":905,""60"":1108,""68"":1099,""70"":745,""73"":598}",0.484943,302.538322,SynthSOD_aligned_scores/SynthSOD_metadata_aligned_all.json|SynthSOD_aligned_scores/SynthSOD_metadata_aligned_train.json,305.2733333333333,,SynthSOD aligned scores v2,10.5281/zenodo.15575778,https://zenodo.org/records/15575778,"tab-separated note events: onset, offset, MIDI pitch, MIDI instrument",Derived from the original MIDI used to synthesize the SynthSOD audio and aligned to that audio; v2 removes notes absent from the render,midi_derived_note_score_aligned_to_synthetic_orchestra_audio,False,False,False,Metadata only in this repository; source dataset terms apply
synthsod-score-9b2a9f72918d7a55cc14,symphony_103_4_orch,SynthSOD_aligned_scores/SynthSOD_score_data/symphony_103_4_orch.txt,cbd89414745a1a2a81abf99bdf84d621be9e7121c1937f4a92944aa56d4350a6,600647,20723,"{""40"":4111,""41"":1807,""42"":1585,""43"":2929,""47"":307,""56"":1318,""60"":1816,""68"":2091,""70"":1529,""71"":2193,""73"":1037}",0.174240,292.365306,SynthSOD_aligned_scores/SynthSOD_metadata_aligned_all.json|SynthSOD_aligned_scores/SynthSOD_metadata_aligned_train.json,292.72260770975055,,SynthSOD aligned scores v2,10.5281/zenodo.15575778,https://zenodo.org/records/15575778,"tab-separated note events: onset, offset, MIDI pitch, MIDI instrument",Derived from the original MIDI used to synthesize the SynthSOD audio and aligned to that audio; v2 removes notes absent from the render,midi_derived_note_score_aligned_to_synthetic_orchestra_audio,False,False,False,Metadata only in this repository; source dataset terms apply
synthsod-score-93a8d6b7e8af58a0be0a,symphony_104_1_orch,SynthSOD_aligned_scores/SynthSOD_score_data/symphony_104_1_orch.txt,a5c3d7d9b536c248d079578cbe8ac50a89e9e535219f4343c200a552202db534,990232,34062,"{""40"":6540,""41"":3353,""42"":2682,""43"":5078,""47"":401,""56"":2275,""60"":2676,""68"":3453,""70"":2483,""71"":2592,""73"":2529}",0.194286,576.227528,SynthSOD_aligned_scores/SynthSOD_metadata_aligned_all.json|SynthSOD_aligned_scores/SynthSOD_metadata_aligned_train.json,576.3550340136054,,SynthSOD aligned scores v2,10.5281/zenodo.15575778,https://zenodo.org/records/15575778,"tab-separated note events: onset, offset, MIDI pitch, MIDI instrument",Derived from the original MIDI used to synthesize the SynthSOD audio and aligned to that audio; v2 removes notes absent from the render,midi_derived_note_score_aligned_to_synthetic_orchestra_audio,False,False,False,Metadata only in this repository; source dataset terms apply
synthsod-score-1c0c5e20c5f1aa9cf331,symphony_104_2_orch,SynthSOD_aligned_scores/SynthSOD_score_data/symphony_104_2_orch.txt,fe015a21d873a44f20fffaf84a6c9bb0e9307c296c647ebddc3657c5bf1b4d4e,380633,12997,"{""40"":3098,""41"":1456,""42"":1342,""43"":2605,""47"":138,""56"":354,""60"":508,""68"":1191,""70"":1140,""71"":319,""73"":846}",0.104082,634.609615,SynthSOD_aligned_scores/SynthSOD_metadata_aligned_all.json|SynthSOD_aligned_scores/SynthSOD_metadata_aligned_train.json,639.13820861678,,SynthSOD aligned scores v2,10.5281/zenodo.15575778,https://zenodo.org/records/15575778,"tab-separated note events: onset, offset, MIDI pitch, MIDI instrument",Derived from the original MIDI used to synthesize the SynthSOD audio and aligned to that audio; v2 removes notes absent from the render,midi_derived_note_score_aligned_to_synthetic_orchestra_audio,False,False,False,Metadata only in this repository; source dataset terms apply
synthsod-score-cac69b571cf6a0639711,symphony_104_3_orch,SynthSOD_aligned_scores/SynthSOD_score_data/symphony_104_3_orch.txt,764955e91bfba20225072e7209f2f9569ec7d2b32f5891d62cd9d98ff745ab1c,416363,14668,"{""40"":2709,""41"":1197,""42"":1032,""43"":2064,""47"":178,""56"":956,""60"":1108,""68"":1983,""70"":1211,""71"":1155,""73"":1075}",0.104082,255.702358,SynthSOD_aligned_scores/SynthSOD_metadata_aligned_all.json|SynthSOD_aligned_scores/SynthSOD_metadata_aligned_train.json,255.79750566893424,,SynthSOD aligned scores v2,10.5281/zenodo.15575778,https://zenodo.org/records/15575778,"tab-separated note events: onset, offset, MIDI pitch, MIDI instrument",Derived from the original MIDI used to synthesize the SynthSOD audio and aligned to that audio; v2 removes notes absent from the render,midi_derived_note_score_aligned_to_synthetic_orchestra_audio,False,False,False,Metadata only in this repository; source dataset terms apply
synthsod-score-be6932d6c6b91c116cbf,symphony_104_4_orch,SynthSOD_aligned_scores/SynthSOD_score_data/symphony_104_4_orch.txt,81d20f80f95f863aa8405404ef819740a4fde67276a0e1303c403d12c8e06e6f,906931,31465,"{""40"":4917,""41"":2649,""42"":2468,""43"":4586,""47"":454,""56"":2608,""60"":2781,""68"":3518,""70"":2456,""71"":3048,""73"":1980}",0.134150,403.376463,SynthSOD_aligned_scores/SynthSOD_metadata_aligned_all.json|SynthSOD_aligned_scores/SynthSOD_metadata_aligned_train.json,403.4724943310658,,SynthSOD aligned scores v2,10.5281/zenodo.15575778,https://zenodo.org/records/15575778,"tab-separated note events: onset, offset, MIDI pitch, MIDI instrument",Derived from the original MIDI used to synthesize the SynthSOD audio and aligned to that audio; v2 removes notes absent from the render,midi_derived_note_score_aligned_to_synthetic_orchestra_audio,False,False,False,Metadata only in this repository; source dataset terms apply
synthsod-score-b9059a3440c8ff987b48,symphony_1_1_orch,SynthSOD_aligned_scores/SynthSOD_score_data/symphony_1_1_orch.txt,42e233edf1ce856ee1db912c3ca4a529cac3e0de9f2fca189b2f539063555194,1376085,47719,"{""40"":4187,""41"":4827,""42"":4377,""43"":7929,""47"":690,""56"":1581,""60"":3668,""68"":4782,""70"":5036,""71"":6011,""73"":4631}",1.888118,463.502494,SynthSOD_aligned_scores/SynthSOD_metadata_aligned_all.json|SynthSOD_aligned_scores/SynthSOD_metadata_aligned_evaluation.json,463.69789115646256,,SynthSOD aligned scores v2,10.5281/zenodo.15575778,https://zenodo.org/records/15575778,"tab-separated note events: onset, offset, MIDI pitch, MIDI instrument",Derived from the original MIDI used to synthesize the SynthSOD audio and aligned to that audio; v2 removes notes absent from the render,midi_derived_note_score_aligned_to_synthetic_orchestra_audio,False,False,False,Metadata only in this repository; source dataset terms apply
synthsod-score-61310bf0a250e82a882e,symphony_1_2_orch,SynthSOD_aligned_scores/SynthSOD_score_data/symphony_1_2_orch.txt,74519ac9d4d45fc7b538ff4a5e793d373f07ed0d8d804e5b4a63cb99bd11f6e7,512357,17659,"{""40"":2644,""41"":1866,""42"":1892,""43"":3426,""60"":1129,""68"":1694,""70"":1318,""71"":1938,""73"":1752}",4.173288,701.891837,SynthSOD_aligned_scores/SynthSOD_metadata_aligned_all.json|SynthSOD_aligned_scores/SynthSOD_metadata_aligned_test.json,704.6072789115647,,SynthSOD aligned scores v2,10.5281/zenodo.15575778,https://zenodo.org/records/15575778,"tab-separated note events: onset, offset, MIDI pitch, MIDI instrument",Derived from the original MIDI used to synthesize the SynthSOD audio and aligned to that audio; v2 removes notes absent from the render,midi_derived_note_score_aligned_to_synthetic_orchestra_audio,False,False,False,Metadata only in this repository; source dataset terms apply
synthsod-score-af3b6fee322cc57b552a,symphony_1_3_orch,SynthSOD_aligned_scores/SynthSOD_score_data/symphony_1_3_orch.txt,ecabc983bc69f7cd86b30c934d0fef07cfa504d412a91114e8275e8f2c8b95d3,313732,10992,"{""40"":2350,""41"":1361,""42"":995,""43"":1377,""47"":126,""56"":376,""60"":477,""68"":973,""70"":864,""71"":1115,""73"":978}",3.682177,200.307029,SynthSOD_aligned_scores/SynthSOD_metadata_aligned_all.json|SynthSOD_aligned_scores/SynthSOD_metadata_aligned_train.json,201.86555555555555,,SynthSOD aligned scores v2,10.5281/zenodo.15575778,https://zenodo.org/records/15575778,"tab-separated note events: onset, offset, MIDI pitch, MIDI instrument",Derived from the original MIDI used to synthesize the SynthSOD audio and aligned to that audio; v2 removes notes absent from the render,midi_derived_note_score_aligned_to_synthetic_orchestra_audio,False,False,False,Metadata only in this repository; source dataset terms apply
synthsod-score-d313a8b0ca842d8f9997,symphony_1_4_orch,SynthSOD_aligned_scores/SynthSOD_score_data/symphony_1_4_orch.txt,475158375be1215c9a887c697c30047ce4a13ca2c3637f8617c2613b926104d2,1106702,38736,"{""40"":7924,""41"":5145,""42"":3247,""43"":5795,""47"":365,""56"":976,""60"":1581,""68"":3722,""70"":2886,""71"":3635,""73"":3460}",1.507256,298.890068,SynthSOD_aligned_scores/SynthSOD_metadata_aligned_all.json|SynthSOD_aligned_scores/SynthSOD_metadata_aligned_test.json,299.1024263038549,,SynthSOD aligned scores v2,10.5281/zenodo.15575778,https://zenodo.org/records/15575778,"tab-separated note events: onset, offset, MIDI pitch, MIDI instrument",Derived from the original MIDI used to synthesize the SynthSOD audio and aligned to that audio; v2 removes notes absent from the render,midi_derived_note_score_aligned_to_synthetic_orchestra_audio,False,False,False,Metadata only in this repository; source dataset terms apply
synthsod-score-4c58d96dbc8387b90d63,symphony_2_2_orch,SynthSOD_aligned_scores/SynthSOD_score_data/symphony_2_2_orch.txt,028a5356e571d838d9b0efb41ebb8717a0178200dac00e39be565530a0aa7ab6,1353427,46739,"{""40"":5750,""41"":4993,""42"":4287,""43"":7658,""60"":6000,""68"":3273,""70"":6819,""71"":4756,""73"":3203}",0.795646,786.122404,SynthSOD_aligned_scores/SynthSOD_metadata_aligned_all.json|SynthSOD_aligned_scores/SynthSOD_metadata_aligned_test.json,786.2319727891156,,SynthSOD aligned scores v2,10.5281/zenodo.15575778,https://zenodo.org/records/15575778,"tab-separated note events: onset, offset, MIDI pitch, MIDI instrument",Derived from the original MIDI used to synthesize the SynthSOD audio and aligned to that audio; v2 removes notes absent from the render,midi_derived_note_score_aligned_to_synthetic_orchestra_audio,False,False,False,Metadata only in this repository; source dataset terms apply
synthsod-score-90bbda0649d20d3d2841,symphony_2_3_orch,SynthSOD_aligned_scores/SynthSOD_score_data/symphony_2_3_orch.txt,4cbefd08e6011171047d0ce4756ebb98d4338535c330fb9fe7401af7fcad4b28,562775,19661,"{""40"":4242,""41"":1517,""42"":1399,""43"":2901,""47"":169,""56"":1276,""60"":2185,""68"":1736,""70"":1550,""71"":1546,""73"":1140}",0.765578,224.261224,SynthSOD_aligned_scores/SynthSOD_metadata_aligned_all.json|SynthSOD_aligned_scores/SynthSOD_metadata_aligned_train.json,224.85408163265305,,SynthSOD aligned scores v2,10.5281/zenodo.15575778,https://zenodo.org/records/15575778,"tab-separated note events: onset, offset, MIDI pitch, MIDI instrument",Derived from the original MIDI used to synthesize the SynthSOD audio and aligned to that audio; v2 removes notes absent from the render,midi_derived_note_score_aligned_to_synthetic_orchestra_audio,False,False,False,Metadata only in this repository; source dataset terms apply
synthsod-score-8e4a8599d21f577c308e,symphony_2_4_orch,SynthSOD_aligned_scores/SynthSOD_score_data/symphony_2_4_orch.txt,6cb4367580446be775c00d06e2241d12bab5c7ed9275157148c9779884c79430,1728918,60450,"{""40"":11024,""41"":5065,""42"":4252,""43"":7084,""47"":648,""56"":4379,""60"":7028,""68"":6075,""70"":6040,""71"":3976,""73"":4879}",0.925941,424.544354,SynthSOD_aligned_scores/SynthSOD_metadata_aligned_all.json|SynthSOD_aligned_scores/SynthSOD_metadata_aligned_train.json,426.89083900226757,,SynthSOD aligned scores v2,10.5281/zenodo.15575778,https://zenodo.org/records/15575778,"tab-separated note events: onset, offset, MIDI pitch, MIDI instrument",Derived from the original MIDI used to synthesize the SynthSOD audio and aligned to that audio; v2 removes notes absent from the render,midi_derived_note_score_aligned_to_synthetic_orchestra_audio,False,False,False,Metadata only in this repository; source dataset terms apply
synthsod-score-b93ef8394e4e35e4c79c,symphony_35_385_1_orch,SynthSOD_aligned_scores/SynthSOD_score_data/symphony_35_385_1_orch.txt,b22cfa521535e51a54c6555a8bd3192f1c26023eed615802e436984df01865de,629957,22307,"{""40"":4071,""41"":1715,""42"":1466,""43"":2902,""47"":544,""57"":1470,""60"":2043,""68"":2116,""70"":1799,""71"":2104,""73"":2077}",0.154195,399.297234,SynthSOD_aligned_scores/SynthSOD_metadata_aligned_all.json|SynthSOD_aligned_scores/SynthSOD_metadata_aligned_train.json,399.39337868480726,,SynthSOD aligned scores v2,10.5281/zenodo.15575778,https://zenodo.org/records/15575778,"tab-separated note events: onset, offset, MIDI pitch, MIDI instrument",Derived from the original MIDI used to synthesize the SynthSOD audio and aligned to that audio; v2 removes notes absent from the render,midi_derived_note_score_aligned_to_synthetic_orchestra_audio,False,False,False,Metadata only in this repository; source dataset terms apply
synthsod-score-9c96ef95cab16f4d59cc,symphony_35_385_2_orch,SynthSOD_aligned_scores/SynthSOD_score_data/symphony_35_385_2_orch.txt,4694bc9369edcc8faac235ec677b99c018f191be5d98f44d871e744ca4184eb0,208213,7459,"{""40"":1841,""41"":767,""42"":623,""43"":1303,""60"":852,""68"":1113,""70"":960}",0.104082,195.335782,SynthSOD_aligned_scores/SynthSOD_metadata_aligned_all.json|SynthSOD_aligned_scores/SynthSOD_metadata_aligned_evaluation.json,195.61755102040817,,SynthSOD aligned scores v2,10.5281/zenodo.15575778,https://zenodo.org/records/15575778,"tab-separated note events: onset, offset, MIDI pitch, MIDI instrument",Derived from the original MIDI used to synthesize the SynthSOD audio and aligned to that audio; v2 removes notes absent from the render,midi_derived_note_score_aligned_to_synthetic_orchestra_audio,False,False,False,Metadata only in this repository; source dataset terms apply
synthsod-score-aae5bfd5271f2c2bc983,symphony_35_385_3_orch,SynthSOD_aligned_scores/SynthSOD_score_data/symphony_35_385_3_orch.txt,4dcbc7b60edc092cf9381d0d1ceba09533770de1c6cdb675e162fe5816073bc3,201357,7420,"{""40"":1814,""41"":664,""42"":723,""43"":1442,""47"":134,""57"":265,""60"":659,""68"":918,""70"":801}",0.124127,117.519728,SynthSOD_aligned_scores/SynthSOD_metadata_aligned_all.json|SynthSOD_aligned_scores/SynthSOD_metadata_aligned_train.json,117.60773242630385,,SynthSOD aligned scores v2,10.5281/zenodo.15575778,https://zenodo.org/records/15575778,"tab-separated note events: onset, offset, MIDI pitch, MIDI instrument",Derived from the original MIDI used to synthesize the SynthSOD audio and aligned to that audio; v2 removes notes absent from the render,midi_derived_note_score_aligned_to_synthetic_orchestra_audio,False,False,False,Metadata only in this repository; source dataset terms apply
synthsod-score-e630784031315d19d52a,symphony_35_385_4_orch,SynthSOD_aligned_scores/SynthSOD_score_data/symphony_35_385_4_orch.txt,7831ef2cf979aeeaf5cdb88bfcb4549e5ff6aa29a265794112321ddf382b9c40,428456,15249,"{""40"":3181,""41"":1294,""42"":1308,""43"":2616,""47"":188,""57"":667,""60"":925,""68"":1287,""70"":1123,""71"":1324,""73"":1336}",0.114104,221.956009,SynthSOD_aligned_scores/SynthSOD_metadata_aligned_all.json|SynthSOD_aligned_scores/SynthSOD_metadata_aligned_train.json,224.35569160997733,,SynthSOD aligned scores v2,10.5281/zenodo.15575778,https://zenodo.org/records/15575778,"tab-separated note events: onset, offset, MIDI pitch, MIDI instrument",Derived from the original MIDI used to synthesize the SynthSOD audio and aligned to that audio; v2 removes notes absent from the render,midi_derived_note_score_aligned_to_synthetic_orchestra_audio,False,False,False,Metadata only in this repository; source dataset terms apply
synthsod-score-be132ccf98330eec347f,symphony_38_504_1_orch,SynthSOD_aligned_scores/SynthSOD_score_data/symphony_38_504_1_orch.txt,0085f23935da9d2e321f1f4c875b3ccafbb956bb3534dcb3330fa9f14359f895,1210282,41626,"{""40"":8437,""41"":3730,""42"":2756,""43"":5262,""47"":596,""56"":2527,""60"":5046,""68"":5185,""70"":3605,""73"":4482}",0.164218,598.387664,SynthSOD_aligned_scores/SynthSOD_metadata_aligned_all.json|SynthSOD_aligned_scores/SynthSOD_metadata_aligned_train.json,631.6965306122449,,SynthSOD aligned scores v2,10.5281/zenodo.15575778,https://zenodo.org/records/15575778,"tab-separated note events: onset, offset, MIDI pitch, MIDI instrument",Derived from the original MIDI used to synthesize the SynthSOD audio and aligned to that audio; v2 removes notes absent from the render,midi_derived_note_score_aligned_to_synthetic_orchestra_audio,False,False,False,Metadata only in this repository; source dataset terms apply
synthsod-score-f923ea4d3cb05ed4cb35,symphony_38_504_2_orch,SynthSOD_aligned_scores/SynthSOD_score_data/symphony_38_504_2_orch.txt,1827de2cfaf4846c0099a6f8bba1127cc4df580350857ceb34b4fefb90249686,450095,15525,"{""40"":3224,""41"":1607,""42"":1317,""43"":2626,""60"":1646,""68"":1765,""70"":1811,""73"":1529}",0.104082,463.091565,SynthSOD_aligned_scores/SynthSOD_metadata_aligned_all.json|SynthSOD_aligned_scores/SynthSOD_metadata_aligned_train.json,503.281179138322,,SynthSOD aligned scores v2,10.5281/zenodo.15575778,https://zenodo.org/records/15575778,"tab-separated note events: onset, offset, MIDI pitch, MIDI instrument",Derived from the original MIDI used to synthesize the SynthSOD audio and aligned to that audio; v2 removes notes absent from the render,midi_derived_note_score_aligned_to_synthetic_orchestra_audio,False,False,False,Metadata only in this repository; source dataset terms apply
synthsod-score-5880f86c4cff2079a34b,symphony_38_504_3_orch,SynthSOD_aligned_scores/SynthSOD_score_data/symphony_38_504_3_orch.txt,9ec3df5b6e4271d64b33845830a5e58a378d179eb118d31987e8b396e479dc05,416796,14822,"{""40"":2960,""41"":1216,""42"":892,""43"":1765,""47"":190,""56"":755,""60"":1464,""68"":2221,""70"":1485,""73"":1874}",0.104082,188.069342,SynthSOD_aligned_scores/SynthSOD_metadata_aligned_all.json|SynthSOD_aligned_scores/SynthSOD_metadata_aligned_train.json,188.14607709750567,,SynthSOD aligned scores v2,10.5281/zenodo.15575778,https://zenodo.org/records/15575778,"tab-separated note events: onset, offset, MIDI pitch, MIDI instrument",Derived from the original MIDI used to synthesize the SynthSOD audio and aligned to that audio; v2 removes notes absent from the render,midi_derived_note_score_aligned_to_synthetic_orchestra_audio,False,False,False,Metadata only in this repository; source dataset terms apply
synthsod-score-e6d32726f1f02550881b,symphony_3_3_orch,SynthSOD_aligned_scores/SynthSOD_score_data/symphony_3_3_orch.txt,b966b9acdbf3550a17c2077ae2a8bd31b8100268d0d65a7a50b8e249cd34653d,942880,32789,"{""40"":4008,""41"":3549,""42"":2495,""43"":4397,""47"":366,""56"":1376,""60"":4450,""68"":2306,""70"":3841,""71"":3828,""73"":2173}",0.956009,388.011701,SynthSOD_aligned_scores/SynthSOD_metadata_aligned_all.json|SynthSOD_aligned_scores/SynthSOD_metadata_aligned_train.json,465.5002494331066,,SynthSOD aligned scores v2,10.5281/zenodo.15575778,https://zenodo.org/records/15575778,"tab-separated note events: onset, offset, MIDI pitch, MIDI instrument",Derived from the original MIDI used to synthesize the SynthSOD audio and aligned to that audio; v2 removes notes absent from the render,midi_derived_note_score_aligned_to_synthetic_orchestra_audio,False,False,False,Metadata only in this repository; source dataset terms apply
synthsod-score-5f38a3967c1cd9549d32,symphony_3_4_orch,SynthSOD_aligned_scores/SynthSOD_score_data/symphony_3_4_orch.txt,bd03360c2b78fd4a1272d49bc1dc4a08541042f5c196c638ddd9c8833c7cd284,3286434,114538,"{""40"":16764,""41"":9631,""42"":7539,""43"":13836,""47"":1655,""56"":7274,""60"":17153,""68"":10780,""70"":9614,""71"":11372,""73"":8920}",1.186531,531.797007,SynthSOD_aligned_scores/SynthSOD_metadata_aligned_all.json|SynthSOD_aligned_scores/SynthSOD_metadata_aligned_train.json,531.8832879818594,,SynthSOD aligned scores v2,10.5281/zenodo.15575778,https://zenodo.org/records/15575778,"tab-separated note events: onset, offset, MIDI pitch, MIDI instrument",Derived from the original MIDI used to synthesize the SynthSOD audio and aligned to that audio; v2 removes notes absent from the render,midi_derived_note_score_aligned_to_synthetic_orchestra_audio,False,False,False,Metadata only in this repository; source dataset terms apply
synthsod-score-6eb34a5af368a6d10d02,symphony_41_551_2_orch,SynthSOD_aligned_scores/SynthSOD_score_data/symphony_41_551_2_orch.txt,8697ee973cd2463f3560a759e57b4ab4d78252e4b1d19467e6e5e23911843283,505511,17600,"{""40"":3632,""41"":1549,""42"":1352,""43"":2684,""60"":2063,""68"":2294,""70"":2795,""73"":1231}",1.457143,450.954104,SynthSOD_aligned_scores/SynthSOD_metadata_aligned_all.json|SynthSOD_aligned_scores/SynthSOD_metadata_aligned_train.json,457.07802721088433,,SynthSOD aligned scores v2,10.5281/zenodo.15575778,https://zenodo.org/records/15575778,"tab-separated note events: onset, offset, MIDI pitch, MIDI instrument",Derived from the original MIDI used to synthesize the SynthSOD audio and aligned to that audio; v2 removes notes absent from the render,midi_derived_note_score_aligned_to_synthetic_orchestra_audio,False,False,False,Metadata only in this repository; source dataset terms apply
synthsod-score-72737289c8015c07b973,symphony_41_551_3_orch,SynthSOD_aligned_scores/SynthSOD_score_data/symphony_41_551_3_orch.txt,2441cf57d6ec00e8be2fc87d0e56f38cfd8bfcba35e98729592c3b3778fc03f0,194770,7023,"{""40"":1657,""41"":559,""42"":469,""43"":742,""47"":85,""56"":391,""60"":1132,""68"":956,""70"":498,""73"":534}",1.306803,147.728073,SynthSOD_aligned_scores/SynthSOD_metadata_aligned_all.json|SynthSOD_aligned_scores/SynthSOD_metadata_aligned_train.json,149.02267573696145,,SynthSOD aligned scores v2,10.5281/zenodo.15575778,https://zenodo.org/records/15575778,"tab-separated note events: onset, offset, MIDI pitch, MIDI instrument",Derived from the original MIDI used to synthesize the SynthSOD audio and aligned to that audio; v2 removes notes absent from the render,midi_derived_note_score_aligned_to_synthetic_orchestra_audio,False,False,False,Metadata only in this repository; source dataset terms apply
synthsod-score-0f367abbae0531d4e44a,symphony_41_551_4_orch,SynthSOD_aligned_scores/SynthSOD_score_data/symphony_41_551_4_orch.txt,2e468d2f9b9819cd89ee8a0d43a180268fbd24d663fe379e2308b0de9659d887,1431849,49803,"{""40"":8571,""41"":4094,""42"":4112,""43"":7884,""47"":994,""56"":4379,""60"":5123,""68"":6031,""70"":4904,""73"":3711}",0.094059,591.171338,SynthSOD_aligned_scores/SynthSOD_metadata_aligned_all.json|SynthSOD_aligned_scores/SynthSOD_metadata_aligned_train.json,591.2728571428571,,SynthSOD aligned scores v2,10.5281/zenodo.15575778,https://zenodo.org/records/15575778,"tab-separated note events: onset, offset, MIDI pitch, MIDI instrument",Derived from the original MIDI used to synthesize the SynthSOD audio and aligned to that audio; v2 removes notes absent from the render,midi_derived_note_score_aligned_to_synthetic_orchestra_audio,False,False,False,Metadata only in this repository; source dataset terms apply
synthsod-score-8fc274502f5b1c1b27c0,symphony_4_2_orch,SynthSOD_aligned_scores/SynthSOD_score_data/symphony_4_2_orch.txt,609e8897621801ffa88991b7b17692afa0fb70e44beb1f6d049ce3451493c99f,1046400,36341,"{""40"":3489,""41"":3528,""42"":3414,""43"":6807,""60"":3074,""68"":4385,""70"":2969,""71"":4284,""73"":4391}",1.216599,551.902494,SynthSOD_aligned_scores/SynthSOD_metadata_aligned_all.json|SynthSOD_aligned_scores/SynthSOD_metadata_aligned_train.json,552.0084807256236,,SynthSOD aligned scores v2,10.5281/zenodo.15575778,https://zenodo.org/records/15575778,"tab-separated note events: onset, offset, MIDI pitch, MIDI instrument",Derived from the original MIDI used to synthesize the SynthSOD audio and aligned to that audio; v2 removes notes absent from the render,midi_derived_note_score_aligned_to_synthetic_orchestra_audio,False,False,False,Metadata only in this repository; source dataset terms apply
synthsod-score-08ced4c7987786233e97,symphony_4_3_orch,SynthSOD_aligned_scores/SynthSOD_score_data/symphony_4_3_orch.txt,678765e191b51bed3dcc34da0feef0cb16f22fd2a43b01dd542040b9d0923486,513519,18272,"{""40"":3325,""41"":1783,""42"":1613,""43"":3266,""47"":243,""56"":465,""60"":741,""68"":2185,""70"":1439,""71"":1402,""73"":1810}",1.016145,210.249524,SynthSOD_aligned_scores/SynthSOD_metadata_aligned_all.json|SynthSOD_aligned_scores/SynthSOD_metadata_aligned_train.json,210.3478231292517,,SynthSOD aligned scores v2,10.5281/zenodo.15575778,https://zenodo.org/records/15575778,"tab-separated note events: onset, offset, MIDI pitch, MIDI instrument",Derived from the original MIDI used to synthesize the SynthSOD audio and aligned to that audio; v2 removes notes absent from the render,midi_derived_note_score_aligned_to_synthetic_orchestra_audio,False,False,False,Metadata only in this repository; source dataset terms apply
synthsod-score-cef7245b053448c5b710,symphony_5_3_orch,SynthSOD_aligned_scores/SynthSOD_score_data/symphony_5_3_orch.txt,050305f7e98b898c34824ec6dd2b9d1573bc77e1201fde9491a033d5d0b43eaa,710924,24938,"{""40"":5177,""41"":2384,""42"":2262,""43"":4502,""60"":2720,""68"":2910,""70"":3202,""73"":1781}",1.537324,266.376508,SynthSOD_aligned_scores/SynthSOD_metadata_aligned_all.json|SynthSOD_aligned_scores/SynthSOD_metadata_aligned_train.json,266.8644444444444,,SynthSOD aligned scores v2,10.5281/zenodo.15575778,https://zenodo.org/records/15575778,"tab-separated note events: onset, offset, MIDI pitch, MIDI instrument",Derived from the original MIDI used to synthesize the SynthSOD audio and aligned to that audio; v2 removes notes absent from the render,midi_derived_note_score_aligned_to_synthetic_orchestra_audio,False,False,False,Metadata only in this repository; source dataset terms apply
synthsod-score-e2f4fb5ec35beb3b9883,symphony_6_1_orch,SynthSOD_aligned_scores/SynthSOD_score_data/symphony_6_1_orch.txt,2c67f511b2fb84a3f5a3945aac548600d4055f59178a6689afedd5f7093cac17,1289698,44604,"{""40"":7413,""41"":3642,""42"":2764,""43"":5430,""47"":728,""56"":2542,""60"":3976,""68"":4674,""70"":3153,""71"":4958,""73"":5324}",1.817959,564.962041,SynthSOD_aligned_scores/SynthSOD_metadata_aligned_all.json|SynthSOD_aligned_scores/SynthSOD_metadata_aligned_train.json,565.0469841269842,,SynthSOD aligned scores v2,10.5281/zenodo.15575778,https://zenodo.org/records/15575778,"tab-separated note events: onset, offset, MIDI pitch, MIDI instrument",Derived from the original MIDI used to synthesize the SynthSOD audio and aligned to that audio; v2 removes notes absent from the render,midi_derived_note_score_aligned_to_synthetic_orchestra_audio,False,False,False,Metadata only in this repository; source dataset terms apply
synthsod-score-7d8f67cac0b132b9811f,symphony_6_2_orch,SynthSOD_aligned_scores/SynthSOD_score_data/symphony_6_2_orch.txt,c4092e85291e6785cfc663dd71f9c1de2d3e2667d252d94de9952d003f0e8c82,1201666,41413,"{""40"":7994,""41"":4373,""42"":2523,""43"":5062,""47"":549,""56"":1299,""60"":3466,""68"":4180,""70"":3348,""71"":4289,""73"":4330}",1.156463,388.332426,SynthSOD_aligned_scores/SynthSOD_metadata_aligned_all.json|SynthSOD_aligned_scores/SynthSOD_metadata_aligned_train.json,412.38043083900226,,SynthSOD aligned scores v2,10.5281/zenodo.15575778,https://zenodo.org/records/15575778,"tab-separated note events: onset, offset, MIDI pitch, MIDI instrument",Derived from the original MIDI used to synthesize the SynthSOD audio and aligned to that audio; v2 removes notes absent from the render,midi_derived_note_score_aligned_to_synthetic_orchestra_audio,False,False,False,Metadata only in this repository; source dataset terms apply
synthsod-score-012a2db98bbdcf584d4b,symphony_6_3_orch,SynthSOD_aligned_scores/SynthSOD_score_data/symphony_6_3_orch.txt,9eacc15fcc17ed64a4a859252390a57264fc4c4ab35dd8bc3f63f4b577a23a03,772365,26659,"{""40"":2191,""41"":1553,""42"":1493,""43"":2946,""47"":376,""56"":1672,""60"":3090,""68"":3537,""70"":1809,""71"":4057,""73"":3935}",0.364671,416.295692,SynthSOD_aligned_scores/SynthSOD_metadata_aligned_all.json|SynthSOD_aligned_scores/SynthSOD_metadata_aligned_train.json,416.39122448979595,,SynthSOD aligned scores v2,10.5281/zenodo.15575778,https://zenodo.org/records/15575778,"tab-separated note events: onset, offset, MIDI pitch, MIDI instrument",Derived from the original MIDI used to synthesize the SynthSOD audio and aligned to that audio; v2 removes notes absent from the render,midi_derived_note_score_aligned_to_synthetic_orchestra_audio,False,False,False,Metadata only in this repository; source dataset terms apply
synthsod-score-cbe4a79c0ae6c0ee4100,symphony_6_4_orch,SynthSOD_aligned_scores/SynthSOD_score_data/symphony_6_4_orch.txt,9ee48cf12ac89d8a5e6253eea55188ba684ac9508f9103a0401efae7194ab6f3,2322721,80182,"{""40"":7612,""41"":6133,""42"":5441,""43"":10885,""47"":1054,""56"":2943,""60"":6807,""68"":10209,""70"":9248,""71"":9977,""73"":9873}",1.036190,629.097143,SynthSOD_aligned_scores/SynthSOD_metadata_aligned_all.json|SynthSOD_aligned_scores/SynthSOD_metadata_aligned_train.json,629.1943990929706,,SynthSOD aligned scores v2,10.5281/zenodo.15575778,https://zenodo.org/records/15575778,"tab-separated note events: onset, offset, MIDI pitch, MIDI instrument",Derived from the original MIDI used to synthesize the SynthSOD audio and aligned to that audio; v2 removes notes absent from the render,midi_derived_note_score_aligned_to_synthetic_orchestra_audio,False,False,False,Metadata only in this repository; source dataset terms apply
synthsod-score-4a5c0f0e3bd48de9a4e7,symphony_6_5_orch,SynthSOD_aligned_scores/SynthSOD_score_data/symphony_6_5_orch.txt,39f6203ed29dcef8c8425baad5a99738fc46d9f03e5dc77101baae8e0cb6689f,1240627,43036,"{""40"":6443,""41"":3588,""42"":2637,""43"":3719,""56"":2032,""57"":1212,""60"":4485,""68"":3756,""70"":6077,""71"":5599,""73"":3488}",0.094059,505.256961,SynthSOD_aligned_scores/SynthSOD_metadata_aligned_all.json|SynthSOD_aligned_scores/SynthSOD_metadata_aligned_evaluation.json,512.1960090702947,,SynthSOD aligned scores v2,10.5281/zenodo.15575778,https://zenodo.org/records/15575778,"tab-separated note events: onset, offset, MIDI pitch, MIDI instrument",Derived from the original MIDI used to synthesize the SynthSOD audio and aligned to that audio; v2 removes notes absent from the render,midi_derived_note_score_aligned_to_synthetic_orchestra_audio,False,False,False,Metadata only in this repository; source dataset terms apply
synthsod-score-746eb7241e3060026927,symphony_94_1_orch,SynthSOD_aligned_scores/SynthSOD_score_data/symphony_94_1_orch.txt,7d1444ce261d9a93723283b24db3cf4bcea3996389d5958e2c2086348fdb8bab,1884262,64994,"{""40"":12376,""41"":6213,""42"":5496,""43"":11568,""47"":1527,""56"":4173,""60"":6428,""68"":7727,""70"":5114,""73"":4372}",2.279002,543.493469,SynthSOD_aligned_scores/SynthSOD_metadata_aligned_all.json|SynthSOD_aligned_scores/SynthSOD_metadata_aligned_train.json,545.7323582766439,,SynthSOD aligned scores v2,10.5281/zenodo.15575778,https://zenodo.org/records/15575778,"tab-separated note events: onset, offset, MIDI pitch, MIDI instrument",Derived from the original MIDI used to synthesize the SynthSOD audio and aligned to that audio; v2 removes notes absent from the render,midi_derived_note_score_aligned_to_synthetic_orchestra_audio,False,False,False,Metadata only in this repository; source dataset terms apply
synthsod-score-8c38fe727d11efb5542c,symphony_94_2_orch,SynthSOD_aligned_scores/SynthSOD_score_data/symphony_94_2_orch.txt,78ee4105a806fae85022112d6d0bacb0e6bbc4372e48c09a9873c8f36efcb999,503516,17276,"{""40"":2719,""41"":2049,""42"":1766,""43"":3344,""47"":421,""56"":968,""60"":1241,""68"":2193,""70"":1226,""73"":1349}",1.577415,318.073469,SynthSOD_aligned_scores/SynthSOD_metadata_aligned_all.json|SynthSOD_aligned_scores/SynthSOD_metadata_aligned_train.json,320.4772335600907,,SynthSOD aligned scores v2,10.5281/zenodo.15575778,https://zenodo.org/records/15575778,"tab-separated note events: onset, offset, MIDI pitch, MIDI instrument",Derived from the original MIDI used to synthesize the SynthSOD audio and aligned to that audio; v2 removes notes absent from the render,midi_derived_note_score_aligned_to_synthetic_orchestra_audio,False,False,False,Metadata only in this repository; source dataset terms apply
synthsod-score-8157af29d5d89b7e4ee0,symphony_94_3_orch,SynthSOD_aligned_scores/SynthSOD_score_data/symphony_94_3_orch.txt,517fdc7d007ed4033ba5430fff2440f4452b5db92bea9635e974662cdbe9701b,419241,14728,"{""40"":3782,""41"":1285,""42"":1051,""43"":1740,""47"":314,""56"":829,""60"":1188,""68"":1668,""70"":1830,""73"":1041}",2.178776,250.961633,SynthSOD_aligned_scores/SynthSOD_metadata_aligned_all.json|SynthSOD_aligned_scores/SynthSOD_metadata_aligned_train.json,252.15716553287982,,SynthSOD aligned scores v2,10.5281/zenodo.15575778,https://zenodo.org/records/15575778,"tab-separated note events: onset, offset, MIDI pitch, MIDI instrument",Derived from the original MIDI used to synthesize the SynthSOD audio and aligned to that audio; v2 removes notes absent from the render,midi_derived_note_score_aligned_to_synthetic_orchestra_audio,False,False,False,Metadata only in this repository; source dataset terms apply
synthsod-score-5a0e60f866a5d214ced5,symphony_94_4_orch,SynthSOD_aligned_scores/SynthSOD_score_data/symphony_94_4_orch.txt,489346a9594611deb0340ee2cf9e403b51768929858b6a1f1571c0658ba30b98,760505,26483,"{""40"":2872,""41"":2532,""42"":2367,""43"":4641,""47"":601,""56"":1406,""60"":2541,""68"":3945,""70"":2936,""73"":2642}",1.366939,249.358005,SynthSOD_aligned_scores/SynthSOD_metadata_aligned_all.json|SynthSOD_aligned_scores/SynthSOD_metadata_aligned_train.json,249.6030612244898,,SynthSOD aligned scores v2,10.5281/zenodo.15575778,https://zenodo.org/records/15575778,"tab-separated note events: onset, offset, MIDI pitch, MIDI instrument",Derived from the original MIDI used to synthesize the SynthSOD audio and aligned to that audio; v2 removes notes absent from the render,midi_derived_note_score_aligned_to_synthetic_orchestra_audio,False,False,False,Metadata only in this repository; source dataset terms apply
synthsod-score-b199096948ef74fa7f95,symphony_c_1_orch,SynthSOD_aligned_scores/SynthSOD_score_data/symphony_c_1_orch.txt,e030b3e7285eee2e1139ad6d4ef2ec60618e2dc5142905cede160f898e355e9b,1759904,61032,"{""40"":5845,""41"":8597,""42"":3537,""43"":6675,""47"":218,""56"":3844,""60"":11339,""68"":4331,""70"":5678,""71"":5977,""73"":4991}",0.535057,609.302358,SynthSOD_aligned_scores/SynthSOD_metadata_aligned_all.json|SynthSOD_aligned_scores/SynthSOD_metadata_aligned_train.json,611.3683900226757,,SynthSOD aligned scores v2,10.5281/zenodo.15575778,https://zenodo.org/records/15575778,"tab-separated note events: onset, offset, MIDI pitch, MIDI instrument",Derived from the original MIDI used to synthesize the SynthSOD audio and aligned to that audio; v2 removes notes absent from the render,midi_derived_note_score_aligned_to_synthetic_orchestra_audio,False,False,False,Metadata only in this repository; source dataset terms apply
synthsod-score-8c2b1a289a7436e3f8ac,symphony_c_3_orch,SynthSOD_aligned_scores/SynthSOD_score_data/symphony_c_3_orch.txt,6088ed8a69aff95185c0497b4dbc29e304f04e8f48948df64caf613170accc9a,1464496,50800,"{""40"":7271,""41"":4287,""42"":3128,""43"":4048,""47"":513,""56"":1728,""60"":6923,""68"":5214,""70"":6150,""71"":6057,""73"":5481}",0.835737,503.663356,SynthSOD_aligned_scores/SynthSOD_metadata_aligned_all.json|SynthSOD_aligned_scores/SynthSOD_metadata_aligned_train.json,504.6142403628118,,SynthSOD aligned scores v2,10.5281/zenodo.15575778,https://zenodo.org/records/15575778,"tab-separated note events: onset, offset, MIDI pitch, MIDI instrument",Derived from the original MIDI used to synthesize the SynthSOD audio and aligned to that audio; v2 removes notes absent from the render,midi_derived_note_score_aligned_to_synthetic_orchestra_audio,False,False,False,Metadata only in this repository; source dataset terms apply
synthsod-score-74312328f4d8379c733c,symphony_c_4_orch,SynthSOD_aligned_scores/SynthSOD_score_data/symphony_c_4_orch.txt,3f2555a05ee68e7b2a2cd7dcaadc0881503b92a2100195b29c6c79bef2bec7b4,2248865,78301,"{""40"":6308,""41"":7558,""42"":4816,""43"":9112,""47"":503,""56"":3564,""60"":12310,""68"":7565,""70"":8887,""71"":9043,""73"":8635}",0.956009,527.346939,SynthSOD_aligned_scores/SynthSOD_metadata_aligned_all.json|SynthSOD_aligned_scores/SynthSOD_metadata_aligned_train.json,528.8009523809524,,SynthSOD aligned scores v2,10.5281/zenodo.15575778,https://zenodo.org/records/15575778,"tab-separated note events: onset, offset, MIDI pitch, MIDI instrument",Derived from the original MIDI used to synthesize the SynthSOD audio and aligned to that audio; v2 removes notes absent from the render,midi_derived_note_score_aligned_to_synthetic_orchestra_audio,False,False,False,Metadata only in this repository; source dataset terms apply
synthsod-score-6806baff4a100e60784f,thyrsis_sleepest_thou_orch,SynthSOD_aligned_scores/SynthSOD_score_data/thyrsis_sleepest_thou_orch.txt,828106f54f7830ff4c9288bfa140fb58d497b7f5f74d5a473f41b13b276d3c34,52502,1891,"{""56"":644,""57"":1247}",0.154195,93.926349,SynthSOD_aligned_scores/SynthSOD_metadata_aligned_all.json|SynthSOD_aligned_scores/SynthSOD_metadata_aligned_train.json,94.02009070294784,,SynthSOD aligned scores v2,10.5281/zenodo.15575778,https://zenodo.org/records/15575778,"tab-separated note events: onset, offset, MIDI pitch, MIDI instrument",Derived from the original MIDI used to synthesize the SynthSOD audio and aligned to that audio; v2 removes notes absent from the render,midi_derived_note_score_aligned_to_synthetic_orchestra_audio,False,False,False,Metadata only in this repository; source dataset terms apply
synthsod-score-2bc8a1602ec6d17acdca,trumpet_tune_orch,SynthSOD_aligned_scores/SynthSOD_score_data/trumpet_tune_orch.txt,4b5e5577e65743726769cadec9eda997b874bf78fe04f03efdc002caf9850d88,85682,2966,"{""56"":872,""57"":2094}",0.094059,135.450295,SynthSOD_aligned_scores/SynthSOD_metadata_aligned_all.json|SynthSOD_aligned_scores/SynthSOD_metadata_aligned_test.json,135.53444444444443,,SynthSOD aligned scores v2,10.5281/zenodo.15575778,https://zenodo.org/records/15575778,"tab-separated note events: onset, offset, MIDI pitch, MIDI instrument",Derived from the original MIDI used to synthesize the SynthSOD audio and aligned to that audio; v2 removes notes absent from the render,midi_derived_note_score_aligned_to_synthetic_orchestra_audio,False,False,False,Metadata only in this repository; source dataset terms apply
synthsod-score-be733f2a2b1051cef11c,verbum_caro_factum_est_orch,SynthSOD_aligned_scores/SynthSOD_score_data/verbum_caro_factum_est_orch.txt,269168dda6b888f0afd24671fc23c0da2880c7c0fab41d6daa2c8333502de6ab,8064,273,"{""56"":91,""57"":182}",0.114104,38.360635,SynthSOD_aligned_scores/SynthSOD_metadata_aligned_all.json|SynthSOD_aligned_scores/SynthSOD_metadata_aligned_test.json,38.523219954648525,,SynthSOD aligned scores v2,10.5281/zenodo.15575778,https://zenodo.org/records/15575778,"tab-separated note events: onset, offset, MIDI pitch, MIDI instrument",Derived from the original MIDI used to synthesize the SynthSOD audio and aligned to that audio; v2 removes notes absent from the render,midi_derived_note_score_aligned_to_synthetic_orchestra_audio,False,False,False,Metadata only in this repository; source dataset terms apply
synthsod-score-06fed408dbe7fab0f80d,voluntary_d_orch,SynthSOD_aligned_scores/SynthSOD_score_data/voluntary_d_orch.txt,607a5f5204d0fe0b39a40f8db7f051c792bb94c6b87b7b21f9779eb08130b315,132439,4589,"{""56"":1153,""57"":3436}",1.086304,188.931293,SynthSOD_aligned_scores/SynthSOD_metadata_aligned_all.json|SynthSOD_aligned_scores/SynthSOD_metadata_aligned_evaluation.json,189.00664399092972,,SynthSOD aligned scores v2,10.5281/zenodo.15575778,https://zenodo.org/records/15575778,"tab-separated note events: onset, offset, MIDI pitch, MIDI instrument",Derived from the original MIDI used to synthesize the SynthSOD audio and aligned to that audio; v2 removes notes absent from the render,midi_derived_note_score_aligned_to_synthetic_orchestra_audio,False,False,False,Metadata only in this repository; source dataset terms apply
synthsod-score-2eac6d5ffa8258c415d0,weep_o_mine_eyes_orch,SynthSOD_aligned_scores/SynthSOD_score_data/weep_o_mine_eyes_orch.txt,6e8cf0025ae1a45ee2d533c7ce1d43e38f3b807912d92cef399b84d25a6c50ae,33430,1177,"{""56"":362,""57"":815}",5.496281,139.419274,SynthSOD_aligned_scores/SynthSOD_metadata_aligned_all.json|SynthSOD_aligned_scores/SynthSOD_metadata_aligned_test.json,139.50972789115647,,SynthSOD aligned scores v2,10.5281/zenodo.15575778,https://zenodo.org/records/15575778,"tab-separated note events: onset, offset, MIDI pitch, MIDI instrument",Derived from the original MIDI used to synthesize the SynthSOD audio and aligned to that audio; v2 removes notes absent from the render,midi_derived_note_score_aligned_to_synthetic_orchestra_audio,False,False,False,Metadata only in this repository; source dataset terms apply
synthsod-score-28a7c57b579e856469c9,what_harvest_half_so_sweet_is_orch,SynthSOD_aligned_scores/SynthSOD_score_data/what_harvest_half_so_sweet_is_orch.txt,59882fdb6f4c84f169636f7ae4174a2b9a9f601387fbe2281e80a030baadbaf0,36094,1275,"{""56"":319,""57"":956}",1.046213,52.482585,SynthSOD_aligned_scores/SynthSOD_metadata_aligned_all.json|SynthSOD_aligned_scores/SynthSOD_metadata_aligned_train.json,56.63646258503401,,SynthSOD aligned scores v2,10.5281/zenodo.15575778,https://zenodo.org/records/15575778,"tab-separated note events: onset, offset, MIDI pitch, MIDI instrument",Derived from the original MIDI used to synthesize the SynthSOD audio and aligned to that audio; v2 removes notes absent from the render,midi_derived_note_score_aligned_to_synthetic_orchestra_audio,False,False,False,Metadata only in this repository; source dataset terms apply
